# Ensure build layout
# Check configuration tokens
# Preparing build
# Check requirements for android
# Search for Git (git)
#  -> found at /home/babak/bin/git
# Search for Cython (cython)
#  -> found at /home/babak/.local/bin/cython
# Search for Java compiler (javac)
#  -> found at /usr/bin/javac
# Search for Java keytool (keytool)
#  -> found at /usr/bin/keytool
# Install platform
# Run '/usr/bin/python3 -m pip install -q --user appdirs colorama>=0.3.3 jinja2 sh>=1.10, <2.0; sys_platform!="win32" build toml packaging setuptools' ...
# Cwd None

[notice] A new release of pip is available: 26.1.2 -> 26.2.1
[notice] To update, run: python3 -m pip install --upgrade pip
# Apache ANT found at /home/babak/.buildozer/android/platform/apache-ant-1.9.4
# Android SDK found at /home/babak/.buildozer/android/platform/android-sdk
# Recommended android's NDK version by p4a is: 25b
# Android NDK found at /home/babak/.buildozer/android/platform/android-ndk-r27c
# Run '/usr/bin/python3 -m pythonforandroid.toolchain aab -h --color=always --storage-dir=/home/babak/abg_analyzer_pro/.buildozer/android/platform/build-arm64-v8a --ndk-api=24 --ignore-setup-py --debug' ...
# Cwd /home/babak/abg_analyzer_pro/.buildozer/android/platform/python-for-android
# Check application requirements
# Compile platform
# Run '/usr/bin/python3 -m pythonforandroid.toolchain create --dist_name=abganalyzer --bootstrap=sdl2 --requirements=python3==3.11.5,kivy==2.2.1 --arch=arm64-v8a --copy-libs --color=always --storage-dir=/home/babak/abg_analyzer_pro/.buildozer/android/platform/build-arm64-v8a --ndk-api=24 --ignore-setup-py --debug' ...
# Cwd /home/babak/abg_analyzer_pro/.buildozer/android/platform/python-for-android
[WARNING]: prerequisites.py is experimental and does not support all prerequisites yet.
[WARNING]: Please report any issues to the python-for-android issue tracker.
[WARNING]: prerequisites.py is experimental and does not support all prerequisites yet.
[WARNING]: Please report any issues to the python-for-android issue tracker.
[1m[INFO][0m:    Recipe python3: version "3.11.5" requested
[1m[INFO][0m:    Recipe kivy: version "2.2.1" requested
[1m[INFO][0m:    Will compile for the following archs: arm64-v8a
[1m[INFO][0m:    Found Android API target in $ANDROIDAPI: 34
[1m[INFO][0m:    Available Android APIs are (34)
[1m[INFO][0m:    Requested API target 34 is available, continuing.
[1m[INFO][0m:    Found NDK dir in $ANDROIDNDK: /home/babak/.buildozer/android/platform/android-ndk-r27c
[1m[INFO][0m:    Found NDK version 27c
[1m[31m[WARNING][39m[0m: Maximum recommended NDK version is 25b, but newer versions may work.
[1m[31m[WARNING][39m[0m: Newer NDKs may not be fully supported by p4a.
[1m[INFO][0m:    Getting NDK API version (i.e. minimum supported API) from user argument
[1m[90m[DEBUG][39m[0m:   All possible dists: []
[1m[90m[DEBUG][39m[0m:   Dist matching name and arch: []
[1m[90m[DEBUG][39m[0m:   Dist matching ndk_api and recipe: []
[1m[INFO][0m:    No existing dists meet the given requirements!
[1m[90m[DEBUG][39m[0m:   Remove directory and subdirectory /home/babak/abg_analyzer_pro/.buildozer/android/platform/build-arm64-v8a/dists/abganalyzer
[1m[INFO][0m:    [1m[94mNo dist exists that meets your requirements, so one will be built.[0m
[1m[INFO][0m:    Found a single valid recipe set: ['hostpython3', 'libffi', 'openssl', 'sdl2_image', 'sdl2_mixer', 'sdl2_ttf', 'sqlite3', 'python3', 'sdl2', 'setuptools', 'six', 'pyjnius', 'android', 'kivy']
[1m[INFO][0m:    The selected bootstrap is sdl2
[1m[INFO][0m:    [1m[32m# Creating dist with sdl2 bootstrap[0m[39m
[1m[INFO][0m:    [1m[94mDist will have name abganalyzer and requirements (python3, kivy)[0m
[1m[INFO][0m:    Dist contains the following requirements as recipes: ['hostpython3', 'libffi', 'openssl', 'sdl2_image', 'sdl2_mixer', 'sdl2_ttf', 'sqlite3', 'python3', 'sdl2', 'setuptools', 'six', 'pyjnius', 'android', 'kivy']
[1m[INFO][0m:    Dist will also contain modules (idna, urllib3, chardet, certifi, requests) installed from pip
[1m[INFO][0m:    Dist will be build in mode debug
[1m[INFO][0m:    [36m-> directory context /home/babak/abg_analyzer_pro/.buildozer/android/platform/build-arm64-v8a/build/bootstrap_builds/sdl2[39m
[1m[INFO][0m:    [36m<- directory context /home/babak/abg_analyzer_pro/.buildozer/android/platform/python-for-android[39m
[1m[90m[DEBUG][39m[0m:   Create directory /home/babak/abg_analyzer_pro/.buildozer/android/platform/build-arm64-v8a/dists/abganalyzer
[1m[INFO][0m:    [1m[94mRecipe build order is ['hostpython3', 'libffi', 'openssl', 'sdl2_image', 'sdl2_mixer', 'sdl2_ttf', 'sqlite3', 'python3', 'sdl2', 'setuptools', 'six', 'pyjnius', 'android', 'kivy'][0m
[1m[INFO][0m:    [1m[94mThe requirements (certifi, chardet, idna, requests, urllib3) were not found as recipes, they will be installed with pip.[0m
[1m[INFO][0m:    [1m[32m# Downloading recipes [0m[39m
[1m[INFO][0m:    [1m[32mDownloading hostpython3[0m[39m
[1m[INFO][0m:    [36m-> directory context /home/babak/abg_analyzer_pro/.buildozer/android/platform/build-arm64-v8a/packages/hostpython3[39m
[1m[90m[DEBUG][39m[0m:   [90m->[0m running basename https://www.python.org/ftp/python/3.11.5/Python-3.11.5.tgz[0m
[1m[90m[DEBUG][39m[0m:   	Python-3.11.5.tgz
[1m[INFO][0m:    hostpython3 download already cached, skipping
[1m[INFO][0m:    [36m<- directory context /home/babak/abg_analyzer_pro/.buildozer/android/platform/python-for-android[39m
[1m[INFO][0m:    [1m[32mDownloading libffi[0m[39m
[1m[INFO][0m:    [36m-> directory context /home/babak/abg_analyzer_pro/.buildozer/android/platform/build-arm64-v8a/packages/libffi[39m
[1m[90m[DEBUG][39m[0m:   [90m->[0m running basename https://github.com/libffi/libffi/archive/v3.4.2.tar.gz[0m
[1m[90m[DEBUG][39m[0m:   	v3.4.2.tar.gz
[1m[INFO][0m:    libffi download already cached, skipping
[1m[INFO][0m:    [36m<- directory context /home/babak/abg_analyzer_pro/.buildozer/android/platform/python-for-android[39m
[1m[INFO][0m:    [1m[32mDownloading openssl[0m[39m
[1m[INFO][0m:    [36m-> directory context /home/babak/abg_analyzer_pro/.buildozer/android/platform/build-arm64-v8a/packages/openssl[39m
[1m[90m[DEBUG][39m[0m:   [90m->[0m running basename https://www.openssl.org/source/openssl-1.1.1w.tar.gz[0m
[1m[90m[DEBUG][39m[0m:   	openssl-1.1.1w.tar.gz
[1m[INFO][0m:    openssl download already cached, skipping
[1m[INFO][0m:    [36m<- directory context /home/babak/abg_analyzer_pro/.buildozer/android/platform/python-for-android[39m
[1m[INFO][0m:    [1m[32mDownloading sdl2_image[0m[39m
[1m[INFO][0m:    [36m-> directory context /home/babak/abg_analyzer_pro/.buildozer/android/platform/build-arm64-v8a/packages/sdl2_image[39m
[1m[90m[DEBUG][39m[0m:   [90m->[0m running basename https://github.com/libsdl-org/SDL_image/releases/download/release-2.8.0/SDL2_image-2.8.0.tar.gz[0m
[1m[90m[DEBUG][39m[0m:   	SDL2_image-2.8.0.tar.gz
[1m[INFO][0m:    sdl2_image download already cached, skipping
[1m[INFO][0m:    [36m<- directory context /home/babak/abg_analyzer_pro/.buildozer/android/platform/python-for-android[39m
[1m[INFO][0m:    [1m[32mDownloading sdl2_mixer[0m[39m
[1m[INFO][0m:    [36m-> directory context /home/babak/abg_analyzer_pro/.buildozer/android/platform/build-arm64-v8a/packages/sdl2_mixer[39m
[1m[90m[DEBUG][39m[0m:   [90m->[0m running basename https://github.com/libsdl-org/SDL_mixer/releases/download/release-2.6.3/SDL2_mixer-2.6.3.tar.gz[0m
[1m[90m[DEBUG][39m[0m:   	SDL2_mixer-2.6.3.tar.gz
[1m[INFO][0m:    sdl2_mixer download already cached, skipping
[1m[INFO][0m:    [36m<- directory context /home/babak/abg_analyzer_pro/.buildozer/android/platform/python-for-android[39m
[1m[INFO][0m:    [1m[32mDownloading sdl2_ttf[0m[39m
[1m[INFO][0m:    [36m-> directory context /home/babak/abg_analyzer_pro/.buildozer/android/platform/build-arm64-v8a/packages/sdl2_ttf[39m
[1m[90m[DEBUG][39m[0m:   [90m->[0m running basename https://github.com/libsdl-org/SDL_ttf/releases/download/release-2.20.2/SDL2_ttf-2.20.2.tar.gz[0m
[1m[90m[DEBUG][39m[0m:   	SDL2_ttf-2.20.2.tar.gz
[1m[INFO][0m:    sdl2_ttf download already cached, skipping
[1m[INFO][0m:    [36m<- directory context /home/babak/abg_analyzer_pro/.buildozer/android/platform/python-for-android[39m
[1m[INFO][0m:    [1m[32mDownloading sqlite3[0m[39m
[1m[INFO][0m:    [36m-> directory context /home/babak/abg_analyzer_pro/.buildozer/android/platform/build-arm64-v8a/packages/sqlite3[39m
[1m[90m[DEBUG][39m[0m:   [90m->[0m running basename https://www.sqlite.org/2021/sqlite-amalgamation-3350500.zip[0m
[1m[90m[DEBUG][39m[0m:   	sqlite-amalgamation-3350500.zip
[1m[INFO][0m:    sqlite3 download already cached, skipping
[1m[INFO][0m:    [36m<- directory context /home/babak/abg_analyzer_pro/.buildozer/android/platform/python-for-android[39m
[1m[INFO][0m:    [1m[32mDownloading python3[0m[39m
[1m[INFO][0m:    [36m-> directory context /home/babak/abg_analyzer_pro/.buildozer/android/platform/build-arm64-v8a/packages/python3[39m
[1m[90m[DEBUG][39m[0m:   [90m->[0m running basename https://www.python.org/ftp/python/3.11.5/Python-3.11.5.tgz[0m
[1m[90m[DEBUG][39m[0m:   	Python-3.11.5.tgz
[1m[INFO][0m:    python3 download already cached, skipping
[1m[INFO][0m:    [36m<- directory context /home/babak/abg_analyzer_pro/.buildozer/android/platform/python-for-android[39m
[1m[INFO][0m:    [1m[32mDownloading sdl2[0m[39m
[1m[INFO][0m:    [36m-> directory context /home/babak/abg_analyzer_pro/.buildozer/android/platform/build-arm64-v8a/packages/sdl2[39m
[1m[90m[DEBUG][39m[0m:   [90m->[0m running basename https://github.com/libsdl-org/SDL/releases/download/release-2.28.5/SDL2-2.28.5.tar.gz[0m
[1m[90m[DEBUG][39m[0m:   	SDL2-2.28.5.tar.gz
[1m[INFO][0m:    sdl2 download already cached, skipping
[1m[INFO][0m:    [36m<- directory context /home/babak/abg_analyzer_pro/.buildozer/android/platform/python-for-android[39m
[1m[INFO][0m:    [1m[32mDownloading setuptools[0m[39m
[1m[INFO][0m:    [36m-> directory context /home/babak/abg_analyzer_pro/.buildozer/android/platform/build-arm64-v8a/packages/setuptools[39m
[1m[90m[DEBUG][39m[0m:   [90m->[0m running basename https://pypi.python.org/packages/source/s/setuptools/setuptools-51.3.3.tar.gz[0m
[1m[90m[DEBUG][39m[0m:   	setuptools-51.3.3.tar.gz
[1m[INFO][0m:    setuptools download already cached, skipping
[1m[INFO][0m:    [36m<- directory context /home/babak/abg_analyzer_pro/.buildozer/android/platform/python-for-android[39m
[1m[INFO][0m:    [1m[32mDownloading six[0m[39m
[1m[INFO][0m:    [36m-> directory context /home/babak/abg_analyzer_pro/.buildozer/android/platform/build-arm64-v8a/packages/six[39m
[1m[90m[DEBUG][39m[0m:   [90m->[0m running basename https://pypi.python.org/packages/source/s/six/six-1.15.0.tar.gz[0m
[1m[90m[DEBUG][39m[0m:   	six-1.15.0.tar.gz
[1m[INFO][0m:    six download already cached, skipping
[1m[INFO][0m:    [36m<- directory context /home/babak/abg_analyzer_pro/.buildozer/android/platform/python-for-android[39m
[1m[INFO][0m:    [1m[32mDownloading pyjnius[0m[39m
[1m[INFO][0m:    [36m-> directory context /home/babak/abg_analyzer_pro/.buildozer/android/platform/build-arm64-v8a/packages/pyjnius[39m
[1m[90m[DEBUG][39m[0m:   [90m->[0m running basename https://github.com/kivy/pyjnius/archive/1.6.1.zip[0m
[1m[90m[DEBUG][39m[0m:   	1.6.1.zip
[1m[INFO][0m:    pyjnius download already cached, skipping
[1m[INFO][0m:    [36m<- directory context /home/babak/abg_analyzer_pro/.buildozer/android/platform/python-for-android[39m
[1m[INFO][0m:    [1m[32mDownloading android[0m[39m
[1m[INFO][0m:    Skipping android download as no URL is set
[1m[INFO][0m:    [1m[32mDownloading kivy[0m[39m
[1m[INFO][0m:    [36m-> directory context /home/babak/abg_analyzer_pro/.buildozer/android/platform/build-arm64-v8a/packages/kivy[39m
[1m[90m[DEBUG][39m[0m:   [90m->[0m running basename https://github.com/kivy/kivy/archive/2.2.1.zip[0m
[1m[90m[DEBUG][39m[0m:   	2.2.1.zip
[1m[INFO][0m:    kivy download already cached, skipping
[1m[INFO][0m:    [36m<- directory context /home/babak/abg_analyzer_pro/.buildozer/android/platform/python-for-android[39m
[1m[INFO][0m:    [1m[32m# Building all recipes for arch arm64-v8a[0m[39m
[1m[INFO][0m:    [1m[32m# Unpacking recipes[0m[39m
[1m[INFO][0m:    [1m[32mUnpacking hostpython3 for arm64-v8a[0m[39m
[1m[90m[DEBUG][39m[0m:   [90m->[0m running basename https://www.python.org/ftp/python/3.11.5/Python-3.11.5.tgz[0m
[1m[90m[DEBUG][39m[0m:   	Python-3.11.5.tgz
[1m[INFO][0m:    [36m-> directory context /home/babak/abg_analyzer_pro/.buildozer/android/platform/build-arm64-v8a/build/other_builds/hostpython3/desktop[39m
[1m[INFO][0m:    hostpython3 is already unpacked, skipping
[1m[INFO][0m:    [36m<- directory context /home/babak/abg_analyzer_pro/.buildozer/android/platform/python-for-android[39m
[1m[INFO][0m:    [1m[32mUnpacking libffi for arm64-v8a[0m[39m
[1m[90m[DEBUG][39m[0m:   [90m->[0m running basename https://github.com/libffi/libffi/archive/v3.4.2.tar.gz[0m
[1m[90m[DEBUG][39m[0m:   	v3.4.2.tar.gz
[1m[INFO][0m:    [36m-> directory context /home/babak/abg_analyzer_pro/.buildozer/android/platform/build-arm64-v8a/build/other_builds/libffi/arm64-v8a__ndk_target_24[39m
[1m[INFO][0m:    libffi is already unpacked, skipping
[1m[INFO][0m:    [36m<- directory context /home/babak/abg_analyzer_pro/.buildozer/android/platform/python-for-android[39m
[1m[INFO][0m:    [1m[32mUnpacking openssl for arm64-v8a[0m[39m
[1m[90m[DEBUG][39m[0m:   [90m->[0m running basename https://www.openssl.org/source/openssl-1.1.1w.tar.gz[0m
[1m[90m[DEBUG][39m[0m:   	openssl-1.1.1w.tar.gz
[1m[INFO][0m:    [36m-> directory context /home/babak/abg_analyzer_pro/.buildozer/android/platform/build-arm64-v8a/build/other_builds/openssl/arm64-v8a__ndk_target_24[39m
[1m[INFO][0m:    openssl is already unpacked, skipping
[1m[INFO][0m:    [36m<- directory context /home/babak/abg_analyzer_pro/.buildozer/android/platform/python-for-android[39m
[1m[INFO][0m:    [1m[32mUnpacking sdl2_image for arm64-v8a[0m[39m
[1m[90m[DEBUG][39m[0m:   [90m->[0m running basename https://github.com/libsdl-org/SDL_image/releases/download/release-2.8.0/SDL2_image-2.8.0.tar.gz[0m
[1m[90m[DEBUG][39m[0m:   	SDL2_image-2.8.0.tar.gz
[1m[INFO][0m:    [36m-> directory context /home/babak/abg_analyzer_pro/.buildozer/android/platform/build-arm64-v8a/build/bootstrap_builds/sdl2/jni[39m
[1m[INFO][0m:    sdl2_image is already unpacked, skipping
[1m[INFO][0m:    [36m<- directory context /home/babak/abg_analyzer_pro/.buildozer/android/platform/python-for-android[39m
[1m[INFO][0m:    [1m[32mUnpacking sdl2_mixer for arm64-v8a[0m[39m
[1m[90m[DEBUG][39m[0m:   [90m->[0m running basename https://github.com/libsdl-org/SDL_mixer/releases/download/release-2.6.3/SDL2_mixer-2.6.3.tar.gz[0m
[1m[90m[DEBUG][39m[0m:   	SDL2_mixer-2.6.3.tar.gz
[1m[INFO][0m:    [36m-> directory context /home/babak/abg_analyzer_pro/.buildozer/android/platform/build-arm64-v8a/build/bootstrap_builds/sdl2/jni[39m
[1m[INFO][0m:    sdl2_mixer is already unpacked, skipping
[1m[INFO][0m:    [36m<- directory context /home/babak/abg_analyzer_pro/.buildozer/android/platform/python-for-android[39m
[1m[INFO][0m:    [1m[32mUnpacking sdl2_ttf for arm64-v8a[0m[39m
[1m[90m[DEBUG][39m[0m:   [90m->[0m running basename https://github.com/libsdl-org/SDL_ttf/releases/download/release-2.20.2/SDL2_ttf-2.20.2.tar.gz[0m
[1m[90m[DEBUG][39m[0m:   	SDL2_ttf-2.20.2.tar.gz
[1m[INFO][0m:    [36m-> directory context /home/babak/abg_analyzer_pro/.buildozer/android/platform/build-arm64-v8a/build/bootstrap_builds/sdl2/jni[39m
[1m[INFO][0m:    sdl2_ttf is already unpacked, skipping
[1m[INFO][0m:    [36m<- directory context /home/babak/abg_analyzer_pro/.buildozer/android/platform/python-for-android[39m
[1m[INFO][0m:    [1m[32mUnpacking sqlite3 for arm64-v8a[0m[39m
[1m[90m[DEBUG][39m[0m:   [90m->[0m running basename https://www.sqlite.org/2021/sqlite-amalgamation-3350500.zip[0m
[1m[90m[DEBUG][39m[0m:   	sqlite-amalgamation-3350500.zip
[1m[INFO][0m:    [36m-> directory context /home/babak/abg_analyzer_pro/.buildozer/android/platform/build-arm64-v8a/build/other_builds/sqlite3/arm64-v8a__ndk_target_24[39m
[1m[INFO][0m:    sqlite3 is already unpacked, skipping
[1m[INFO][0m:    [36m<- directory context /home/babak/abg_analyzer_pro/.buildozer/android/platform/python-for-android[39m
[1m[INFO][0m:    [1m[32mUnpacking python3 for arm64-v8a[0m[39m
[1m[90m[DEBUG][39m[0m:   [90m->[0m running basename https://www.python.org/ftp/python/3.11.5/Python-3.11.5.tgz[0m
[1m[90m[DEBUG][39m[0m:   	Python-3.11.5.tgz
[1m[INFO][0m:    [36m-> directory context /home/babak/abg_analyzer_pro/.buildozer/android/platform/build-arm64-v8a/build/other_builds/python3/arm64-v8a__ndk_target_24[39m
[1m[INFO][0m:    python3 is already unpacked, skipping
[1m[INFO][0m:    [36m<- directory context /home/babak/abg_analyzer_pro/.buildozer/android/platform/python-for-android[39m
[1m[INFO][0m:    [1m[32mUnpacking sdl2 for arm64-v8a[0m[39m
[1m[90m[DEBUG][39m[0m:   [90m->[0m running basename https://github.com/libsdl-org/SDL/releases/download/release-2.28.5/SDL2-2.28.5.tar.gz[0m
[1m[90m[DEBUG][39m[0m:   	SDL2-2.28.5.tar.gz
[1m[INFO][0m:    [36m-> directory context /home/babak/abg_analyzer_pro/.buildozer/android/platform/build-arm64-v8a/build/bootstrap_builds/sdl2/jni[39m
[1m[INFO][0m:    sdl2 is already unpacked, skipping
[1m[INFO][0m:    [36m<- directory context /home/babak/abg_analyzer_pro/.buildozer/android/platform/python-for-android[39m
[1m[INFO][0m:    [1m[32mUnpacking setuptools for arm64-v8a[0m[39m
[1m[90m[DEBUG][39m[0m:   [90m->[0m running basename https://pypi.python.org/packages/source/s/setuptools/setuptools-51.3.3.tar.gz[0m
[1m[90m[DEBUG][39m[0m:   	setuptools-51.3.3.tar.gz
[1m[INFO][0m:    [36m-> directory context /home/babak/abg_analyzer_pro/.buildozer/android/platform/build-arm64-v8a/build/other_builds/setuptools/arm64-v8a__ndk_target_24[39m
[1m[INFO][0m:    setuptools is already unpacked, skipping
[1m[INFO][0m:    [36m<- directory context /home/babak/abg_analyzer_pro/.buildozer/android/platform/python-for-android[39m
[1m[INFO][0m:    [1m[32mUnpacking six for arm64-v8a[0m[39m
[1m[90m[DEBUG][39m[0m:   [90m->[0m running basename https://pypi.python.org/packages/source/s/six/six-1.15.0.tar.gz[0m
[1m[90m[DEBUG][39m[0m:   	six-1.15.0.tar.gz
[1m[INFO][0m:    [36m-> directory context /home/babak/abg_analyzer_pro/.buildozer/android/platform/build-arm64-v8a/build/other_builds/six/arm64-v8a__ndk_target_24[39m
[1m[INFO][0m:    six is already unpacked, skipping
[1m[INFO][0m:    [36m<- directory context /home/babak/abg_analyzer_pro/.buildozer/android/platform/python-for-android[39m
[1m[INFO][0m:    [1m[32mUnpacking pyjnius for arm64-v8a[0m[39m
[1m[90m[DEBUG][39m[0m:   [90m->[0m running basename https://github.com/kivy/pyjnius/archive/1.6.1.zip[0m
[1m[90m[DEBUG][39m[0m:   	1.6.1.zip
[1m[INFO][0m:    [36m-> directory context /home/babak/abg_analyzer_pro/.buildozer/android/platform/build-arm64-v8a/build/other_builds/pyjnius-sdl2/arm64-v8a__ndk_target_24[39m
[1m[INFO][0m:    pyjnius is already unpacked, skipping
[1m[INFO][0m:    [36m<- directory context /home/babak/abg_analyzer_pro/.buildozer/android/platform/python-for-android[39m
[1m[90m[DEBUG][39m[0m:   Remove directory and subdirectory /home/babak/abg_analyzer_pro/.buildozer/android/platform/build-arm64-v8a/build/other_builds/android-sdl2/arm64-v8a__ndk_target_24/android
[1m[90m[DEBUG][39m[0m:   [90m->[0m running cp -a /home/babak/abg_analyzer_pro/.buildozer/android/platform/python-for-android/pythonforandroid/recipes/android/src /home/babak/abg_analyzer_pro/.buildozer/android/platform/build-arm64-v8a/build/other_builds/android-sdl2/arm64-v8a__ndk_target_24/android[0m
[1m[INFO][0m:    [1m[32mUnpacking kivy for arm64-v8a[0m[39m
[1m[90m[DEBUG][39m[0m:   [90m->[0m running basename https://github.com/kivy/kivy/archive/2.2.1.zip[0m
[1m[90m[DEBUG][39m[0m:   	2.2.1.zip
[1m[INFO][0m:    [36m-> directory context /home/babak/abg_analyzer_pro/.buildozer/android/platform/build-arm64-v8a/build/other_builds/kivy/arm64-v8a__ndk_target_24[39m
[1m[INFO][0m:    kivy is already unpacked, skipping
[1m[INFO][0m:    [36m<- directory context /home/babak/abg_analyzer_pro/.buildozer/android/platform/python-for-android[39m
[1m[INFO][0m:    [1m[32m# Prebuilding recipes[0m[39m
[1m[INFO][0m:    [1m[32mPrebuilding hostpython3 for arm64-v8a[0m[39m
[1m[INFO][0m:    hostpython3 has no prebuild_arm64_v8a, skipping
[1m[INFO][0m:    [1m[32mApplying patches for hostpython3[arm64-v8a][0m[39m
[1m[INFO][0m:    [1m[32mhostpython3 already patched, skipping[0m[39m
[1m[INFO][0m:    [1m[32mPrebuilding libffi for arm64-v8a[0m[39m
[1m[INFO][0m:    libffi has no prebuild_arm64_v8a, skipping
[1m[INFO][0m:    [1m[32mApplying patches for libffi[arm64-v8a][0m[39m
[1m[INFO][0m:    [1m[32mlibffi already patched, skipping[0m[39m
[1m[INFO][0m:    [1m[32mPrebuilding openssl for arm64-v8a[0m[39m
[1m[INFO][0m:    openssl has no prebuild_arm64_v8a, skipping
[1m[INFO][0m:    [1m[32mPrebuilding sdl2_image for arm64-v8a[0m[39m
[1m[INFO][0m:    sdl2_image has no prebuild_arm64_v8a, skipping
[1m[INFO][0m:    [1m[32mApplying patches for sdl2_image[arm64-v8a][0m[39m
[1m[INFO][0m:    [1m[32msdl2_image already patched, skipping[0m[39m
[1m[INFO][0m:    [1m[32mPrebuilding sdl2_mixer for arm64-v8a[0m[39m
[1m[INFO][0m:    sdl2_mixer has no prebuild_arm64_v8a, skipping
[1m[INFO][0m:    [1m[32mPrebuilding sdl2_ttf for arm64-v8a[0m[39m
[1m[INFO][0m:    sdl2_ttf has no prebuild_arm64_v8a, skipping
[1m[INFO][0m:    [1m[32mPrebuilding sqlite3 for arm64-v8a[0m[39m
[1m[INFO][0m:    sqlite3 has no prebuild_arm64_v8a, skipping
[1m[INFO][0m:    [1m[32mPrebuilding python3 for arm64-v8a[0m[39m
[1m[INFO][0m:    python3 has no prebuild_arm64_v8a, skipping
[1m[INFO][0m:    [1m[32mApplying patches for python3[arm64-v8a][0m[39m
[1m[INFO][0m:    [1m[32mpython3 already patched, skipping[0m[39m
[1m[INFO][0m:    [1m[32mPrebuilding sdl2 for arm64-v8a[0m[39m
[1m[INFO][0m:    sdl2 has no prebuild_arm64_v8a, skipping
[1m[INFO][0m:    [1m[32mPrebuilding setuptools for arm64-v8a[0m[39m
[1m[INFO][0m:    setuptools has no prebuild_arm64_v8a, skipping
[1m[INFO][0m:    [1m[32mPrebuilding six for arm64-v8a[0m[39m
[1m[INFO][0m:    six has no prebuild_arm64_v8a, skipping
[1m[INFO][0m:    [1m[32mPrebuilding pyjnius for arm64-v8a[0m[39m
[1m[INFO][0m:    pyjnius has no prebuild_arm64_v8a, skipping
[1m[INFO][0m:    [1m[32mApplying patches for pyjnius[arm64-v8a][0m[39m
[1m[INFO][0m:    [1m[32mpyjnius already patched, skipping[0m[39m
[1m[INFO][0m:    [1m[32mPrebuilding android for arm64-v8a[0m[39m
[1m[INFO][0m:    android has no prebuild_arm64_v8a, skipping
[1m[INFO][0m:    [36m-> directory context /home/babak/abg_analyzer_pro/.buildozer/android/platform/build-arm64-v8a/build/other_builds/android-sdl2/arm64-v8a__ndk_target_24/android[39m
[1m[INFO][0m:    [36m<- directory context /home/babak/abg_analyzer_pro/.buildozer/android/platform/python-for-android[39m
[1m[INFO][0m:    [1m[32mPrebuilding kivy for arm64-v8a[0m[39m
[1m[INFO][0m:    kivy has no prebuild_arm64_v8a, skipping
[1m[INFO][0m:    [1m[32mApplying patches for kivy[arm64-v8a][0m[39m
[1m[INFO][0m:    [1m[32mkivy already patched, skipping[0m[39m
[1m[INFO][0m:    [1m[32m# Building recipes[0m[39m
[1m[INFO][0m:    [1m[32mBuilding hostpython3 for arm64-v8a[0m[39m
[1m[INFO][0m:    hostpython3 said it is already built, skipping
[1m[INFO][0m:    [1m[32mBuilding libffi for arm64-v8a[0m[39m
[1m[INFO][0m:    libffi said it is already built, skipping
[1m[90m[DEBUG][39m[0m:   [90m->[0m running cp /home/babak/abg_analyzer_pro/.buildozer/android/platform/build-arm64-v8a/build/other_builds/libffi/arm64-v8a__ndk_target_24/libffi/.libs/libffi.so /home/babak/abg_analyzer_pro/.buildozer/android/platform/build-arm64-v8a/build/libs_collections/abganalyzer/arm64-v8a[0m
[1m[INFO][0m:    [1m[32mBuilding openssl for arm64-v8a[0m[39m
[1m[INFO][0m:    openssl said it is already built, skipping
[1m[90m[DEBUG][39m[0m:   [90m->[0m running cp /home/babak/abg_analyzer_pro/.buildozer/android/platform/build-arm64-v8a/build/other_builds/openssl/arm64-v8a__ndk_target_24/openssl1.1/libcrypto1.1.so /home/babak/abg_analyzer_pro/.buildozer/android/platform/build-arm64-v8a/build/other_builds/openssl/arm64-v8a__ndk_target_24/openssl1.1/libssl1.1.so /home/babak/abg_analyzer_pro/.buildozer/android/platform/build-arm64-v8a/build/libs_collections/abganalyzer/arm64-v8a[0m
[1m[INFO][0m:    [1m[32mBuilding sdl2_image for arm64-v8a[0m[39m
[1m[INFO][0m:    [1m[32mBuilding sdl2_mixer for arm64-v8a[0m[39m
[1m[INFO][0m:    [1m[32mBuilding sdl2_ttf for arm64-v8a[0m[39m
[1m[INFO][0m:    [1m[32mBuilding sqlite3 for arm64-v8a[0m[39m
[1m[INFO][0m:    sqlite3 said it is already built, skipping
[1m[INFO][0m:    [1m[32mBuilding python3 for arm64-v8a[0m[39m
[1m[INFO][0m:    python3 said it is already built, skipping
[1m[INFO][0m:    [1m[32mBuilding sdl2 for arm64-v8a[0m[39m
[1m[INFO][0m:    [36m-> directory context /home/babak/abg_analyzer_pro/.buildozer/android/platform/build-arm64-v8a/build/bootstrap_builds/sdl2/jni[39m
[1m[90m[DEBUG][39m[0m:   [90m->[0m running ndk-build V=1 NDK_DEBUG=1[0m
[1m[90m[DEBUG][39m[0m:   	Android NDK: WARNING:/home/babak/abg_analyzer_pro/.buildozer/android/platform/build-arm64-v8a/build/bootstrap_builds/sdl2/jni/application/src/Android.mk:main: non-system libraries in linker flags: -lpython3.11
[1m[90m[DEBUG][39m[0m:   	Android NDK:     This is likely to result in incorrect builds. Try using LOCAL_STATIC_LIBRARIES
[1m[90m[DEBUG][39m[0m:   	Android NDK:     or LOCAL_SHARED_LIBRARIES instead to list the library dependencies of the
[1m[90m[DEBUG][39m[0m:   	Android NDK:     current module
[1m[90m[DEBUG][39m[0m:   	/home/babak/.buildozer/android/platform/android-ndk-r27c/build/core/build-binary.mk:590: Android NDK: Module main depends on undefined modules: python_shared
[1m[90m[DEBUG][39m[0m:   	rm -f /home/babak/abg_analyzer_pro/.buildozer/android/platform/build-arm64-v8a/build/bootstrap_builds/sdl2/libs/arm64-v8a/*
[1m[90m[DEBUG][39m[0m:   	[arm64-v8a] Compile        : SDL2 <= SDL.c
[1m[90m[DEBUG][39m[0m:   	rm -f /home/babak/abg_analyzer_pro/.buildozer/android/platform/build-arm64-v8a/build/bootstrap_builds/sdl2/obj/local/arm64-v8a/objs-debug/SDL2/src/SDL.o
[1m[90m[DEBUG][39m[0m:   	/usr/bin/ccache /home/babak/.buildozer/android/platform/android-ndk-r27c/toolchains/llvm/prebuilt/linux-x86_64/bin/clang -MMD -MP -MF /home/babak/abg_analyzer_pro/.buildozer/android/platform/build-arm64-v8a/build/bootstrap_builds/sdl2/obj/local/arm64-v8a/objs-debug/SDL2/src/SDL.o.d -target aarch64-none-linux-android24 -fdata-sections -ffunction-sections -fstack-protector-strong -funwind-tables -no-canonical-prefixes  --sysroot /home/babak/.buildozer/android/platform/android-ndk-r27c/toolchains/llvm/prebuilt/linux-x86_64/sysroot -g -Wno-invalid-command-line-argument -Wno-unused-command-line-argument  -D_FORTIFY_SOURCE=2 -fpic -O0 -UNDEBUG -fno-limit-debug-info  -I/home/babak/abg_analyzer_pro/.buildozer/android/platform/build-arm64-v8a/build/bootstrap_builds/sdl2/jni/SDL/include -I/home/babak/.buildozer/android/platform/android-ndk-r27c/sources/android/cpufeatures -I/home/babak/abg_analyzer_pro/.buildozer/android/platform/build-arm64-v8a/build/bootstrap_builds/sdl2/jni/SDL   -DANDROID -DGL_GLEXT_PROTOTYPES -Wall -Wextra -Wdocumentation -Wmissing-prototypes -Wunreachable-code-break -Wunneeded-internal-declaration -Wmissing-variable-declarations -Wfloat-conversion -Wshorten-64-to-32 -Wunreachable-code-return -Wshift-sign-overflow -Wstrict-prototypes -Wkeyword-macro -Wno-unused-parameter -Wno-sign-compare -Wformat -Werror=format-security  -c  /home/babak/abg_analyzer_pro/.buildozer/android/platform/build-arm64-v8a/build/bootstrap_builds/sdl2/jni/SDL/src/SDL.c -o /home/babak/abg_analyzer_pro/.buildozer/android/platform/build-arm64-v8a/build/bootstrap_builds/sdl2/obj/local/arm64-v8a/objs-debug/SDL2/src/SDL.o
[1m[90m[DEBUG][39m[0m:   	[arm64-v8a] Compile        : SDL2 <= SDL_assert.c
[1m[90m[DEBUG][39m[0m:   	rm -f /home/babak/abg_analyzer_pro/.buildozer/android/platform/build-arm64-v8a/build/bootstrap_builds/sdl2/obj/local/arm64-v8a/objs-debug/SDL2/src/SDL_assert.o
[1m[90m[DEBUG][39m[0m:   	/usr/bin/ccache /home/babak/.buildozer/android/platform/android-ndk-r27c/toolchains/llvm/prebuilt/linux-x86_64/bin/clang -MMD -MP -MF /home/babak/abg_analyzer_pro/.buildozer/android/platform/build-arm64-v8a/build/bootstrap_builds/sdl2/obj/local/arm64-v8a/objs-debug/SDL2/src/SDL_assert.o.d -target aarch64-none-linux-android24 -fdata-sections -ffunction-sections -fstack-protector-strong -funwind-tables -no-canonical-prefixes  --sysroot /home/babak/.buildozer/android/platform/android-ndk-r27c/toolchains/llvm/prebuilt/linux-x86_64/sysroot -g -Wno-invalid-command-line-argument -Wno-unused-command-line-argument  -D_FORTIFY_SOURCE=2 -fpic -O0 -UNDEBUG -fno-limit-debug-info  -I/home/babak/abg_analyzer_pro/.buildozer/android/platform/build-arm64-v8a/build/bootstrap_builds/sdl2/jni/SDL/include -I/home/babak/.buildozer/android/platform/android-ndk-r27c/sources/android/cpufeatures -I/home/babak/abg_analyzer_pro/.buildozer/android/platform/build-arm64-v8a/build/bootstrap_builds/sdl2/jni/SDL   -DANDROID -DGL_GLEXT_PROTOTYPES -Wall -Wextra -Wdocumentation -Wmissing-prototypes -Wunreachable-code-break -Wunneeded-internal-declaration -Wmissing-variable-declarations -Wfloat-conversion -Wshorten-64-to-32 -Wunreachable-code-return -Wshift-sign-overflow -Wstrict-prototypes -Wkeyword-macro -Wno-unused-parameter -Wno-sign-compare -Wformat -Werror=format-security  -c  /home/babak/abg_analyzer_pro/.buildozer/android/platform/build-arm64-v8a/build/bootstrap_builds/sdl2/jni/SDL/src/SDL_assert.c -o /home/babak/abg_analyzer_pro/.buildozer/android/platform/build-arm64-v8a/build/bootstrap_builds/sdl2/obj/local/arm64-v8a/objs-debug/SDL2/src/SDL_assert.o
[1m[90m[DEBUG][39m[0m:   	[arm64-v8a] Compile        : SDL2 <= SDL_dataqueue.c
[1m[90m[DEBUG][39m[0m:   	rm -f /home/babak/abg_analyzer_pro/.buildozer/android/platform/build-arm64-v8a/build/bootstrap_builds/sdl2/obj/local/arm64-v8a/objs-debug/SDL2/src/SDL_dataqueue.o
[1m[90m[DEBUG][39m[0m:   	/usr/bin/ccache /home/babak/.buildozer/android/platform/android-ndk-r27c/toolchains/llvm/prebuilt/linux-x86_64/bin/clang -MMD -MP -MF /home/babak/abg_analyzer_pro/.buildozer/android/platform/build-arm64-v8a/build/bootstrap_builds/sdl2/obj/local/arm64-v8a/objs-debug/SDL2/src/SDL_dataqueue.o.d -target aarch64-none-linux-android24 -fdata-sections -ffunction-sections -fstack-protector-strong -funwind-tables -no-canonical-prefixes  --sysroot /home/babak/.buildozer/android/platform/android-ndk-r27c/toolchains/llvm/prebuilt/linux-x86_64/sysroot -g -Wno-invalid-command-line-argument -Wno-unused-command-line-argument  -D_FORTIFY_SOURCE=2 -fpic -O0 -UNDEBUG -fno-limit-debug-info  -I/home/babak/abg_analyzer_pro/.buildozer/android/platform/build-arm64-v8a/build/bootstrap_builds/sdl2/jni/SDL/include -I/home/babak/.buildozer/android/platform/android-ndk-r27c/sources/android/cpufeatures -I/home/babak/abg_analyzer_pro/.buildozer/android/platform/build-arm64-v8a/build/bootstrap_builds/sdl2/jni/SDL   -DANDROID -DGL_GLEXT_PROTOTYPES -Wall -Wextra -Wdocumentation -Wmissing-prototypes -Wunreachable-code-break -Wunneeded-internal-declaration -Wmissing-variable-declarations -Wfloat-conversion -Wshorten-64-to-32 -Wunreachable-code-return -Wshift-sign-overflow -Wstrict-prototypes -Wkeyword-macro -Wno-unused-parameter -Wno-sign-compare -Wformat -Werror=format-security  -c  /home/babak/abg_analyzer_pro/.buildozer/android/platform/build-arm64-v8a/build/bootstrap_builds/sdl2/jni/SDL/src/SDL_dataqueue.c -o /home/babak/abg_analyzer_pro/.buildozer/android/platform/build-arm64-v8a/build/bootstrap_builds/sdl2/obj/local/arm64-v8a/objs-debug/SDL2/src/SDL_dataqueue.o
[1m[90m[DEBUG][39m[0m:   	[arm64-v8a] Compile        : SDL2 <= SDL_error.c
[1m[90m[DEBUG][39m[0m:   	rm -f /home/babak/abg_analyzer_pro/.buildozer/android/platform/build-arm64-v8a/build/bootstrap_builds/sdl2/obj/local/arm64-v8a/objs-debug/SDL2/src/SDL_error.o
[1m[90m[DEBUG][39m[0m:   	/usr/bin/ccache /home/babak/.buildozer/android/platform/android-ndk-r27c/toolchains/llvm/prebuilt/linux-x86_64/bin/clang -MMD -MP -MF /home/babak/abg_analyzer_pro/.buildozer/android/platform/build-arm64-v8a/build/bootstrap_builds/sdl2/obj/local/arm64-v8a/objs-debug/SDL2/src/SDL_error.o.d -target aarch64-none-linux-android24 -fdata-sections -ffunction-sections -fstack-protector-strong -funwind-tables -no-canonical-prefixes  --sysroot /home/babak/.buildozer/android/platform/android-ndk-r27c/toolchains/llvm/prebuilt/linux-x86_64/sysroot -g -Wno-invalid-command-line-argument -Wno-unused-command-line-argument  -D_FORTIFY_SOURCE=2 -fpic -O0 -UNDEBUG -fno-limit-debug-info  -I/home/babak/abg_analyzer_pro/.buildozer/android/platform/build-arm64-v8a/build/bootstrap_builds/sdl2/jni/SDL/include -I/home/babak/.buildozer/android/platform/android-ndk-r27c/sources/android/cpufeatures -I/home/babak/abg_analyzer_pro/.buildozer/android/platform/build-arm64-v8a/build/bootstrap_builds/sdl2/jni/SDL   -DANDROID -DGL_GLEXT_PROTOTYPES -Wall -Wextra -Wdocumentation -Wmissing-prototypes -Wunreachable-code-break -Wunneeded-internal-declaration -Wmissing-variable-declarations -Wfloat-conversion -Wshorten-64-to-32 -Wunreachable-code-return -Wshift-sign-overflow -Wstrict-prototypes -Wkeyword-macro -Wno-unused-parameter -Wno-sign-compare -Wformat -Werror=format-security  -c  /home/babak/abg_analyzer_pro/.buildozer/android/platform/build-arm64-v8a/build/bootstrap_builds/sdl2/jni/SDL/src/SDL_error.c -o /home/babak/abg_analyzer_pro/.buildozer/android/platform/build-arm64-v8a/build/bootstrap_builds/sdl2/obj/local/arm64-v8a/objs-debug/SDL2/src/SDL_error.o
[1m[90m[DEBUG][39m[0m:   	[arm64-v8a] Compile        : SDL2 <= SDL_guid.c
[1m[90m[DEBUG][39m[0m:   	rm -f /home/babak/abg_analyzer_pro/.buildozer/android/platform/build-arm64-v8a/build/bootstrap_builds/sdl2/obj/local/arm64-v8a/objs-debug/SDL2/src/SDL_guid.o
[1m[90m[DEBUG][39m[0m:   	/usr/bin/ccache /home/babak/.buildozer/android/platform/android-ndk-r27c/toolchains/llvm/prebuilt/linux-x86_64/bin/clang -MMD -MP -MF /home/babak/abg_analyzer_pro/.buildozer/android/platform/build-arm64-v8a/build/bootstrap_builds/sdl2/obj/local/arm64-v8a/objs-debug/SDL2/src/SDL_guid.o.d -target aarch64-none-linux-android24 -fdata-sections -ffunction-sections -fstack-protector-strong -funwind-tables -no-canonical-prefixes  --sysroot /home/babak/.buildozer/android/platform/android-ndk-r27c/toolchains/llvm/prebuilt/linux-x86_64/sysroot -g -Wno-invalid-command-line-argument -Wno-unused-command-line-argument  -D_FORTIFY_SOURCE=2 -fpic -O0 -UNDEBUG -fno-limit-debug-info  -I/home/babak/abg_analyzer_pro/.buildozer/android/platform/build-arm64-v8a/build/bootstrap_builds/sdl2/jni/SDL/include -I/home/babak/.buildozer/android/platform/android-ndk-r27c/sources/android/cpufeatures -I/home/babak/abg_analyzer_pro/.buildozer/android/platform/build-arm64-v8a/build/bootstrap_builds/sdl2/jni/SDL   -DANDROID -DGL_GLEXT_PROTOTYPES -Wall -Wextra -Wdocumentation -Wmissing-prototypes -Wunreachable-code-break -Wunneeded-internal-declaration -Wmissing-variable-declarations -Wfloat-conversion -Wshorten-64-to-32 -Wunreachable-code-return -Wshift-sign-overflow -Wstrict-prototypes -Wkeyword-macro -Wno-unused-parameter -Wno-sign-compare -Wformat -Werror=format-security  -c  /home/babak/abg_analyzer_pro/.buildozer/android/platform/build-arm64-v8a/build/bootstrap_builds/sdl2/jni/SDL/src/SDL_guid.c -o /home/babak/abg_analyzer_pro/.buildozer/android/platform/build-arm64-v8a/build/bootstrap_builds/sdl2/obj/local/arm64-v8a/objs-debug/SDL2/src/SDL_guid.o
[1m[90m[DEBUG][39m[0m:   	[arm64-v8a] Compile        : SDL2 <= SDL_hints.c
[1m[90m[DEBUG][39m[0m:   	rm -f /home/babak/abg_analyzer_pro/.buildozer/android/platform/build-arm64-v8a/build/bootstrap_builds/sdl2/obj/local/arm64-v8a/objs-debug/SDL2/src/SDL_hints.o
[1m[90m[DEBUG][39m[0m:   	/usr/bin/ccache /home/babak/.buildozer/android/platform/android-ndk-r27c/toolchains/llvm/prebuilt/linux-x86_64/bin/clang -MMD -MP -MF /home/babak/abg_analyzer_pro/.buildozer/android/platform/build-arm64-v8a/build/bootstrap_builds/sdl2/obj/local/arm64-v8a/objs-debug/SDL2/src/SDL_hints.o.d -target aarch64-none-linux-android24 -fdata-sections -ffunction-sections -fstack-protector-strong -funwind-tables -no-canonical-prefixes  --sysroot /home/babak/.buildozer/android/platform/android-ndk-r27c/toolchains/llvm/prebuilt/linux-x86_64/sysroot -g -Wno-invalid-command-line-argument -Wno-unused-command-line-argument  -D_FORTIFY_SOURCE=2 -fpic -O0 -UNDEBUG -fno-limit-debug-info  -I/home/babak/abg_analyzer_pro/.buildozer/android/platform/build-arm64-v8a/build/bootstrap_builds/sdl2/jni/SDL/include -I/home/babak/.buildozer/android/platform/android-ndk-r27c/sources/android/cpufeatures -I/home/babak/abg_analyzer_pro/.buildozer/android/platform/build-arm64-v8a/build/bootstrap_builds/sdl2/jni/SDL   -DANDROID -DGL_GLEXT_PROTOTYPES -Wall -Wextra -Wdocumentation -Wmissing-prototypes -Wunreachable-code-break -Wunneeded-internal-declaration -Wmissing-variable-declarations -Wfloat-conversion -Wshorten-64-to-32 -Wunreachable-code-return -Wshift-sign-overflow -Wstrict-prototypes -Wkeyword-macro -Wno-unused-parameter -Wno-sign-compare -Wformat -Werror=format-security  -c  /home/babak/abg_analyzer_pro/.buildozer/android/platform/build-arm64-v8a/build/bootstrap_builds/sdl2/jni/SDL/src/SDL_hints.c -o /home/babak/abg_analyzer_pro/.buildozer/android/platform/build-arm64-v8a/build/bootstrap_builds/sdl2/obj/local/arm64-v8a/objs-debug/SDL2/src/SDL_hints.o
[1m[90m[DEBUG][39m[0m:   	[arm64-v8a] Compile        : SDL2 <= SDL_list.c
[1m[90m[DEBUG][39m[0m:   	rm -f /home/babak/abg_analyzer_pro/.buildozer/android/platform/build-arm64-v8a/build/bootstrap_builds/sdl2/obj/local/arm64-v8a/objs-debug/SDL2/src/SDL_list.o
[1m[90m[DEBUG][39m[0m:   	/usr/bin/ccache /home/babak/.buildozer/android/platform/android-ndk-r27c/toolchains/llvm/prebuilt/linux-x86_64/bin/clang -MMD -MP -MF /home/babak/abg_analyzer_pro/.buildozer/android/platform/build-arm64-v8a/build/bootstrap_builds/sdl2/obj/local/arm64-v8a/objs-debug/SDL2/src/SDL_list.o.d -target aarch64-none-linux-android24 -fdata-sections -ffunction-sections -fstack-protector-strong -funwind-tables -no-canonical-prefixes  --sysroot /home/babak/.buildozer/android/platform/android-ndk-r27c/toolchains/llvm/prebuilt/linux-x86_64/sysroot -g -Wno-invalid-command-line-argument -Wno-unused-command-line-argument  -D_FORTIFY_SOURCE=2 -fpic -O0 -UNDEBUG -fno-limit-debug-info  -I/home/babak/abg_analyzer_pro/.buildozer/android/platform/build-arm64-v8a/build/bootstrap_builds/sdl2/jni/SDL/include -I/home/babak/.buildozer/android/platform/android-ndk-r27c/sources/android/cpufeatures -I/home/babak/abg_analyzer_pro/.buildozer/android/platform/build-arm64-v8a/build/bootstrap_builds/sdl2/jni/SDL   -DANDROID -DGL_GLEXT_PROTOTYPES -Wall -Wextra -Wdocumentation -Wmissing-prototypes -Wunreachable-code-break -Wunneeded-internal-declaration -Wmissing-variable-declarations -Wfloat-conversion -Wshorten-64-to-32 -Wunreachable-code-return -Wshift-sign-overflow -Wstrict-prototypes -Wkeyword-macro -Wno-unused-parameter -Wno-sign-compare -Wformat -Werror=format-security  -c  /home/babak/abg_analyzer_pro/.buildozer/android/platform/build-arm64-v8a/build/bootstrap_builds/sdl2/jni/SDL/src/SDL_list.c -o /home/babak/abg_analyzer_pro/.buildozer/android/platform/build-arm64-v8a/build/bootstrap_builds/sdl2/obj/local/arm64-v8a/objs-debug/SDL2/src/SDL_list.o
[1m[90m[DEBUG][39m[0m:   	[arm64-v8a] Compile        : SDL2 <= SDL_log.c
[1m[90m[DEBUG][39m[0m:   	rm -f /home/babak/abg_analyzer_pro/.buildozer/android/platform/build-arm64-v8a/build/bootstrap_builds/sdl2/obj/local/arm64-v8a/objs-debug/SDL2/src/SDL_log.o
[1m[90m[DEBUG][39m[0m:   	/usr/bin/ccache /home/babak/.buildozer/android/platform/android-ndk-r27c/toolchains/llvm/prebuilt/linux-x86_64/bin/clang -MMD -MP -MF /home/babak/abg_analyzer_pro/.buildozer/android/platform/build-arm64-v8a/build/bootstrap_builds/sdl2/obj/local/arm64-v8a/objs-debug/SDL2/src/SDL_log.o.d -target aarch64-none-linux-android24 -fdata-sections -ffunction-sections -fstack-protector-strong -funwind-tables -no-canonical-prefixes  --sysroot /home/babak/.buildozer/android/platform/android-ndk-r27c/toolchains/llvm/prebuilt/linux-x86_64/sysroot -g -Wno-invalid-command-line-argument -Wno-unused-command-line-argument  -D_FORTIFY_SOURCE=2 -fpic -O0 -UNDEBUG -fno-limit-debug-info  -I/home/babak/abg_analyzer_pro/.buildozer/android/platform/build-arm64-v8a/build/bootstrap_builds/sdl2/jni/SDL/include -I/home/babak/.buildozer/android/platform/android-ndk-r27c/sources/android/cpufeatures -I/home/babak/abg_analyzer_pro/.buildozer/android/platform/build-arm64-v8a/build/bootstrap_builds/sdl2/jni/SDL   -DANDROID -DGL_GLEXT_PROTOTYPES -Wall -Wextra -Wdocumentation -Wmissing-prototypes -Wunreachable-code-break -Wunneeded-internal-declaration -Wmissing-variable-declarations -Wfloat-conversion -Wshorten-64-to-32 -Wunreachable-code-return -Wshift-sign-overflow -Wstrict-prototypes -Wkeyword-macro -Wno-unused-parameter -Wno-sign-compare -Wformat -Werror=format-security  -c  /home/babak/abg_analyzer_pro/.buildozer/android/platform/build-arm64-v8a/build/bootstrap_builds/sdl2/jni/SDL/src/SDL_log.c -o /home/babak/abg_analyzer_pro/.buildozer/android/platform/build-arm64-v8a/build/bootstrap_builds/sdl2/obj/local/arm64-v8a/objs-debug/SDL2/src/SDL_log.o
[1m[90m[DEBUG][39m[0m:   	[arm64-v8a] Compile        : SDL2 <= SDL_utils.c
[1m[90m[DEBUG][39m[0m:   	rm -f /home/babak/abg_analyzer_pro/.buildozer/android/platform/build-arm64-v8a/build/bootstrap_builds/sdl2/obj/local/arm64-v8a/objs-debug/SDL2/src/SDL_utils.o
[1m[90m[DEBUG][39m[0m:   	/usr/bin/ccache /home/babak/.buildozer/android/platform/android-ndk-r27c/toolchains/llvm/prebuilt/linux-x86_64/bin/clang -MMD -MP -MF /home/babak/abg_analyzer_pro/.buildozer/android/platform/build-arm64-v8a/build/bootstrap_builds/sdl2/obj/local/arm64-v8a/objs-debug/SDL2/src/SDL_utils.o.d -target aarch64-none-linux-android24 -fdata-sections -ffunction-sections -fstack-protector-strong -funwind-tables -no-canonical-prefixes  --sysroot /home/babak/.buildozer/android/platform/android-ndk-r27c/toolchains/llvm/prebuilt/linux-x86_64/sysroot -g -Wno-invalid-command-line-argument -Wno-unused-command-line-argument  -D_FORTIFY_SOURCE=2 -fpic -O0 -UNDEBUG -fno-limit-debug-info  -I/home/babak/abg_analyzer_pro/.buildozer/android/platform/build-arm64-v8a/build/bootstrap_builds/sdl2/jni/SDL/include -I/home/babak/.buildozer/android/platform/android-ndk-r27c/sources/android/cpufeatures -I/home/babak/abg_analyzer_pro/.buildozer/android/platform/build-arm64-v8a/build/bootstrap_builds/sdl2/jni/SDL   -DANDROID -DGL_GLEXT_PROTOTYPES -Wall -Wextra -Wdocumentation -Wmissing-prototypes -Wunreachable-code-break -Wunneeded-internal-declaration -Wmissing-variable-declarations -Wfloat-conversion -Wshorten-64-to-32 -Wunreachable-code-return -Wshift-sign-overflow -Wstrict-prototypes -Wkeyword-macro -Wno-unused-parameter -Wno-sign-compare -Wformat -Werror=format-security  -c  /home/babak/abg_analyzer_pro/.buildozer/android/platform/build-arm64-v8a/build/bootstrap_builds/sdl2/jni/SDL/src/SDL_utils.c -o /home/babak/abg_analyzer_pro/.buildozer/android/platform/build-arm64-v8a/build/bootstrap_builds/sdl2/obj/local/arm64-v8a/objs-debug/SDL2/src/SDL_utils.o
[1m[90m[DEBUG][39m[0m:   	[arm64-v8a] Compile        : SDL2 <= SDL_audio.c
[1m[90m[DEBUG][39m[0m:   	rm -f /home/babak/abg_analyzer_pro/.buildozer/android/platform/build-arm64-v8a/build/bootstrap_builds/sdl2/obj/local/arm64-v8a/objs-debug/SDL2/src/audio/SDL_audio.o
[1m[90m[DEBUG][39m[0m:   	/usr/bin/ccache /home/babak/.buildozer/android/platform/android-ndk-r27c/toolchains/llvm/prebuilt/linux-x86_64/bin/clang -MMD -MP -MF /home/babak/abg_analyzer_pro/.buildozer/android/platform/build-arm64-v8a/build/bootstrap_builds/sdl2/obj/local/arm64-v8a/objs-debug/SDL2/src/audio/SDL_audio.o.d -target aarch64-none-linux-android24 -fdata-sections -ffunction-sections -fstack-protector-strong -funwind-tables -no-canonical-prefixes  --sysroot /home/babak/.buildozer/android/platform/android-ndk-r27c/toolchains/llvm/prebuilt/linux-x86_64/sysroot -g -Wno-invalid-command-line-argument -Wno-unused-command-line-argument  -D_FORTIFY_SOURCE=2 -fpic -O0 -UNDEBUG -fno-limit-debug-info  -I/home/babak/abg_analyzer_pro/.buildozer/android/platform/build-arm64-v8a/build/bootstrap_builds/sdl2/jni/SDL/include -I/home/babak/.buildozer/android/platform/android-ndk-r27c/sources/android/cpufeatures -I/home/babak/abg_analyzer_pro/.buildozer/android/platform/build-arm64-v8a/build/bootstrap_builds/sdl2/jni/SDL   -DANDROID -DGL_GLEXT_PROTOTYPES -Wall -Wextra -Wdocumentation -Wmissing-prototypes -Wunreachable-code-break -Wunneeded-internal-declaration -Wmissing-variable-declarations -Wfloat-conversion -Wshorten-64-to-32 -Wunreachable-code-return -Wshift-sign-overflow -Wstrict-prototypes -Wkeyword-macro -Wno-unused-parameter -Wno-sign-compare -Wformat -Werror=format-security  -c  /home/babak/abg_analyzer_pro/.buildozer/android/platform/build-arm64-v8a/build/bootstrap_builds/sdl2/jni/SDL/src/audio/SDL_audio.c -o /home/babak/abg_analyzer_pro/.buildozer/android/platform/build-arm64-v8a/build/bootstrap_builds/sdl2/obj/local/arm64-v8a/objs-debug/SDL2/src/audio/SDL_audio.o
[1m[90m[DEBUG][39m[0m:   	/home/babak/abg_analyzer_pro/.buildozer/android/platform/build-arm64-v8a/build/bootstrap_builds/sdl2/jni/SDL/src/audio/SDL_audio.c:1012:38: warning: a function declaration without a prototype is deprecated in all versions of C [-Wstrict-prototypes]
[1m[90m[DEBUG][39m[0m:   	 1012 | const char *SDL_GetCurrentAudioDriver()
[1m[90m[DEBUG][39m[0m:   	      |                                      ^
[1m[90m[DEBUG][39m[0m:   	      |                                       void
[1m[90m[DEBUG][39m[0m:   	1 warning generated.
[1m[90m[DEBUG][39m[0m:   	[arm64-v8a] Compile        : SDL2 <= SDL_audiocvt.c
[1m[90m[DEBUG][39m[0m:   	rm -f /home/babak/abg_analyzer_pro/.buildozer/android/platform/build-arm64-v8a/build/bootstrap_builds/sdl2/obj/local/arm64-v8a/objs-debug/SDL2/src/audio/SDL_audiocvt.o
[1m[90m[DEBUG][39m[0m:   	/usr/bin/ccache /home/babak/.buildozer/android/platform/android-ndk-r27c/toolchains/llvm/prebuilt/linux-x86_64/bin/clang -MMD -MP -MF /home/babak/abg_analyzer_pro/.buildozer/android/platform/build-arm64-v8a/build/bootstrap_builds/sdl2/obj/local/arm64-v8a/objs-debug/SDL2/src/audio/SDL_audiocvt.o.d -target aarch64-none-linux-android24 -fdata-sections -ffunction-sections -fstack-protector-strong -funwind-tables -no-canonical-prefixes  --sysroot /home/babak/.buildozer/android/platform/android-ndk-r27c/toolchains/llvm/prebuilt/linux-x86_64/sysroot -g -Wno-invalid-command-line-argument -Wno-unused-command-line-argument  -D_FORTIFY_SOURCE=2 -fpic -O0 -UNDEBUG -fno-limit-debug-info  -I/home/babak/abg_analyzer_pro/.buildozer/android/platform/build-arm64-v8a/build/bootstrap_builds/sdl2/jni/SDL/include -I/home/babak/.buildozer/android/platform/android-ndk-r27c/sources/android/cpufeatures -I/home/babak/abg_analyzer_pro/.buildozer/android/platform/build-arm64-v8a/build/bootstrap_builds/sdl2/jni/SDL   -DANDROID -DGL_GLEXT_PROTOTYPES -Wall -Wextra -Wdocumentation -Wmissing-prototypes -Wunreachable-code-break -Wunneeded-internal-declaration -Wmissing-variable-declarations -Wfloat-conversion -Wshorten-64-to-32 -Wunreachable-code-return -Wshift-sign-overflow -Wstrict-prototypes -Wkeyword-macro -Wno-unused-parameter -Wno-sign-compare -Wformat -Werror=format-security  -c  /home/babak/abg_analyzer_pro/.buildozer/android/platform/build-arm64-v8a/build/bootstrap_builds/sdl2/jni/SDL/src/audio/SDL_audiocvt.c -o /home/babak/abg_analyzer_pro/.buildozer/android/platform/build-arm64-v8a/build/bootstrap_builds/sdl2/obj/local/arm64-v8a/objs-debug/SDL2/src/audio/SDL_audiocvt.o
[1m[90m[DEBUG][39m[0m:   	[arm64-v8a] Compile        : SDL2 <= SDL_audiodev.c
[1m[90m[DEBUG][39m[0m:   	rm -f /home/babak/abg_analyzer_pro/.buildozer/android/platform/build-arm64-v8a/build/bootstrap_builds/sdl2/obj/local/arm64-v8a/objs-debug/SDL2/src/audio/SDL_audiodev.o
[1m[90m[DEBUG][39m[0m:   	/usr/bin/ccache /home/babak/.buildozer/android/platform/android-ndk-r27c/toolchains/llvm/prebuilt/linux-x86_64/bin/clang -MMD -MP -MF /home/babak/abg_analyzer_pro/.buildozer/android/platform/build-arm64-v8a/build/bootstrap_builds/sdl2/obj/local/arm64-v8a/objs-debug/SDL2/src/audio/SDL_audiodev.o.d -target aarch64-none-linux-android24 -fdata-sections -ffunction-sections -fstack-protector-strong -funwind-tables -no-canonical-prefixes  --sysroot /home/babak/.buildozer/android/platform/android-ndk-r27c/toolchains/llvm/prebuilt/linux-x86_64/sysroot -g -Wno-invalid-command-line-argument -Wno-unused-command-line-argument  -D_FORTIFY_SOURCE=2 -fpic -O0 -UNDEBUG -fno-limit-debug-info  -I/home/babak/abg_analyzer_pro/.buildozer/android/platform/build-arm64-v8a/build/bootstrap_builds/sdl2/jni/SDL/include -I/home/babak/.buildozer/android/platform/android-ndk-r27c/sources/android/cpufeatures -I/home/babak/abg_analyzer_pro/.buildozer/android/platform/build-arm64-v8a/build/bootstrap_builds/sdl2/jni/SDL   -DANDROID -DGL_GLEXT_PROTOTYPES -Wall -Wextra -Wdocumentation -Wmissing-prototypes -Wunreachable-code-break -Wunneeded-internal-declaration -Wmissing-variable-declarations -Wfloat-conversion -Wshorten-64-to-32 -Wunreachable-code-return -Wshift-sign-overflow -Wstrict-prototypes -Wkeyword-macro -Wno-unused-parameter -Wno-sign-compare -Wformat -Werror=format-security  -c  /home/babak/abg_analyzer_pro/.buildozer/android/platform/build-arm64-v8a/build/bootstrap_builds/sdl2/jni/SDL/src/audio/SDL_audiodev.c -o /home/babak/abg_analyzer_pro/.buildozer/android/platform/build-arm64-v8a/build/bootstrap_builds/sdl2/obj/local/arm64-v8a/objs-debug/SDL2/src/audio/SDL_audiodev.o
[1m[90m[DEBUG][39m[0m:   	[arm64-v8a] Compile        : SDL2 <= SDL_audiotypecvt.c
[1m[90m[DEBUG][39m[0m:   	rm -f /home/babak/abg_analyzer_pro/.buildozer/android/platform/build-arm64-v8a/build/bootstrap_builds/sdl2/obj/local/arm64-v8a/objs-debug/SDL2/src/audio/SDL_audiotypecvt.o
[1m[90m[DEBUG][39m[0m:   	/usr/bin/ccache /home/babak/.buildozer/android/platform/android-ndk-r27c/toolchains/llvm/prebuilt/linux-x86_64/bin/clang -MMD -MP -MF /home/babak/abg_analyzer_pro/.buildozer/android/platform/build-arm64-v8a/build/bootstrap_builds/sdl2/obj/local/arm64-v8a/objs-debug/SDL2/src/audio/SDL_audiotypecvt.o.d -target aarch64-none-linux-android24 -fdata-sections -ffunction-sections -fstack-protector-strong -funwind-tables -no-canonical-prefixes  --sysroot /home/babak/.buildozer/android/platform/android-ndk-r27c/toolchains/llvm/prebuilt/linux-x86_64/sysroot -g -Wno-invalid-command-line-argument -Wno-unused-command-line-argument  -D_FORTIFY_SOURCE=2 -fpic -O0 -UNDEBUG -fno-limit-debug-info  -I/home/babak/abg_analyzer_pro/.buildozer/android/platform/build-arm64-v8a/build/bootstrap_builds/sdl2/jni/SDL/include -I/home/babak/.buildozer/android/platform/android-ndk-r27c/sources/android/cpufeatures -I/home/babak/abg_analyzer_pro/.buildozer/android/platform/build-arm64-v8a/build/bootstrap_builds/sdl2/jni/SDL   -DANDROID -DGL_GLEXT_PROTOTYPES -Wall -Wextra -Wdocumentation -Wmissing-prototypes -Wunreachable-code-break -Wunneeded-internal-declaration -Wmissing-variable-declarations -Wfloat-conversion -Wshorten-64-to-32 -Wunreachable-code-return -Wshift-sign-overflow -Wstrict-prototypes -Wkeyword-macro -Wno-unused-parameter -Wno-sign-compare -Wformat -Werror=format-security  -c  /home/babak/abg_analyzer_pro/.buildozer/android/platform/build-arm64-v8a/build/bootstrap_builds/sdl2/jni/SDL/src/audio/SDL_audiotypecvt.c -o /home/babak/abg_analyzer_pro/.buildozer/android/platform/build-arm64-v8a/build/bootstrap_builds/sdl2/obj/local/arm64-v8a/objs-debug/SDL2/src/audio/SDL_audiotypecvt.o
[1m[90m[DEBUG][39m[0m:   	[arm64-v8a] Compile        : SDL2 <= SDL_mixer.c
[1m[90m[DEBUG][39m[0m:   	rm -f /home/babak/abg_analyzer_pro/.buildozer/android/platform/build-arm64-v8a/build/bootstrap_builds/sdl2/obj/local/arm64-v8a/objs-debug/SDL2/src/audio/SDL_mixer.o
[1m[90m[DEBUG][39m[0m:   	/usr/bin/ccache /home/babak/.buildozer/android/platform/android-ndk-r27c/toolchains/llvm/prebuilt/linux-x86_64/bin/clang -MMD -MP -MF /home/babak/abg_analyzer_pro/.buildozer/android/platform/build-arm64-v8a/build/bootstrap_builds/sdl2/obj/local/arm64-v8a/objs-debug/SDL2/src/audio/SDL_mixer.o.d -target aarch64-none-linux-android24 -fdata-sections -ffunction-sections -fstack-protector-strong -funwind-tables -no-canonical-prefixes  --sysroot /home/babak/.buildozer/android/platform/android-ndk-r27c/toolchains/llvm/prebuilt/linux-x86_64/sysroot -g -Wno-invalid-command-line-argument -Wno-unused-command-line-argument  -D_FORTIFY_SOURCE=2 -fpic -O0 -UNDEBUG -fno-limit-debug-info  -I/home/babak/abg_analyzer_pro/.buildozer/android/platform/build-arm64-v8a/build/bootstrap_builds/sdl2/jni/SDL/include -I/home/babak/.buildozer/android/platform/android-ndk-r27c/sources/android/cpufeatures -I/home/babak/abg_analyzer_pro/.buildozer/android/platform/build-arm64-v8a/build/bootstrap_builds/sdl2/jni/SDL   -DANDROID -DGL_GLEXT_PROTOTYPES -Wall -Wextra -Wdocumentation -Wmissing-prototypes -Wunreachable-code-break -Wunneeded-internal-declaration -Wmissing-variable-declarations -Wfloat-conversion -Wshorten-64-to-32 -Wunreachable-code-return -Wshift-sign-overflow -Wstrict-prototypes -Wkeyword-macro -Wno-unused-parameter -Wno-sign-compare -Wformat -Werror=format-security  -c  /home/babak/abg_analyzer_pro/.buildozer/android/platform/build-arm64-v8a/build/bootstrap_builds/sdl2/jni/SDL/src/audio/SDL_mixer.c -o /home/babak/abg_analyzer_pro/.buildozer/android/platform/build-arm64-v8a/build/bootstrap_builds/sdl2/obj/local/arm64-v8a/objs-debug/SDL2/src/audio/SDL_mixer.o
[1m[90m[DEBUG][39m[0m:   	[arm64-v8a] Compile        : SDL2 <= SDL_wave.c
[1m[90m[DEBUG][39m[0m:   	rm -f /home/babak/abg_analyzer_pro/.buildozer/android/platform/build-arm64-v8a/build/bootstrap_builds/sdl2/obj/local/arm64-v8a/objs-debug/SDL2/src/audio/SDL_wave.o
[1m[90m[DEBUG][39m[0m:   	/usr/bin/ccache /home/babak/.buildozer/android/platform/android-ndk-r27c/toolchains/llvm/prebuilt/linux-x86_64/bin/clang -MMD -MP -MF /home/babak/abg_analyzer_pro/.buildozer/android/platform/build-arm64-v8a/build/bootstrap_builds/sdl2/obj/local/arm64-v8a/objs-debug/SDL2/src/audio/SDL_wave.o.d -target aarch64-none-linux-android24 -fdata-sections -ffunction-sections -fstack-protector-strong -funwind-tables -no-canonical-prefixes  --sysroot /home/babak/.buildozer/android/platform/android-ndk-r27c/toolchains/llvm/prebuilt/linux-x86_64/sysroot -g -Wno-invalid-command-line-argument -Wno-unused-command-line-argument  -D_FORTIFY_SOURCE=2 -fpic -O0 -UNDEBUG -fno-limit-debug-info  -I/home/babak/abg_analyzer_pro/.buildozer/android/platform/build-arm64-v8a/build/bootstrap_builds/sdl2/jni/SDL/include -I/home/babak/.buildozer/android/platform/android-ndk-r27c/sources/android/cpufeatures -I/home/babak/abg_analyzer_pro/.buildozer/android/platform/build-arm64-v8a/build/bootstrap_builds/sdl2/jni/SDL   -DANDROID -DGL_GLEXT_PROTOTYPES -Wall -Wextra -Wdocumentation -Wmissing-prototypes -Wunreachable-code-break -Wunneeded-internal-declaration -Wmissing-variable-declarations -Wfloat-conversion -Wshorten-64-to-32 -Wunreachable-code-return -Wshift-sign-overflow -Wstrict-prototypes -Wkeyword-macro -Wno-unused-parameter -Wno-sign-compare -Wformat -Werror=format-security  -c  /home/babak/abg_analyzer_pro/.buildozer/android/platform/build-arm64-v8a/build/bootstrap_builds/sdl2/jni/SDL/src/audio/SDL_wave.c -o /home/babak/abg_analyzer_pro/.buildozer/android/platform/build-arm64-v8a/build/bootstrap_builds/sdl2/obj/local/arm64-v8a/objs-debug/SDL2/src/audio/SDL_wave.o
[1m[90m[DEBUG][39m[0m:   	/home/babak/abg_analyzer_pro/.buildozer/android/platform/build-arm64-v8a/build/bootstrap_builds/sdl2/jni/SDL/src/audio/SDL_wave.c:1441:44: warning: a function declaration without a prototype is deprecated in all versions of C [-Wstrict-prototypes]
[1m[90m[DEBUG][39m[0m:   	 1441 | static WaveRiffSizeHint WaveGetRiffSizeHint()
[1m[90m[DEBUG][39m[0m:   	      |                                            ^
[1m[90m[DEBUG][39m[0m:   	      |                                             void
[1m[90m[DEBUG][39m[0m:   	/home/babak/abg_analyzer_pro/.buildozer/android/platform/build-arm64-v8a/build/bootstrap_builds/sdl2/jni/SDL/src/audio/SDL_wave.c:1460:48: warning: a function declaration without a prototype is deprecated in all versions of C [-Wstrict-prototypes]
[1m[90m[DEBUG][39m[0m:   	 1460 | static WaveTruncationHint WaveGetTruncationHint()
[1m[90m[DEBUG][39m[0m:   	      |                                                ^
[1m[90m[DEBUG][39m[0m:   	      |                                                 void
[1m[90m[DEBUG][39m[0m:   	/home/babak/abg_analyzer_pro/.buildozer/android/platform/build-arm64-v8a/build/bootstrap_builds/sdl2/jni/SDL/src/audio/SDL_wave.c:1479:46: warning: a function declaration without a prototype is deprecated in all versions of C [-Wstrict-prototypes]
[1m[90m[DEBUG][39m[0m:   	 1479 | static WaveFactChunkHint WaveGetFactChunkHint()
[1m[90m[DEBUG][39m[0m:   	      |                                              ^
[1m[90m[DEBUG][39m[0m:   	      |                                               void
[1m[90m[DEBUG][39m[0m:   	3 warnings generated.
[1m[90m[DEBUG][39m[0m:   	[arm64-v8a] Compile        : SDL2 <= SDL_androidaudio.c
[1m[90m[DEBUG][39m[0m:   	rm -f /home/babak/abg_analyzer_pro/.buildozer/android/platform/build-arm64-v8a/build/bootstrap_builds/sdl2/obj/local/arm64-v8a/objs-debug/SDL2/src/audio/android/SDL_androidaudio.o
[1m[90m[DEBUG][39m[0m:   	/usr/bin/ccache /home/babak/.buildozer/android/platform/android-ndk-r27c/toolchains/llvm/prebuilt/linux-x86_64/bin/clang -MMD -MP -MF /home/babak/abg_analyzer_pro/.buildozer/android/platform/build-arm64-v8a/build/bootstrap_builds/sdl2/obj/local/arm64-v8a/objs-debug/SDL2/src/audio/android/SDL_androidaudio.o.d -target aarch64-none-linux-android24 -fdata-sections -ffunction-sections -fstack-protector-strong -funwind-tables -no-canonical-prefixes  --sysroot /home/babak/.buildozer/android/platform/android-ndk-r27c/toolchains/llvm/prebuilt/linux-x86_64/sysroot -g -Wno-invalid-command-line-argument -Wno-unused-command-line-argument  -D_FORTIFY_SOURCE=2 -fpic -O0 -UNDEBUG -fno-limit-debug-info  -I/home/babak/abg_analyzer_pro/.buildozer/android/platform/build-arm64-v8a/build/bootstrap_builds/sdl2/jni/SDL/include -I/home/babak/.buildozer/android/platform/android-ndk-r27c/sources/android/cpufeatures -I/home/babak/abg_analyzer_pro/.buildozer/android/platform/build-arm64-v8a/build/bootstrap_builds/sdl2/jni/SDL   -DANDROID -DGL_GLEXT_PROTOTYPES -Wall -Wextra -Wdocumentation -Wmissing-prototypes -Wunreachable-code-break -Wunneeded-internal-declaration -Wmissing-variable-declarations -Wfloat-conversion -Wshorten-64-to-32 -Wunreachable-code-return -Wshift-sign-overflow -Wstrict-prototypes -Wkeyword-macro -Wno-unused-parameter -Wno-sign-compare -Wformat -Werror=format-security  -c  /home/babak/abg_analyzer_pro/.buildozer/android/platform/build-arm64-v8a/build/bootstrap_builds/sdl2/jni/SDL/src/audio/android/SDL_androidaudio.c -o /home/babak/abg_analyzer_pro/.buildozer/android/platform/build-arm64-v8a/build/bootstrap_builds/sdl2/obj/local/arm64-v8a/objs-debug/SDL2/src/audio/android/SDL_androidaudio.o
[1m[90m[DEBUG][39m[0m:   	[arm64-v8a] Compile        : SDL2 <= SDL_dummyaudio.c
[1m[90m[DEBUG][39m[0m:   	rm -f /home/babak/abg_analyzer_pro/.buildozer/android/platform/build-arm64-v8a/build/bootstrap_builds/sdl2/obj/local/arm64-v8a/objs-debug/SDL2/src/audio/dummy/SDL_dummyaudio.o
[1m[90m[DEBUG][39m[0m:   	/usr/bin/ccache /home/babak/.buildozer/android/platform/android-ndk-r27c/toolchains/llvm/prebuilt/linux-x86_64/bin/clang -MMD -MP -MF /home/babak/abg_analyzer_pro/.buildozer/android/platform/build-arm64-v8a/build/bootstrap_builds/sdl2/obj/local/arm64-v8a/objs-debug/SDL2/src/audio/dummy/SDL_dummyaudio.o.d -target aarch64-none-linux-android24 -fdata-sections -ffunction-sections -fstack-protector-strong -funwind-tables -no-canonical-prefixes  --sysroot /home/babak/.buildozer/android/platform/android-ndk-r27c/toolchains/llvm/prebuilt/linux-x86_64/sysroot -g -Wno-invalid-command-line-argument -Wno-unused-command-line-argument  -D_FORTIFY_SOURCE=2 -fpic -O0 -UNDEBUG -fno-limit-debug-info  -I/home/babak/abg_analyzer_pro/.buildozer/android/platform/build-arm64-v8a/build/bootstrap_builds/sdl2/jni/SDL/include -I/home/babak/.buildozer/android/platform/android-ndk-r27c/sources/android/cpufeatures -I/home/babak/abg_analyzer_pro/.buildozer/android/platform/build-arm64-v8a/build/bootstrap_builds/sdl2/jni/SDL   -DANDROID -DGL_GLEXT_PROTOTYPES -Wall -Wextra -Wdocumentation -Wmissing-prototypes -Wunreachable-code-break -Wunneeded-internal-declaration -Wmissing-variable-declarations -Wfloat-conversion -Wshorten-64-to-32 -Wunreachable-code-return -Wshift-sign-overflow -Wstrict-prototypes -Wkeyword-macro -Wno-unused-parameter -Wno-sign-compare -Wformat -Werror=format-security  -c  /home/babak/abg_analyzer_pro/.buildozer/android/platform/build-arm64-v8a/build/bootstrap_builds/sdl2/jni/SDL/src/audio/dummy/SDL_dummyaudio.c -o /home/babak/abg_analyzer_pro/.buildozer/android/platform/build-arm64-v8a/build/bootstrap_builds/sdl2/obj/local/arm64-v8a/objs-debug/SDL2/src/audio/dummy/SDL_dummyaudio.o
[1m[90m[DEBUG][39m[0m:   	[arm64-v8a] Compile        : SDL2 <= SDL_aaudio.c
[1m[90m[DEBUG][39m[0m:   	rm -f /home/babak/abg_analyzer_pro/.buildozer/android/platform/build-arm64-v8a/build/bootstrap_builds/sdl2/obj/local/arm64-v8a/objs-debug/SDL2/src/audio/aaudio/SDL_aaudio.o
[1m[90m[DEBUG][39m[0m:   	/usr/bin/ccache /home/babak/.buildozer/android/platform/android-ndk-r27c/toolchains/llvm/prebuilt/linux-x86_64/bin/clang -MMD -MP -MF /home/babak/abg_analyzer_pro/.buildozer/android/platform/build-arm64-v8a/build/bootstrap_builds/sdl2/obj/local/arm64-v8a/objs-debug/SDL2/src/audio/aaudio/SDL_aaudio.o.d -target aarch64-none-linux-android24 -fdata-sections -ffunction-sections -fstack-protector-strong -funwind-tables -no-canonical-prefixes  --sysroot /home/babak/.buildozer/android/platform/android-ndk-r27c/toolchains/llvm/prebuilt/linux-x86_64/sysroot -g -Wno-invalid-command-line-argument -Wno-unused-command-line-argument  -D_FORTIFY_SOURCE=2 -fpic -O0 -UNDEBUG -fno-limit-debug-info  -I/home/babak/abg_analyzer_pro/.buildozer/android/platform/build-arm64-v8a/build/bootstrap_builds/sdl2/jni/SDL/include -I/home/babak/.buildozer/android/platform/android-ndk-r27c/sources/android/cpufeatures -I/home/babak/abg_analyzer_pro/.buildozer/android/platform/build-arm64-v8a/build/bootstrap_builds/sdl2/jni/SDL   -DANDROID -DGL_GLEXT_PROTOTYPES -Wall -Wextra -Wdocumentation -Wmissing-prototypes -Wunreachable-code-break -Wunneeded-internal-declaration -Wmissing-variable-declarations -Wfloat-conversion -Wshorten-64-to-32 -Wunreachable-code-return -Wshift-sign-overflow -Wstrict-prototypes -Wkeyword-macro -Wno-unused-parameter -Wno-sign-compare -Wformat -Werror=format-security  -c  /home/babak/abg_analyzer_pro/.buildozer/android/platform/build-arm64-v8a/build/bootstrap_builds/sdl2/jni/SDL/src/audio/aaudio/SDL_aaudio.c -o /home/babak/abg_analyzer_pro/.buildozer/android/platform/build-arm64-v8a/build/bootstrap_builds/sdl2/obj/local/arm64-v8a/objs-debug/SDL2/src/audio/aaudio/SDL_aaudio.o
[1m[90m[DEBUG][39m[0m:   	[arm64-v8a] Compile        : SDL2 <= SDL_openslES.c
[1m[90m[DEBUG][39m[0m:   	rm -f /home/babak/abg_analyzer_pro/.buildozer/android/platform/build-arm64-v8a/build/bootstrap_builds/sdl2/obj/local/arm64-v8a/objs-debug/SDL2/src/audio/openslES/SDL_openslES.o
[1m[90m[DEBUG][39m[0m:   	/usr/bin/ccache /home/babak/.buildozer/android/platform/android-ndk-r27c/toolchains/llvm/prebuilt/linux-x86_64/bin/clang -MMD -MP -MF /home/babak/abg_analyzer_pro/.buildozer/android/platform/build-arm64-v8a/build/bootstrap_builds/sdl2/obj/local/arm64-v8a/objs-debug/SDL2/src/audio/openslES/SDL_openslES.o.d -target aarch64-none-linux-android24 -fdata-sections -ffunction-sections -fstack-protector-strong -funwind-tables -no-canonical-prefixes  --sysroot /home/babak/.buildozer/android/platform/android-ndk-r27c/toolchains/llvm/prebuilt/linux-x86_64/sysroot -g -Wno-invalid-command-line-argument -Wno-unused-command-line-argument  -D_FORTIFY_SOURCE=2 -fpic -O0 -UNDEBUG -fno-limit-debug-info  -I/home/babak/abg_analyzer_pro/.buildozer/android/platform/build-arm64-v8a/build/bootstrap_builds/sdl2/jni/SDL/include -I/home/babak/.buildozer/android/platform/android-ndk-r27c/sources/android/cpufeatures -I/home/babak/abg_analyzer_pro/.buildozer/android/platform/build-arm64-v8a/build/bootstrap_builds/sdl2/jni/SDL   -DANDROID -DGL_GLEXT_PROTOTYPES -Wall -Wextra -Wdocumentation -Wmissing-prototypes -Wunreachable-code-break -Wunneeded-internal-declaration -Wmissing-variable-declarations -Wfloat-conversion -Wshorten-64-to-32 -Wunreachable-code-return -Wshift-sign-overflow -Wstrict-prototypes -Wkeyword-macro -Wno-unused-parameter -Wno-sign-compare -Wformat -Werror=format-security  -c  /home/babak/abg_analyzer_pro/.buildozer/android/platform/build-arm64-v8a/build/bootstrap_builds/sdl2/jni/SDL/src/audio/openslES/SDL_openslES.c -o /home/babak/abg_analyzer_pro/.buildozer/android/platform/build-arm64-v8a/build/bootstrap_builds/sdl2/obj/local/arm64-v8a/objs-debug/SDL2/src/audio/openslES/SDL_openslES.o
[1m[90m[DEBUG][39m[0m:   	[arm64-v8a] Compile        : SDL2 <= SDL_atomic.c
[1m[90m[DEBUG][39m[0m:   	rm -f /home/babak/abg_analyzer_pro/.buildozer/android/platform/build-arm64-v8a/build/bootstrap_builds/sdl2/obj/local/arm64-v8a/objs-debug/SDL2/src/atomic/SDL_atomic.o
[1m[90m[DEBUG][39m[0m:   	/usr/bin/ccache /home/babak/.buildozer/android/platform/android-ndk-r27c/toolchains/llvm/prebuilt/linux-x86_64/bin/clang -MMD -MP -MF /home/babak/abg_analyzer_pro/.buildozer/android/platform/build-arm64-v8a/build/bootstrap_builds/sdl2/obj/local/arm64-v8a/objs-debug/SDL2/src/atomic/SDL_atomic.o.d -target aarch64-none-linux-android24 -fdata-sections -ffunction-sections -fstack-protector-strong -funwind-tables -no-canonical-prefixes  --sysroot /home/babak/.buildozer/android/platform/android-ndk-r27c/toolchains/llvm/prebuilt/linux-x86_64/sysroot -g -Wno-invalid-command-line-argument -Wno-unused-command-line-argument  -D_FORTIFY_SOURCE=2 -fpic -O0 -UNDEBUG -fno-limit-debug-info  -I/home/babak/abg_analyzer_pro/.buildozer/android/platform/build-arm64-v8a/build/bootstrap_builds/sdl2/jni/SDL/include -I/home/babak/.buildozer/android/platform/android-ndk-r27c/sources/android/cpufeatures -I/home/babak/abg_analyzer_pro/.buildozer/android/platform/build-arm64-v8a/build/bootstrap_builds/sdl2/jni/SDL   -DANDROID -DGL_GLEXT_PROTOTYPES -Wall -Wextra -Wdocumentation -Wmissing-prototypes -Wunreachable-code-break -Wunneeded-internal-declaration -Wmissing-variable-declarations -Wfloat-conversion -Wshorten-64-to-32 -Wunreachable-code-return -Wshift-sign-overflow -Wstrict-prototypes -Wkeyword-macro -Wno-unused-parameter -Wno-sign-compare -Wformat -Werror=format-security  -c  /home/babak/abg_analyzer_pro/.buildozer/android/platform/build-arm64-v8a/build/bootstrap_builds/sdl2/jni/SDL/src/atomic/SDL_atomic.c -o /home/babak/abg_analyzer_pro/.buildozer/android/platform/build-arm64-v8a/build/bootstrap_builds/sdl2/obj/local/arm64-v8a/objs-debug/SDL2/src/atomic/SDL_atomic.o
[1m[90m[DEBUG][39m[0m:   	[arm64-v8a] Compile        : SDL2 <= SDL_spinlock.c
[1m[90m[DEBUG][39m[0m:   	rm -f /home/babak/abg_analyzer_pro/.buildozer/android/platform/build-arm64-v8a/build/bootstrap_builds/sdl2/obj/local/arm64-v8a/objs-debug/SDL2/src/atomic/SDL_spinlock.o
[1m[90m[DEBUG][39m[0m:   	/usr/bin/ccache /home/babak/.buildozer/android/platform/android-ndk-r27c/toolchains/llvm/prebuilt/linux-x86_64/bin/clang -MMD -MP -MF /home/babak/abg_analyzer_pro/.buildozer/android/platform/build-arm64-v8a/build/bootstrap_builds/sdl2/obj/local/arm64-v8a/objs-debug/SDL2/src/atomic/SDL_spinlock.o.d -target aarch64-none-linux-android24 -fdata-sections -ffunction-sections -fstack-protector-strong -funwind-tables -no-canonical-prefixes  --sysroot /home/babak/.buildozer/android/platform/android-ndk-r27c/toolchains/llvm/prebuilt/linux-x86_64/sysroot -g -Wno-invalid-command-line-argument -Wno-unused-command-line-argument  -D_FORTIFY_SOURCE=2 -fpic -O0 -UNDEBUG -fno-limit-debug-info  -I/home/babak/abg_analyzer_pro/.buildozer/android/platform/build-arm64-v8a/build/bootstrap_builds/sdl2/jni/SDL/include -I/home/babak/.buildozer/android/platform/android-ndk-r27c/sources/android/cpufeatures -I/home/babak/abg_analyzer_pro/.buildozer/android/platform/build-arm64-v8a/build/bootstrap_builds/sdl2/jni/SDL   -DANDROID -DGL_GLEXT_PROTOTYPES -Wall -Wextra -Wdocumentation -Wmissing-prototypes -Wunreachable-code-break -Wunneeded-internal-declaration -Wmissing-variable-declarations -Wfloat-conversion -Wshorten-64-to-32 -Wunreachable-code-return -Wshift-sign-overflow -Wstrict-prototypes -Wkeyword-macro -Wno-unused-parameter -Wno-sign-compare -Wformat -Werror=format-security  -c  /home/babak/abg_analyzer_pro/.buildozer/android/platform/build-arm64-v8a/build/bootstrap_builds/sdl2/jni/SDL/src/atomic/SDL_spinlock.c -o /home/babak/abg_analyzer_pro/.buildozer/android/platform/build-arm64-v8a/build/bootstrap_builds/sdl2/obj/local/arm64-v8a/objs-debug/SDL2/src/atomic/SDL_spinlock.o
[1m[90m[DEBUG][39m[0m:   	[arm64-v8a] Compile        : SDL2 <= SDL_android.c
[1m[90m[DEBUG][39m[0m:   	rm -f /home/babak/abg_analyzer_pro/.buildozer/android/platform/build-arm64-v8a/build/bootstrap_builds/sdl2/obj/local/arm64-v8a/objs-debug/SDL2/src/core/android/SDL_android.o
[1m[90m[DEBUG][39m[0m:   	/usr/bin/ccache /home/babak/.buildozer/android/platform/android-ndk-r27c/toolchains/llvm/prebuilt/linux-x86_64/bin/clang -MMD -MP -MF /home/babak/abg_analyzer_pro/.buildozer/android/platform/build-arm64-v8a/build/bootstrap_builds/sdl2/obj/local/arm64-v8a/objs-debug/SDL2/src/core/android/SDL_android.o.d -target aarch64-none-linux-android24 -fdata-sections -ffunction-sections -fstack-protector-strong -funwind-tables -no-canonical-prefixes  --sysroot /home/babak/.buildozer/android/platform/android-ndk-r27c/toolchains/llvm/prebuilt/linux-x86_64/sysroot -g -Wno-invalid-command-line-argument -Wno-unused-command-line-argument  -D_FORTIFY_SOURCE=2 -fpic -O0 -UNDEBUG -fno-limit-debug-info  -I/home/babak/abg_analyzer_pro/.buildozer/android/platform/build-arm64-v8a/build/bootstrap_builds/sdl2/jni/SDL/include -I/home/babak/.buildozer/android/platform/android-ndk-r27c/sources/android/cpufeatures -I/home/babak/abg_analyzer_pro/.buildozer/android/platform/build-arm64-v8a/build/bootstrap_builds/sdl2/jni/SDL   -DANDROID -DGL_GLEXT_PROTOTYPES -Wall -Wextra -Wdocumentation -Wmissing-prototypes -Wunreachable-code-break -Wunneeded-internal-declaration -Wmissing-variable-declarations -Wfloat-conversion -Wshorten-64-to-32 -Wunreachable-code-return -Wshift-sign-overflow -Wstrict-prototypes -Wkeyword-macro -Wno-unused-parameter -Wno-sign-compare -Wformat -Werror=format-security  -c  /home/babak/abg_analyzer_pro/.buildozer/android/platform/build-arm64-v8a/build/bootstrap_builds/sdl2/jni/SDL/src/core/android/SDL_android.c -o /home/babak/abg_analyzer_pro/.buildozer/android/platform/build-arm64-v8a/build/bootstrap_builds/sdl2/obj/local/arm64-v8a/objs-debug/SDL2/src/core/android/SDL_android.o
[1m[90m[DEBUG][39m[0m:   	/home/babak/abg_analyzer_pro/.buildozer/android/platform/build-arm64-v8a/build/bootstrap_builds/sdl2/jni/SDL/src/core/android/SDL_android.c:845:32: warning: a function declaration without a prototype is deprecated in all versions of C [-Wstrict-prototypes]
[1m[90m[DEBUG][39m[0m:   	  845 | void Android_ActivityMutex_Lock()
[1m[90m[DEBUG][39m[0m:   	      |                                ^
[1m[90m[DEBUG][39m[0m:   	      |                                 void
[1m[90m[DEBUG][39m[0m:   	/home/babak/abg_analyzer_pro/.buildozer/android/platform/build-arm64-v8a/build/bootstrap_builds/sdl2/jni/SDL/src/core/android/SDL_android.c:850:34: warning: a function declaration without a prototype is deprecated in all versions of C [-Wstrict-prototypes]
[1m[90m[DEBUG][39m[0m:   	  850 | void Android_ActivityMutex_Unlock()
[1m[90m[DEBUG][39m[0m:   	      |                                  ^
[1m[90m[DEBUG][39m[0m:   	      |                                   void
[1m[90m[DEBUG][39m[0m:   	/home/babak/abg_analyzer_pro/.buildozer/android/platform/build-arm64-v8a/build/bootstrap_builds/sdl2/jni/SDL/src/core/android/SDL_android.c:856:40: warning: a function declaration without a prototype is deprecated in all versions of C [-Wstrict-prototypes]
[1m[90m[DEBUG][39m[0m:   	  856 | void Android_ActivityMutex_Lock_Running()
[1m[90m[DEBUG][39m[0m:   	      |                                        ^
[1m[90m[DEBUG][39m[0m:   	      |                                         void
[1m[90m[DEBUG][39m[0m:   	/home/babak/abg_analyzer_pro/.buildozer/android/platform/build-arm64-v8a/build/bootstrap_builds/sdl2/jni/SDL/src/core/android/SDL_android.c:1442:30: warning: a function declaration without a prototype is deprecated in all versions of C [-Wstrict-prototypes]
[1m[90m[DEBUG][39m[0m:   	 1442 | void Android_JNI_MinizeWindow()
[1m[90m[DEBUG][39m[0m:   	      |                              ^
[1m[90m[DEBUG][39m[0m:   	      |                               void
[1m[90m[DEBUG][39m[0m:   	/home/babak/abg_analyzer_pro/.buildozer/android/platform/build-arm64-v8a/build/bootstrap_builds/sdl2/jni/SDL/src/core/android/SDL_android.c:1448:47: warning: a function declaration without a prototype is deprecated in all versions of C [-Wstrict-prototypes]
[1m[90m[DEBUG][39m[0m:   	 1448 | SDL_bool Android_JNI_ShouldMinimizeOnFocusLoss()
[1m[90m[DEBUG][39m[0m:   	      |                                               ^
[1m[90m[DEBUG][39m[0m:   	      |                                                void
[1m[90m[DEBUG][39m[0m:   	/home/babak/abg_analyzer_pro/.buildozer/android/platform/build-arm64-v8a/build/bootstrap_builds/sdl2/jni/SDL/src/core/android/SDL_android.c:1882:49: warning: a function declaration without a prototype is deprecated in all versions of C [-Wstrict-prototypes]
[1m[90m[DEBUG][39m[0m:   	 1882 | static void Internal_Android_Create_AssetManager()
[1m[90m[DEBUG][39m[0m:   	      |                                                 ^
[1m[90m[DEBUG][39m[0m:   	      |                                                  void
[1m[90m[DEBUG][39m[0m:   	/home/babak/abg_analyzer_pro/.buildozer/android/platform/build-arm64-v8a/build/bootstrap_builds/sdl2/jni/SDL/src/core/android/SDL_android.c:1921:50: warning: a function declaration without a prototype is deprecated in all versions of C [-Wstrict-prototypes]
[1m[90m[DEBUG][39m[0m:   	 1921 | static void Internal_Android_Destroy_AssetManager()
[1m[90m[DEBUG][39m[0m:   	      |                                                  ^
[1m[90m[DEBUG][39m[0m:   	      |                                                   void
[1m[90m[DEBUG][39m[0m:   	/home/babak/abg_analyzer_pro/.buildozer/android/platform/build-arm64-v8a/build/bootstrap_builds/sdl2/jni/SDL/src/core/android/SDL_android.c:2156:27: warning: a function declaration without a prototype is deprecated in all versions of C [-Wstrict-prototypes]
[1m[90m[DEBUG][39m[0m:   	 2156 | void Android_JNI_InitTouch()
[1m[90m[DEBUG][39m[0m:   	      |                           ^
[1m[90m[DEBUG][39m[0m:   	      |                            void
[1m[90m[DEBUG][39m[0m:   	8 warnings generated.
[1m[90m[DEBUG][39m[0m:   	[arm64-v8a] Compile        : SDL2 <= SDL_cpuinfo.c
[1m[90m[DEBUG][39m[0m:   	rm -f /home/babak/abg_analyzer_pro/.buildozer/android/platform/build-arm64-v8a/build/bootstrap_builds/sdl2/obj/local/arm64-v8a/objs-debug/SDL2/src/cpuinfo/SDL_cpuinfo.o
[1m[90m[DEBUG][39m[0m:   	/usr/bin/ccache /home/babak/.buildozer/android/platform/android-ndk-r27c/toolchains/llvm/prebuilt/linux-x86_64/bin/clang -MMD -MP -MF /home/babak/abg_analyzer_pro/.buildozer/android/platform/build-arm64-v8a/build/bootstrap_builds/sdl2/obj/local/arm64-v8a/objs-debug/SDL2/src/cpuinfo/SDL_cpuinfo.o.d -target aarch64-none-linux-android24 -fdata-sections -ffunction-sections -fstack-protector-strong -funwind-tables -no-canonical-prefixes  --sysroot /home/babak/.buildozer/android/platform/android-ndk-r27c/toolchains/llvm/prebuilt/linux-x86_64/sysroot -g -Wno-invalid-command-line-argument -Wno-unused-command-line-argument  -D_FORTIFY_SOURCE=2 -fpic -O0 -UNDEBUG -fno-limit-debug-info  -I/home/babak/abg_analyzer_pro/.buildozer/android/platform/build-arm64-v8a/build/bootstrap_builds/sdl2/jni/SDL/include -I/home/babak/.buildozer/android/platform/android-ndk-r27c/sources/android/cpufeatures -I/home/babak/abg_analyzer_pro/.buildozer/android/platform/build-arm64-v8a/build/bootstrap_builds/sdl2/jni/SDL   -DANDROID -DGL_GLEXT_PROTOTYPES -Wall -Wextra -Wdocumentation -Wmissing-prototypes -Wunreachable-code-break -Wunneeded-internal-declaration -Wmissing-variable-declarations -Wfloat-conversion -Wshorten-64-to-32 -Wunreachable-code-return -Wshift-sign-overflow -Wstrict-prototypes -Wkeyword-macro -Wno-unused-parameter -Wno-sign-compare -Wformat -Werror=format-security  -c  /home/babak/abg_analyzer_pro/.buildozer/android/platform/build-arm64-v8a/build/bootstrap_builds/sdl2/jni/SDL/src/cpuinfo/SDL_cpuinfo.c -o /home/babak/abg_analyzer_pro/.buildozer/android/platform/build-arm64-v8a/build/bootstrap_builds/sdl2/obj/local/arm64-v8a/objs-debug/SDL2/src/cpuinfo/SDL_cpuinfo.o
[1m[90m[DEBUG][39m[0m:   	[arm64-v8a] Compile        : SDL2 <= SDL_dynapi.c
[1m[90m[DEBUG][39m[0m:   	rm -f /home/babak/abg_analyzer_pro/.buildozer/android/platform/build-arm64-v8a/build/bootstrap_builds/sdl2/obj/local/arm64-v8a/objs-debug/SDL2/src/dynapi/SDL_dynapi.o
[1m[90m[DEBUG][39m[0m:   	/usr/bin/ccache /home/babak/.buildozer/android/platform/android-ndk-r27c/toolchains/llvm/prebuilt/linux-x86_64/bin/clang -MMD -MP -MF /home/babak/abg_analyzer_pro/.buildozer/android/platform/build-arm64-v8a/build/bootstrap_builds/sdl2/obj/local/arm64-v8a/objs-debug/SDL2/src/dynapi/SDL_dynapi.o.d -target aarch64-none-linux-android24 -fdata-sections -ffunction-sections -fstack-protector-strong -funwind-tables -no-canonical-prefixes  --sysroot /home/babak/.buildozer/android/platform/android-ndk-r27c/toolchains/llvm/prebuilt/linux-x86_64/sysroot -g -Wno-invalid-command-line-argument -Wno-unused-command-line-argument  -D_FORTIFY_SOURCE=2 -fpic -O0 -UNDEBUG -fno-limit-debug-info  -I/home/babak/abg_analyzer_pro/.buildozer/android/platform/build-arm64-v8a/build/bootstrap_builds/sdl2/jni/SDL/include -I/home/babak/.buildozer/android/platform/android-ndk-r27c/sources/android/cpufeatures -I/home/babak/abg_analyzer_pro/.buildozer/android/platform/build-arm64-v8a/build/bootstrap_builds/sdl2/jni/SDL   -DANDROID -DGL_GLEXT_PROTOTYPES -Wall -Wextra -Wdocumentation -Wmissing-prototypes -Wunreachable-code-break -Wunneeded-internal-declaration -Wmissing-variable-declarations -Wfloat-conversion -Wshorten-64-to-32 -Wunreachable-code-return -Wshift-sign-overflow -Wstrict-prototypes -Wkeyword-macro -Wno-unused-parameter -Wno-sign-compare -Wformat -Werror=format-security  -c  /home/babak/abg_analyzer_pro/.buildozer/android/platform/build-arm64-v8a/build/bootstrap_builds/sdl2/jni/SDL/src/dynapi/SDL_dynapi.c -o /home/babak/abg_analyzer_pro/.buildozer/android/platform/build-arm64-v8a/build/bootstrap_builds/sdl2/obj/local/arm64-v8a/objs-debug/SDL2/src/dynapi/SDL_dynapi.o
[1m[90m[DEBUG][39m[0m:   	[arm64-v8a] Compile        : SDL2 <= SDL_clipboardevents.c
[1m[90m[DEBUG][39m[0m:   	rm -f /home/babak/abg_analyzer_pro/.buildozer/android/platform/build-arm64-v8a/build/bootstrap_builds/sdl2/obj/local/arm64-v8a/objs-debug/SDL2/src/events/SDL_clipboardevents.o
[1m[90m[DEBUG][39m[0m:   	/usr/bin/ccache /home/babak/.buildozer/android/platform/android-ndk-r27c/toolchains/llvm/prebuilt/linux-x86_64/bin/clang -MMD -MP -MF /home/babak/abg_analyzer_pro/.buildozer/android/platform/build-arm64-v8a/build/bootstrap_builds/sdl2/obj/local/arm64-v8a/objs-debug/SDL2/src/events/SDL_clipboardevents.o.d -target aarch64-none-linux-android24 -fdata-sections -ffunction-sections -fstack-protector-strong -funwind-tables -no-canonical-prefixes  --sysroot /home/babak/.buildozer/android/platform/android-ndk-r27c/toolchains/llvm/prebuilt/linux-x86_64/sysroot -g -Wno-invalid-command-line-argument -Wno-unused-command-line-argument  -D_FORTIFY_SOURCE=2 -fpic -O0 -UNDEBUG -fno-limit-debug-info  -I/home/babak/abg_analyzer_pro/.buildozer/android/platform/build-arm64-v8a/build/bootstrap_builds/sdl2/jni/SDL/include -I/home/babak/.buildozer/android/platform/android-ndk-r27c/sources/android/cpufeatures -I/home/babak/abg_analyzer_pro/.buildozer/android/platform/build-arm64-v8a/build/bootstrap_builds/sdl2/jni/SDL   -DANDROID -DGL_GLEXT_PROTOTYPES -Wall -Wextra -Wdocumentation -Wmissing-prototypes -Wunreachable-code-break -Wunneeded-internal-declaration -Wmissing-variable-declarations -Wfloat-conversion -Wshorten-64-to-32 -Wunreachable-code-return -Wshift-sign-overflow -Wstrict-prototypes -Wkeyword-macro -Wno-unused-parameter -Wno-sign-compare -Wformat -Werror=format-security  -c  /home/babak/abg_analyzer_pro/.buildozer/android/platform/build-arm64-v8a/build/bootstrap_builds/sdl2/jni/SDL/src/events/SDL_clipboardevents.c -o /home/babak/abg_analyzer_pro/.buildozer/android/platform/build-arm64-v8a/build/bootstrap_builds/sdl2/obj/local/arm64-v8a/objs-debug/SDL2/src/events/SDL_clipboardevents.o
[1m[90m[DEBUG][39m[0m:   	[arm64-v8a] Compile        : SDL2 <= SDL_displayevents.c
[1m[90m[DEBUG][39m[0m:   	rm -f /home/babak/abg_analyzer_pro/.buildozer/android/platform/build-arm64-v8a/build/bootstrap_builds/sdl2/obj/local/arm64-v8a/objs-debug/SDL2/src/events/SDL_displayevents.o
[1m[90m[DEBUG][39m[0m:   	/usr/bin/ccache /home/babak/.buildozer/android/platform/android-ndk-r27c/toolchains/llvm/prebuilt/linux-x86_64/bin/clang -MMD -MP -MF /home/babak/abg_analyzer_pro/.buildozer/android/platform/build-arm64-v8a/build/bootstrap_builds/sdl2/obj/local/arm64-v8a/objs-debug/SDL2/src/events/SDL_displayevents.o.d -target aarch64-none-linux-android24 -fdata-sections -ffunction-sections -fstack-protector-strong -funwind-tables -no-canonical-prefixes  --sysroot /home/babak/.buildozer/android/platform/android-ndk-r27c/toolchains/llvm/prebuilt/linux-x86_64/sysroot -g -Wno-invalid-command-line-argument -Wno-unused-command-line-argument  -D_FORTIFY_SOURCE=2 -fpic -O0 -UNDEBUG -fno-limit-debug-info  -I/home/babak/abg_analyzer_pro/.buildozer/android/platform/build-arm64-v8a/build/bootstrap_builds/sdl2/jni/SDL/include -I/home/babak/.buildozer/android/platform/android-ndk-r27c/sources/android/cpufeatures -I/home/babak/abg_analyzer_pro/.buildozer/android/platform/build-arm64-v8a/build/bootstrap_builds/sdl2/jni/SDL   -DANDROID -DGL_GLEXT_PROTOTYPES -Wall -Wextra -Wdocumentation -Wmissing-prototypes -Wunreachable-code-break -Wunneeded-internal-declaration -Wmissing-variable-declarations -Wfloat-conversion -Wshorten-64-to-32 -Wunreachable-code-return -Wshift-sign-overflow -Wstrict-prototypes -Wkeyword-macro -Wno-unused-parameter -Wno-sign-compare -Wformat -Werror=format-security  -c  /home/babak/abg_analyzer_pro/.buildozer/android/platform/build-arm64-v8a/build/bootstrap_builds/sdl2/jni/SDL/src/events/SDL_displayevents.c -o /home/babak/abg_analyzer_pro/.buildozer/android/platform/build-arm64-v8a/build/bootstrap_builds/sdl2/obj/local/arm64-v8a/objs-debug/SDL2/src/events/SDL_displayevents.o
[1m[90m[DEBUG][39m[0m:   	[arm64-v8a] Compile        : SDL2 <= SDL_dropevents.c
[1m[90m[DEBUG][39m[0m:   	rm -f /home/babak/abg_analyzer_pro/.buildozer/android/platform/build-arm64-v8a/build/bootstrap_builds/sdl2/obj/local/arm64-v8a/objs-debug/SDL2/src/events/SDL_dropevents.o
[1m[90m[DEBUG][39m[0m:   	/usr/bin/ccache /home/babak/.buildozer/android/platform/android-ndk-r27c/toolchains/llvm/prebuilt/linux-x86_64/bin/clang -MMD -MP -MF /home/babak/abg_analyzer_pro/.buildozer/android/platform/build-arm64-v8a/build/bootstrap_builds/sdl2/obj/local/arm64-v8a/objs-debug/SDL2/src/events/SDL_dropevents.o.d -target aarch64-none-linux-android24 -fdata-sections -ffunction-sections -fstack-protector-strong -funwind-tables -no-canonical-prefixes  --sysroot /home/babak/.buildozer/android/platform/android-ndk-r27c/toolchains/llvm/prebuilt/linux-x86_64/sysroot -g -Wno-invalid-command-line-argument -Wno-unused-command-line-argument  -D_FORTIFY_SOURCE=2 -fpic -O0 -UNDEBUG -fno-limit-debug-info  -I/home/babak/abg_analyzer_pro/.buildozer/android/platform/build-arm64-v8a/build/bootstrap_builds/sdl2/jni/SDL/include -I/home/babak/.buildozer/android/platform/android-ndk-r27c/sources/android/cpufeatures -I/home/babak/abg_analyzer_pro/.buildozer/android/platform/build-arm64-v8a/build/bootstrap_builds/sdl2/jni/SDL   -DANDROID -DGL_GLEXT_PROTOTYPES -Wall -Wextra -Wdocumentation -Wmissing-prototypes -Wunreachable-code-break -Wunneeded-internal-declaration -Wmissing-variable-declarations -Wfloat-conversion -Wshorten-64-to-32 -Wunreachable-code-return -Wshift-sign-overflow -Wstrict-prototypes -Wkeyword-macro -Wno-unused-parameter -Wno-sign-compare -Wformat -Werror=format-security  -c  /home/babak/abg_analyzer_pro/.buildozer/android/platform/build-arm64-v8a/build/bootstrap_builds/sdl2/jni/SDL/src/events/SDL_dropevents.c -o /home/babak/abg_analyzer_pro/.buildozer/android/platform/build-arm64-v8a/build/bootstrap_builds/sdl2/obj/local/arm64-v8a/objs-debug/SDL2/src/events/SDL_dropevents.o
[1m[90m[DEBUG][39m[0m:   	[arm64-v8a] Compile        : SDL2 <= SDL_events.c
[1m[90m[DEBUG][39m[0m:   	rm -f /home/babak/abg_analyzer_pro/.buildozer/android/platform/build-arm64-v8a/build/bootstrap_builds/sdl2/obj/local/arm64-v8a/objs-debug/SDL2/src/events/SDL_events.o
[1m[90m[DEBUG][39m[0m:   	/usr/bin/ccache /home/babak/.buildozer/android/platform/android-ndk-r27c/toolchains/llvm/prebuilt/linux-x86_64/bin/clang -MMD -MP -MF /home/babak/abg_analyzer_pro/.buildozer/android/platform/build-arm64-v8a/build/bootstrap_builds/sdl2/obj/local/arm64-v8a/objs-debug/SDL2/src/events/SDL_events.o.d -target aarch64-none-linux-android24 -fdata-sections -ffunction-sections -fstack-protector-strong -funwind-tables -no-canonical-prefixes  --sysroot /home/babak/.buildozer/android/platform/android-ndk-r27c/toolchains/llvm/prebuilt/linux-x86_64/sysroot -g -Wno-invalid-command-line-argument -Wno-unused-command-line-argument  -D_FORTIFY_SOURCE=2 -fpic -O0 -UNDEBUG -fno-limit-debug-info  -I/home/babak/abg_analyzer_pro/.buildozer/android/platform/build-arm64-v8a/build/bootstrap_builds/sdl2/jni/SDL/include -I/home/babak/.buildozer/android/platform/android-ndk-r27c/sources/android/cpufeatures -I/home/babak/abg_analyzer_pro/.buildozer/android/platform/build-arm64-v8a/build/bootstrap_builds/sdl2/jni/SDL   -DANDROID -DGL_GLEXT_PROTOTYPES -Wall -Wextra -Wdocumentation -Wmissing-prototypes -Wunreachable-code-break -Wunneeded-internal-declaration -Wmissing-variable-declarations -Wfloat-conversion -Wshorten-64-to-32 -Wunreachable-code-return -Wshift-sign-overflow -Wstrict-prototypes -Wkeyword-macro -Wno-unused-parameter -Wno-sign-compare -Wformat -Werror=format-security  -c  /home/babak/abg_analyzer_pro/.buildozer/android/platform/build-arm64-v8a/build/bootstrap_builds/sdl2/jni/SDL/src/events/SDL_events.c -o /home/babak/abg_analyzer_pro/.buildozer/android/platform/build-arm64-v8a/build/bootstrap_builds/sdl2/obj/local/arm64-v8a/objs-debug/SDL2/src/events/SDL_events.o
[1m[90m[DEBUG][39m[0m:   	/home/babak/abg_analyzer_pro/.buildozer/android/platform/build-arm64-v8a/build/bootstrap_builds/sdl2/jni/SDL/src/events/SDL_events.c:740:31: warning: a function declaration without a prototype is deprecated in all versions of C [-Wstrict-prototypes]
[1m[90m[DEBUG][39m[0m:   	  740 | static int SDL_SendWakeupEvent()
[1m[90m[DEBUG][39m[0m:   	      |                               ^
[1m[90m[DEBUG][39m[0m:   	      |                                void
[1m[90m[DEBUG][39m[0m:   	/home/babak/abg_analyzer_pro/.buildozer/android/platform/build-arm64-v8a/build/bootstrap_builds/sdl2/jni/SDL/src/events/SDL_events.c:955:20: warning: a function declaration without a prototype is deprecated in all versions of C [-Wstrict-prototypes]
[1m[90m[DEBUG][39m[0m:   	  955 | void SDL_PumpEvents()
[1m[90m[DEBUG][39m[0m:   	      |                    ^
[1m[90m[DEBUG][39m[0m:   	      |                     void
[1m[90m[DEBUG][39m[0m:   	/home/babak/abg_analyzer_pro/.buildozer/android/platform/build-arm64-v8a/build/bootstrap_builds/sdl2/jni/SDL/src/events/SDL_events.c:967:46: warning: a function declaration without a prototype is deprecated in all versions of C [-Wstrict-prototypes]
[1m[90m[DEBUG][39m[0m:   	  967 | static SDL_bool SDL_events_need_periodic_poll()
[1m[90m[DEBUG][39m[0m:   	      |                                              ^
[1m[90m[DEBUG][39m[0m:   	      |                                               void
[1m[90m[DEBUG][39m[0m:   	/home/babak/abg_analyzer_pro/.buildozer/android/platform/build-arm64-v8a/build/bootstrap_builds/sdl2/jni/SDL/src/events/SDL_events.c:1052:40: warning: a function declaration without a prototype is deprecated in all versions of C [-Wstrict-prototypes]
[1m[90m[DEBUG][39m[0m:   	 1052 | static SDL_bool SDL_events_need_polling()
[1m[90m[DEBUG][39m[0m:   	      |                                        ^
[1m[90m[DEBUG][39m[0m:   	      |                                         void
[1m[90m[DEBUG][39m[0m:   	4 warnings generated.
[1m[90m[DEBUG][39m[0m:   	[arm64-v8a] Compile        : SDL2 <= SDL_gesture.c
[1m[90m[DEBUG][39m[0m:   	rm -f /home/babak/abg_analyzer_pro/.buildozer/android/platform/build-arm64-v8a/build/bootstrap_builds/sdl2/obj/local/arm64-v8a/objs-debug/SDL2/src/events/SDL_gesture.o
[1m[90m[DEBUG][39m[0m:   	/usr/bin/ccache /home/babak/.buildozer/android/platform/android-ndk-r27c/toolchains/llvm/prebuilt/linux-x86_64/bin/clang -MMD -MP -MF /home/babak/abg_analyzer_pro/.buildozer/android/platform/build-arm64-v8a/build/bootstrap_builds/sdl2/obj/local/arm64-v8a/objs-debug/SDL2/src/events/SDL_gesture.o.d -target aarch64-none-linux-android24 -fdata-sections -ffunction-sections -fstack-protector-strong -funwind-tables -no-canonical-prefixes  --sysroot /home/babak/.buildozer/android/platform/android-ndk-r27c/toolchains/llvm/prebuilt/linux-x86_64/sysroot -g -Wno-invalid-command-line-argument -Wno-unused-command-line-argument  -D_FORTIFY_SOURCE=2 -fpic -O0 -UNDEBUG -fno-limit-debug-info  -I/home/babak/abg_analyzer_pro/.buildozer/android/platform/build-arm64-v8a/build/bootstrap_builds/sdl2/jni/SDL/include -I/home/babak/.buildozer/android/platform/android-ndk-r27c/sources/android/cpufeatures -I/home/babak/abg_analyzer_pro/.buildozer/android/platform/build-arm64-v8a/build/bootstrap_builds/sdl2/jni/SDL   -DANDROID -DGL_GLEXT_PROTOTYPES -Wall -Wextra -Wdocumentation -Wmissing-prototypes -Wunreachable-code-break -Wunneeded-internal-declaration -Wmissing-variable-declarations -Wfloat-conversion -Wshorten-64-to-32 -Wunreachable-code-return -Wshift-sign-overflow -Wstrict-prototypes -Wkeyword-macro -Wno-unused-parameter -Wno-sign-compare -Wformat -Werror=format-security  -c  /home/babak/abg_analyzer_pro/.buildozer/android/platform/build-arm64-v8a/build/bootstrap_builds/sdl2/jni/SDL/src/events/SDL_gesture.c -o /home/babak/abg_analyzer_pro/.buildozer/android/platform/build-arm64-v8a/build/bootstrap_builds/sdl2/obj/local/arm64-v8a/objs-debug/SDL2/src/events/SDL_gesture.o
[1m[90m[DEBUG][39m[0m:   	/home/babak/abg_analyzer_pro/.buildozer/android/platform/build-arm64-v8a/build/bootstrap_builds/sdl2/jni/SDL/src/events/SDL_gesture.c:113:21: warning: a function declaration without a prototype is deprecated in all versions of C [-Wstrict-prototypes]
[1m[90m[DEBUG][39m[0m:   	  113 | void SDL_GestureQuit()
[1m[90m[DEBUG][39m[0m:   	      |                     ^
[1m[90m[DEBUG][39m[0m:   	      |                      void
[1m[90m[DEBUG][39m[0m:   	1 warning generated.
[1m[90m[DEBUG][39m[0m:   	[arm64-v8a] Compile        : SDL2 <= SDL_keyboard.c
[1m[90m[DEBUG][39m[0m:   	rm -f /home/babak/abg_analyzer_pro/.buildozer/android/platform/build-arm64-v8a/build/bootstrap_builds/sdl2/obj/local/arm64-v8a/objs-debug/SDL2/src/events/SDL_keyboard.o
[1m[90m[DEBUG][39m[0m:   	/usr/bin/ccache /home/babak/.buildozer/android/platform/android-ndk-r27c/toolchains/llvm/prebuilt/linux-x86_64/bin/clang -MMD -MP -MF /home/babak/abg_analyzer_pro/.buildozer/android/platform/build-arm64-v8a/build/bootstrap_builds/sdl2/obj/local/arm64-v8a/objs-debug/SDL2/src/events/SDL_keyboard.o.d -target aarch64-none-linux-android24 -fdata-sections -ffunction-sections -fstack-protector-strong -funwind-tables -no-canonical-prefixes  --sysroot /home/babak/.buildozer/android/platform/android-ndk-r27c/toolchains/llvm/prebuilt/linux-x86_64/sysroot -g -Wno-invalid-command-line-argument -Wno-unused-command-line-argument  -D_FORTIFY_SOURCE=2 -fpic -O0 -UNDEBUG -fno-limit-debug-info  -I/home/babak/abg_analyzer_pro/.buildozer/android/platform/build-arm64-v8a/build/bootstrap_builds/sdl2/jni/SDL/include -I/home/babak/.buildozer/android/platform/android-ndk-r27c/sources/android/cpufeatures -I/home/babak/abg_analyzer_pro/.buildozer/android/platform/build-arm64-v8a/build/bootstrap_builds/sdl2/jni/SDL   -DANDROID -DGL_GLEXT_PROTOTYPES -Wall -Wextra -Wdocumentation -Wmissing-prototypes -Wunreachable-code-break -Wunneeded-internal-declaration -Wmissing-variable-declarations -Wfloat-conversion -Wshorten-64-to-32 -Wunreachable-code-return -Wshift-sign-overflow -Wstrict-prototypes -Wkeyword-macro -Wno-unused-parameter -Wno-sign-compare -Wformat -Werror=format-security  -c  /home/babak/abg_analyzer_pro/.buildozer/android/platform/build-arm64-v8a/build/bootstrap_builds/sdl2/jni/SDL/src/events/SDL_keyboard.c -o /home/babak/abg_analyzer_pro/.buildozer/android/platform/build-arm64-v8a/build/bootstrap_builds/sdl2/obj/local/arm64-v8a/objs-debug/SDL2/src/events/SDL_keyboard.o
[1m[90m[DEBUG][39m[0m:   	[arm64-v8a] Compile        : SDL2 <= SDL_keysym_to_scancode.c
[1m[90m[DEBUG][39m[0m:   	rm -f /home/babak/abg_analyzer_pro/.buildozer/android/platform/build-arm64-v8a/build/bootstrap_builds/sdl2/obj/local/arm64-v8a/objs-debug/SDL2/src/events/SDL_keysym_to_scancode.o
[1m[90m[DEBUG][39m[0m:   	/usr/bin/ccache /home/babak/.buildozer/android/platform/android-ndk-r27c/toolchains/llvm/prebuilt/linux-x86_64/bin/clang -MMD -MP -MF /home/babak/abg_analyzer_pro/.buildozer/android/platform/build-arm64-v8a/build/bootstrap_builds/sdl2/obj/local/arm64-v8a/objs-debug/SDL2/src/events/SDL_keysym_to_scancode.o.d -target aarch64-none-linux-android24 -fdata-sections -ffunction-sections -fstack-protector-strong -funwind-tables -no-canonical-prefixes  --sysroot /home/babak/.buildozer/android/platform/android-ndk-r27c/toolchains/llvm/prebuilt/linux-x86_64/sysroot -g -Wno-invalid-command-line-argument -Wno-unused-command-line-argument  -D_FORTIFY_SOURCE=2 -fpic -O0 -UNDEBUG -fno-limit-debug-info  -I/home/babak/abg_analyzer_pro/.buildozer/android/platform/build-arm64-v8a/build/bootstrap_builds/sdl2/jni/SDL/include -I/home/babak/.buildozer/android/platform/android-ndk-r27c/sources/android/cpufeatures -I/home/babak/abg_analyzer_pro/.buildozer/android/platform/build-arm64-v8a/build/bootstrap_builds/sdl2/jni/SDL   -DANDROID -DGL_GLEXT_PROTOTYPES -Wall -Wextra -Wdocumentation -Wmissing-prototypes -Wunreachable-code-break -Wunneeded-internal-declaration -Wmissing-variable-declarations -Wfloat-conversion -Wshorten-64-to-32 -Wunreachable-code-return -Wshift-sign-overflow -Wstrict-prototypes -Wkeyword-macro -Wno-unused-parameter -Wno-sign-compare -Wformat -Werror=format-security  -c  /home/babak/abg_analyzer_pro/.buildozer/android/platform/build-arm64-v8a/build/bootstrap_builds/sdl2/jni/SDL/src/events/SDL_keysym_to_scancode.c -o /home/babak/abg_analyzer_pro/.buildozer/android/platform/build-arm64-v8a/build/bootstrap_builds/sdl2/obj/local/arm64-v8a/objs-debug/SDL2/src/events/SDL_keysym_to_scancode.o
[1m[90m[DEBUG][39m[0m:   	[arm64-v8a] Compile        : SDL2 <= SDL_mouse.c
[1m[90m[DEBUG][39m[0m:   	rm -f /home/babak/abg_analyzer_pro/.buildozer/android/platform/build-arm64-v8a/build/bootstrap_builds/sdl2/obj/local/arm64-v8a/objs-debug/SDL2/src/events/SDL_mouse.o
[1m[90m[DEBUG][39m[0m:   	/usr/bin/ccache /home/babak/.buildozer/android/platform/android-ndk-r27c/toolchains/llvm/prebuilt/linux-x86_64/bin/clang -MMD -MP -MF /home/babak/abg_analyzer_pro/.buildozer/android/platform/build-arm64-v8a/build/bootstrap_builds/sdl2/obj/local/arm64-v8a/objs-debug/SDL2/src/events/SDL_mouse.o.d -target aarch64-none-linux-android24 -fdata-sections -ffunction-sections -fstack-protector-strong -funwind-tables -no-canonical-prefixes  --sysroot /home/babak/.buildozer/android/platform/android-ndk-r27c/toolchains/llvm/prebuilt/linux-x86_64/sysroot -g -Wno-invalid-command-line-argument -Wno-unused-command-line-argument  -D_FORTIFY_SOURCE=2 -fpic -O0 -UNDEBUG -fno-limit-debug-info  -I/home/babak/abg_analyzer_pro/.buildozer/android/platform/build-arm64-v8a/build/bootstrap_builds/sdl2/jni/SDL/include -I/home/babak/.buildozer/android/platform/android-ndk-r27c/sources/android/cpufeatures -I/home/babak/abg_analyzer_pro/.buildozer/android/platform/build-arm64-v8a/build/bootstrap_builds/sdl2/jni/SDL   -DANDROID -DGL_GLEXT_PROTOTYPES -Wall -Wextra -Wdocumentation -Wmissing-prototypes -Wunreachable-code-break -Wunneeded-internal-declaration -Wmissing-variable-declarations -Wfloat-conversion -Wshorten-64-to-32 -Wunreachable-code-return -Wshift-sign-overflow -Wstrict-prototypes -Wkeyword-macro -Wno-unused-parameter -Wno-sign-compare -Wformat -Werror=format-security  -c  /home/babak/abg_analyzer_pro/.buildozer/android/platform/build-arm64-v8a/build/bootstrap_builds/sdl2/jni/SDL/src/events/SDL_mouse.c -o /home/babak/abg_analyzer_pro/.buildozer/android/platform/build-arm64-v8a/build/bootstrap_builds/sdl2/obj/local/arm64-v8a/objs-debug/SDL2/src/events/SDL_mouse.o
[1m[90m[DEBUG][39m[0m:   	/home/babak/abg_analyzer_pro/.buildozer/android/platform/build-arm64-v8a/build/bootstrap_builds/sdl2/jni/SDL/src/events/SDL_mouse.c:1130:34: warning: a function declaration without a prototype is deprecated in all versions of C [-Wstrict-prototypes]
[1m[90m[DEBUG][39m[0m:   	 1130 | SDL_bool SDL_GetRelativeMouseMode()
[1m[90m[DEBUG][39m[0m:   	      |                                  ^
[1m[90m[DEBUG][39m[0m:   	      |                                   void
[1m[90m[DEBUG][39m[0m:   	1 warning generated.
[1m[90m[DEBUG][39m[0m:   	[arm64-v8a] Compile        : SDL2 <= SDL_quit.c
[1m[90m[DEBUG][39m[0m:   	rm -f /home/babak/abg_analyzer_pro/.buildozer/android/platform/build-arm64-v8a/build/bootstrap_builds/sdl2/obj/local/arm64-v8a/objs-debug/SDL2/src/events/SDL_quit.o
[1m[90m[DEBUG][39m[0m:   	/usr/bin/ccache /home/babak/.buildozer/android/platform/android-ndk-r27c/toolchains/llvm/prebuilt/linux-x86_64/bin/clang -MMD -MP -MF /home/babak/abg_analyzer_pro/.buildozer/android/platform/build-arm64-v8a/build/bootstrap_builds/sdl2/obj/local/arm64-v8a/objs-debug/SDL2/src/events/SDL_quit.o.d -target aarch64-none-linux-android24 -fdata-sections -ffunction-sections -fstack-protector-strong -funwind-tables -no-canonical-prefixes  --sysroot /home/babak/.buildozer/android/platform/android-ndk-r27c/toolchains/llvm/prebuilt/linux-x86_64/sysroot -g -Wno-invalid-command-line-argument -Wno-unused-command-line-argument  -D_FORTIFY_SOURCE=2 -fpic -O0 -UNDEBUG -fno-limit-debug-info  -I/home/babak/abg_analyzer_pro/.buildozer/android/platform/build-arm64-v8a/build/bootstrap_builds/sdl2/jni/SDL/include -I/home/babak/.buildozer/android/platform/android-ndk-r27c/sources/android/cpufeatures -I/home/babak/abg_analyzer_pro/.buildozer/android/platform/build-arm64-v8a/build/bootstrap_builds/sdl2/jni/SDL   -DANDROID -DGL_GLEXT_PROTOTYPES -Wall -Wextra -Wdocumentation -Wmissing-prototypes -Wunreachable-code-break -Wunneeded-internal-declaration -Wmissing-variable-declarations -Wfloat-conversion -Wshorten-64-to-32 -Wunreachable-code-return -Wshift-sign-overflow -Wstrict-prototypes -Wkeyword-macro -Wno-unused-parameter -Wno-sign-compare -Wformat -Werror=format-security  -c  /home/babak/abg_analyzer_pro/.buildozer/android/platform/build-arm64-v8a/build/bootstrap_builds/sdl2/jni/SDL/src/events/SDL_quit.c -o /home/babak/abg_analyzer_pro/.buildozer/android/platform/build-arm64-v8a/build/bootstrap_builds/sdl2/obj/local/arm64-v8a/objs-debug/SDL2/src/events/SDL_quit.o
[1m[90m[DEBUG][39m[0m:   	[arm64-v8a] Compile        : SDL2 <= SDL_scancode_tables.c
[1m[90m[DEBUG][39m[0m:   	rm -f /home/babak/abg_analyzer_pro/.buildozer/android/platform/build-arm64-v8a/build/bootstrap_builds/sdl2/obj/local/arm64-v8a/objs-debug/SDL2/src/events/SDL_scancode_tables.o
[1m[90m[DEBUG][39m[0m:   	/usr/bin/ccache /home/babak/.buildozer/android/platform/android-ndk-r27c/toolchains/llvm/prebuilt/linux-x86_64/bin/clang -MMD -MP -MF /home/babak/abg_analyzer_pro/.buildozer/android/platform/build-arm64-v8a/build/bootstrap_builds/sdl2/obj/local/arm64-v8a/objs-debug/SDL2/src/events/SDL_scancode_tables.o.d -target aarch64-none-linux-android24 -fdata-sections -ffunction-sections -fstack-protector-strong -funwind-tables -no-canonical-prefixes  --sysroot /home/babak/.buildozer/android/platform/android-ndk-r27c/toolchains/llvm/prebuilt/linux-x86_64/sysroot -g -Wno-invalid-command-line-argument -Wno-unused-command-line-argument  -D_FORTIFY_SOURCE=2 -fpic -O0 -UNDEBUG -fno-limit-debug-info  -I/home/babak/abg_analyzer_pro/.buildozer/android/platform/build-arm64-v8a/build/bootstrap_builds/sdl2/jni/SDL/include -I/home/babak/.buildozer/android/platform/android-ndk-r27c/sources/android/cpufeatures -I/home/babak/abg_analyzer_pro/.buildozer/android/platform/build-arm64-v8a/build/bootstrap_builds/sdl2/jni/SDL   -DANDROID -DGL_GLEXT_PROTOTYPES -Wall -Wextra -Wdocumentation -Wmissing-prototypes -Wunreachable-code-break -Wunneeded-internal-declaration -Wmissing-variable-declarations -Wfloat-conversion -Wshorten-64-to-32 -Wunreachable-code-return -Wshift-sign-overflow -Wstrict-prototypes -Wkeyword-macro -Wno-unused-parameter -Wno-sign-compare -Wformat -Werror=format-security  -c  /home/babak/abg_analyzer_pro/.buildozer/android/platform/build-arm64-v8a/build/bootstrap_builds/sdl2/jni/SDL/src/events/SDL_scancode_tables.c -o /home/babak/abg_analyzer_pro/.buildozer/android/platform/build-arm64-v8a/build/bootstrap_builds/sdl2/obj/local/arm64-v8a/objs-debug/SDL2/src/events/SDL_scancode_tables.o
[1m[90m[DEBUG][39m[0m:   	[arm64-v8a] Compile        : SDL2 <= SDL_touch.c
[1m[90m[DEBUG][39m[0m:   	rm -f /home/babak/abg_analyzer_pro/.buildozer/android/platform/build-arm64-v8a/build/bootstrap_builds/sdl2/obj/local/arm64-v8a/objs-debug/SDL2/src/events/SDL_touch.o
[1m[90m[DEBUG][39m[0m:   	/usr/bin/ccache /home/babak/.buildozer/android/platform/android-ndk-r27c/toolchains/llvm/prebuilt/linux-x86_64/bin/clang -MMD -MP -MF /home/babak/abg_analyzer_pro/.buildozer/android/platform/build-arm64-v8a/build/bootstrap_builds/sdl2/obj/local/arm64-v8a/objs-debug/SDL2/src/events/SDL_touch.o.d -target aarch64-none-linux-android24 -fdata-sections -ffunction-sections -fstack-protector-strong -funwind-tables -no-canonical-prefixes  --sysroot /home/babak/.buildozer/android/platform/android-ndk-r27c/toolchains/llvm/prebuilt/linux-x86_64/sysroot -g -Wno-invalid-command-line-argument -Wno-unused-command-line-argument  -D_FORTIFY_SOURCE=2 -fpic -O0 -UNDEBUG -fno-limit-debug-info  -I/home/babak/abg_analyzer_pro/.buildozer/android/platform/build-arm64-v8a/build/bootstrap_builds/sdl2/jni/SDL/include -I/home/babak/.buildozer/android/platform/android-ndk-r27c/sources/android/cpufeatures -I/home/babak/abg_analyzer_pro/.buildozer/android/platform/build-arm64-v8a/build/bootstrap_builds/sdl2/jni/SDL   -DANDROID -DGL_GLEXT_PROTOTYPES -Wall -Wextra -Wdocumentation -Wmissing-prototypes -Wunreachable-code-break -Wunneeded-internal-declaration -Wmissing-variable-declarations -Wfloat-conversion -Wshorten-64-to-32 -Wunreachable-code-return -Wshift-sign-overflow -Wstrict-prototypes -Wkeyword-macro -Wno-unused-parameter -Wno-sign-compare -Wformat -Werror=format-security  -c  /home/babak/abg_analyzer_pro/.buildozer/android/platform/build-arm64-v8a/build/bootstrap_builds/sdl2/jni/SDL/src/events/SDL_touch.c -o /home/babak/abg_analyzer_pro/.buildozer/android/platform/build-arm64-v8a/build/bootstrap_builds/sdl2/obj/local/arm64-v8a/objs-debug/SDL2/src/events/SDL_touch.o
[1m[90m[DEBUG][39m[0m:   	[arm64-v8a] Compile        : SDL2 <= SDL_windowevents.c
[1m[90m[DEBUG][39m[0m:   	rm -f /home/babak/abg_analyzer_pro/.buildozer/android/platform/build-arm64-v8a/build/bootstrap_builds/sdl2/obj/local/arm64-v8a/objs-debug/SDL2/src/events/SDL_windowevents.o
[1m[90m[DEBUG][39m[0m:   	/usr/bin/ccache /home/babak/.buildozer/android/platform/android-ndk-r27c/toolchains/llvm/prebuilt/linux-x86_64/bin/clang -MMD -MP -MF /home/babak/abg_analyzer_pro/.buildozer/android/platform/build-arm64-v8a/build/bootstrap_builds/sdl2/obj/local/arm64-v8a/objs-debug/SDL2/src/events/SDL_windowevents.o.d -target aarch64-none-linux-android24 -fdata-sections -ffunction-sections -fstack-protector-strong -funwind-tables -no-canonical-prefixes  --sysroot /home/babak/.buildozer/android/platform/android-ndk-r27c/toolchains/llvm/prebuilt/linux-x86_64/sysroot -g -Wno-invalid-command-line-argument -Wno-unused-command-line-argument  -D_FORTIFY_SOURCE=2 -fpic -O0 -UNDEBUG -fno-limit-debug-info  -I/home/babak/abg_analyzer_pro/.buildozer/android/platform/build-arm64-v8a/build/bootstrap_builds/sdl2/jni/SDL/include -I/home/babak/.buildozer/android/platform/android-ndk-r27c/sources/android/cpufeatures -I/home/babak/abg_analyzer_pro/.buildozer/android/platform/build-arm64-v8a/build/bootstrap_builds/sdl2/jni/SDL   -DANDROID -DGL_GLEXT_PROTOTYPES -Wall -Wextra -Wdocumentation -Wmissing-prototypes -Wunreachable-code-break -Wunneeded-internal-declaration -Wmissing-variable-declarations -Wfloat-conversion -Wshorten-64-to-32 -Wunreachable-code-return -Wshift-sign-overflow -Wstrict-prototypes -Wkeyword-macro -Wno-unused-parameter -Wno-sign-compare -Wformat -Werror=format-security  -c  /home/babak/abg_analyzer_pro/.buildozer/android/platform/build-arm64-v8a/build/bootstrap_builds/sdl2/jni/SDL/src/events/SDL_windowevents.c -o /home/babak/abg_analyzer_pro/.buildozer/android/platform/build-arm64-v8a/build/bootstrap_builds/sdl2/obj/local/arm64-v8a/objs-debug/SDL2/src/events/SDL_windowevents.o
[1m[90m[DEBUG][39m[0m:   	[arm64-v8a] Compile        : SDL2 <= imKStoUCS.c
[1m[90m[DEBUG][39m[0m:   	rm -f /home/babak/abg_analyzer_pro/.buildozer/android/platform/build-arm64-v8a/build/bootstrap_builds/sdl2/obj/local/arm64-v8a/objs-debug/SDL2/src/events/imKStoUCS.o
[1m[90m[DEBUG][39m[0m:   	/usr/bin/ccache /home/babak/.buildozer/android/platform/android-ndk-r27c/toolchains/llvm/prebuilt/linux-x86_64/bin/clang -MMD -MP -MF /home/babak/abg_analyzer_pro/.buildozer/android/platform/build-arm64-v8a/build/bootstrap_builds/sdl2/obj/local/arm64-v8a/objs-debug/SDL2/src/events/imKStoUCS.o.d -target aarch64-none-linux-android24 -fdata-sections -ffunction-sections -fstack-protector-strong -funwind-tables -no-canonical-prefixes  --sysroot /home/babak/.buildozer/android/platform/android-ndk-r27c/toolchains/llvm/prebuilt/linux-x86_64/sysroot -g -Wno-invalid-command-line-argument -Wno-unused-command-line-argument  -D_FORTIFY_SOURCE=2 -fpic -O0 -UNDEBUG -fno-limit-debug-info  -I/home/babak/abg_analyzer_pro/.buildozer/android/platform/build-arm64-v8a/build/bootstrap_builds/sdl2/jni/SDL/include -I/home/babak/.buildozer/android/platform/android-ndk-r27c/sources/android/cpufeatures -I/home/babak/abg_analyzer_pro/.buildozer/android/platform/build-arm64-v8a/build/bootstrap_builds/sdl2/jni/SDL   -DANDROID -DGL_GLEXT_PROTOTYPES -Wall -Wextra -Wdocumentation -Wmissing-prototypes -Wunreachable-code-break -Wunneeded-internal-declaration -Wmissing-variable-declarations -Wfloat-conversion -Wshorten-64-to-32 -Wunreachable-code-return -Wshift-sign-overflow -Wstrict-prototypes -Wkeyword-macro -Wno-unused-parameter -Wno-sign-compare -Wformat -Werror=format-security  -c  /home/babak/abg_analyzer_pro/.buildozer/android/platform/build-arm64-v8a/build/bootstrap_builds/sdl2/jni/SDL/src/events/imKStoUCS.c -o /home/babak/abg_analyzer_pro/.buildozer/android/platform/build-arm64-v8a/build/bootstrap_builds/sdl2/obj/local/arm64-v8a/objs-debug/SDL2/src/events/imKStoUCS.o
[1m[90m[DEBUG][39m[0m:   	[arm64-v8a] Compile        : SDL2 <= SDL_rwops.c
[1m[90m[DEBUG][39m[0m:   	rm -f /home/babak/abg_analyzer_pro/.buildozer/android/platform/build-arm64-v8a/build/bootstrap_builds/sdl2/obj/local/arm64-v8a/objs-debug/SDL2/src/file/SDL_rwops.o
[1m[90m[DEBUG][39m[0m:   	/usr/bin/ccache /home/babak/.buildozer/android/platform/android-ndk-r27c/toolchains/llvm/prebuilt/linux-x86_64/bin/clang -MMD -MP -MF /home/babak/abg_analyzer_pro/.buildozer/android/platform/build-arm64-v8a/build/bootstrap_builds/sdl2/obj/local/arm64-v8a/objs-debug/SDL2/src/file/SDL_rwops.o.d -target aarch64-none-linux-android24 -fdata-sections -ffunction-sections -fstack-protector-strong -funwind-tables -no-canonical-prefixes  --sysroot /home/babak/.buildozer/android/platform/android-ndk-r27c/toolchains/llvm/prebuilt/linux-x86_64/sysroot -g -Wno-invalid-command-line-argument -Wno-unused-command-line-argument  -D_FORTIFY_SOURCE=2 -fpic -O0 -UNDEBUG -fno-limit-debug-info  -I/home/babak/abg_analyzer_pro/.buildozer/android/platform/build-arm64-v8a/build/bootstrap_builds/sdl2/jni/SDL/include -I/home/babak/.buildozer/android/platform/android-ndk-r27c/sources/android/cpufeatures -I/home/babak/abg_analyzer_pro/.buildozer/android/platform/build-arm64-v8a/build/bootstrap_builds/sdl2/jni/SDL   -DANDROID -DGL_GLEXT_PROTOTYPES -Wall -Wextra -Wdocumentation -Wmissing-prototypes -Wunreachable-code-break -Wunneeded-internal-declaration -Wmissing-variable-declarations -Wfloat-conversion -Wshorten-64-to-32 -Wunreachable-code-return -Wshift-sign-overflow -Wstrict-prototypes -Wkeyword-macro -Wno-unused-parameter -Wno-sign-compare -Wformat -Werror=format-security  -c  /home/babak/abg_analyzer_pro/.buildozer/android/platform/build-arm64-v8a/build/bootstrap_builds/sdl2/jni/SDL/src/file/SDL_rwops.c -o /home/babak/abg_analyzer_pro/.buildozer/android/platform/build-arm64-v8a/build/bootstrap_builds/sdl2/obj/local/arm64-v8a/objs-debug/SDL2/src/file/SDL_rwops.o
[1m[90m[DEBUG][39m[0m:   	[arm64-v8a] Compile        : SDL2 <= SDL_haptic.c
[1m[90m[DEBUG][39m[0m:   	rm -f /home/babak/abg_analyzer_pro/.buildozer/android/platform/build-arm64-v8a/build/bootstrap_builds/sdl2/obj/local/arm64-v8a/objs-debug/SDL2/src/haptic/SDL_haptic.o
[1m[90m[DEBUG][39m[0m:   	/usr/bin/ccache /home/babak/.buildozer/android/platform/android-ndk-r27c/toolchains/llvm/prebuilt/linux-x86_64/bin/clang -MMD -MP -MF /home/babak/abg_analyzer_pro/.buildozer/android/platform/build-arm64-v8a/build/bootstrap_builds/sdl2/obj/local/arm64-v8a/objs-debug/SDL2/src/haptic/SDL_haptic.o.d -target aarch64-none-linux-android24 -fdata-sections -ffunction-sections -fstack-protector-strong -funwind-tables -no-canonical-prefixes  --sysroot /home/babak/.buildozer/android/platform/android-ndk-r27c/toolchains/llvm/prebuilt/linux-x86_64/sysroot -g -Wno-invalid-command-line-argument -Wno-unused-command-line-argument  -D_FORTIFY_SOURCE=2 -fpic -O0 -UNDEBUG -fno-limit-debug-info  -I/home/babak/abg_analyzer_pro/.buildozer/android/platform/build-arm64-v8a/build/bootstrap_builds/sdl2/jni/SDL/include -I/home/babak/.buildozer/android/platform/android-ndk-r27c/sources/android/cpufeatures -I/home/babak/abg_analyzer_pro/.buildozer/android/platform/build-arm64-v8a/build/bootstrap_builds/sdl2/jni/SDL   -DANDROID -DGL_GLEXT_PROTOTYPES -Wall -Wextra -Wdocumentation -Wmissing-prototypes -Wunreachable-code-break -Wunneeded-internal-declaration -Wmissing-variable-declarations -Wfloat-conversion -Wshorten-64-to-32 -Wunreachable-code-return -Wshift-sign-overflow -Wstrict-prototypes -Wkeyword-macro -Wno-unused-parameter -Wno-sign-compare -Wformat -Werror=format-security  -c  /home/babak/abg_analyzer_pro/.buildozer/android/platform/build-arm64-v8a/build/bootstrap_builds/sdl2/jni/SDL/src/haptic/SDL_haptic.c -o /home/babak/abg_analyzer_pro/.buildozer/android/platform/build-arm64-v8a/build/bootstrap_builds/sdl2/obj/local/arm64-v8a/objs-debug/SDL2/src/haptic/SDL_haptic.o
[1m[90m[DEBUG][39m[0m:   	[arm64-v8a] Compile        : SDL2 <= SDL_syshaptic.c
[1m[90m[DEBUG][39m[0m:   	rm -f /home/babak/abg_analyzer_pro/.buildozer/android/platform/build-arm64-v8a/build/bootstrap_builds/sdl2/obj/local/arm64-v8a/objs-debug/SDL2/src/haptic/android/SDL_syshaptic.o
[1m[90m[DEBUG][39m[0m:   	/usr/bin/ccache /home/babak/.buildozer/android/platform/android-ndk-r27c/toolchains/llvm/prebuilt/linux-x86_64/bin/clang -MMD -MP -MF /home/babak/abg_analyzer_pro/.buildozer/android/platform/build-arm64-v8a/build/bootstrap_builds/sdl2/obj/local/arm64-v8a/objs-debug/SDL2/src/haptic/android/SDL_syshaptic.o.d -target aarch64-none-linux-android24 -fdata-sections -ffunction-sections -fstack-protector-strong -funwind-tables -no-canonical-prefixes  --sysroot /home/babak/.buildozer/android/platform/android-ndk-r27c/toolchains/llvm/prebuilt/linux-x86_64/sysroot -g -Wno-invalid-command-line-argument -Wno-unused-command-line-argument  -D_FORTIFY_SOURCE=2 -fpic -O0 -UNDEBUG -fno-limit-debug-info  -I/home/babak/abg_analyzer_pro/.buildozer/android/platform/build-arm64-v8a/build/bootstrap_builds/sdl2/jni/SDL/include -I/home/babak/.buildozer/android/platform/android-ndk-r27c/sources/android/cpufeatures -I/home/babak/abg_analyzer_pro/.buildozer/android/platform/build-arm64-v8a/build/bootstrap_builds/sdl2/jni/SDL   -DANDROID -DGL_GLEXT_PROTOTYPES -Wall -Wextra -Wdocumentation -Wmissing-prototypes -Wunreachable-code-break -Wunneeded-internal-declaration -Wmissing-variable-declarations -Wfloat-conversion -Wshorten-64-to-32 -Wunreachable-code-return -Wshift-sign-overflow -Wstrict-prototypes -Wkeyword-macro -Wno-unused-parameter -Wno-sign-compare -Wformat -Werror=format-security  -c  /home/babak/abg_analyzer_pro/.buildozer/android/platform/build-arm64-v8a/build/bootstrap_builds/sdl2/jni/SDL/src/haptic/android/SDL_syshaptic.c -o /home/babak/abg_analyzer_pro/.buildozer/android/platform/build-arm64-v8a/build/bootstrap_builds/sdl2/obj/local/arm64-v8a/objs-debug/SDL2/src/haptic/android/SDL_syshaptic.o
[1m[90m[DEBUG][39m[0m:   	[arm64-v8a] Compile        : SDL2 <= SDL_hidapi.c
[1m[90m[DEBUG][39m[0m:   	rm -f /home/babak/abg_analyzer_pro/.buildozer/android/platform/build-arm64-v8a/build/bootstrap_builds/sdl2/obj/local/arm64-v8a/objs-debug/SDL2/src/hidapi/SDL_hidapi.o
[1m[90m[DEBUG][39m[0m:   	/usr/bin/ccache /home/babak/.buildozer/android/platform/android-ndk-r27c/toolchains/llvm/prebuilt/linux-x86_64/bin/clang -MMD -MP -MF /home/babak/abg_analyzer_pro/.buildozer/android/platform/build-arm64-v8a/build/bootstrap_builds/sdl2/obj/local/arm64-v8a/objs-debug/SDL2/src/hidapi/SDL_hidapi.o.d -target aarch64-none-linux-android24 -fdata-sections -ffunction-sections -fstack-protector-strong -funwind-tables -no-canonical-prefixes  --sysroot /home/babak/.buildozer/android/platform/android-ndk-r27c/toolchains/llvm/prebuilt/linux-x86_64/sysroot -g -Wno-invalid-command-line-argument -Wno-unused-command-line-argument  -D_FORTIFY_SOURCE=2 -fpic -O0 -UNDEBUG -fno-limit-debug-info  -I/home/babak/abg_analyzer_pro/.buildozer/android/platform/build-arm64-v8a/build/bootstrap_builds/sdl2/jni/SDL/include -I/home/babak/.buildozer/android/platform/android-ndk-r27c/sources/android/cpufeatures -I/home/babak/abg_analyzer_pro/.buildozer/android/platform/build-arm64-v8a/build/bootstrap_builds/sdl2/jni/SDL   -DANDROID -DGL_GLEXT_PROTOTYPES -Wall -Wextra -Wdocumentation -Wmissing-prototypes -Wunreachable-code-break -Wunneeded-internal-declaration -Wmissing-variable-declarations -Wfloat-conversion -Wshorten-64-to-32 -Wunreachable-code-return -Wshift-sign-overflow -Wstrict-prototypes -Wkeyword-macro -Wno-unused-parameter -Wno-sign-compare -Wformat -Werror=format-security  -c  /home/babak/abg_analyzer_pro/.buildozer/android/platform/build-arm64-v8a/build/bootstrap_builds/sdl2/jni/SDL/src/hidapi/SDL_hidapi.c -o /home/babak/abg_analyzer_pro/.buildozer/android/platform/build-arm64-v8a/build/bootstrap_builds/sdl2/obj/local/arm64-v8a/objs-debug/SDL2/src/hidapi/SDL_hidapi.o
[1m[90m[DEBUG][39m[0m:   	/home/babak/abg_analyzer_pro/.buildozer/android/platform/build-arm64-v8a/build/bootstrap_builds/sdl2/jni/SDL/src/hidapi/SDL_hidapi.c:224:39: warning: a function declaration without a prototype is deprecated in all versions of C [-Wstrict-prototypes]
[1m[90m[DEBUG][39m[0m:   	  224 | static void HIDAPI_InitializeDiscovery()
[1m[90m[DEBUG][39m[0m:   	      |                                       ^
[1m[90m[DEBUG][39m[0m:   	      |                                        void
[1m[90m[DEBUG][39m[0m:   	/home/babak/abg_analyzer_pro/.buildozer/android/platform/build-arm64-v8a/build/bootstrap_builds/sdl2/jni/SDL/src/hidapi/SDL_hidapi.c:363:35: warning: a function declaration without a prototype is deprecated in all versions of C [-Wstrict-prototypes]
[1m[90m[DEBUG][39m[0m:   	  363 | static void HIDAPI_UpdateDiscovery()
[1m[90m[DEBUG][39m[0m:   	      |                                   ^
[1m[90m[DEBUG][39m[0m:   	      |                                    void
[1m[90m[DEBUG][39m[0m:   	/home/babak/abg_analyzer_pro/.buildozer/android/platform/build-arm64-v8a/build/bootstrap_builds/sdl2/jni/SDL/src/hidapi/SDL_hidapi.c:480:37: warning: a function declaration without a prototype is deprecated in all versions of C [-Wstrict-prototypes]
[1m[90m[DEBUG][39m[0m:   	  480 | static void HIDAPI_ShutdownDiscovery()
[1m[90m[DEBUG][39m[0m:   	      |                                     ^
[1m[90m[DEBUG][39m[0m:   	      |                                      void
[1m[90m[DEBUG][39m[0m:   	3 warnings generated.
[1m[90m[DEBUG][39m[0m:   	[arm64-v8a] Compile++      : SDL2 <= hid.cpp
[1m[90m[DEBUG][39m[0m:   	rm -f /home/babak/abg_analyzer_pro/.buildozer/android/platform/build-arm64-v8a/build/bootstrap_builds/sdl2/obj/local/arm64-v8a/objs-debug/SDL2/src/hidapi/android/hid.o
[1m[90m[DEBUG][39m[0m:   	/usr/bin/ccache /home/babak/.buildozer/android/platform/android-ndk-r27c/toolchains/llvm/prebuilt/linux-x86_64/bin/clang++ -MMD -MP -MF /home/babak/abg_analyzer_pro/.buildozer/android/platform/build-arm64-v8a/build/bootstrap_builds/sdl2/obj/local/arm64-v8a/objs-debug/SDL2/src/hidapi/android/hid.o.d -target aarch64-none-linux-android24 -fdata-sections -ffunction-sections -fstack-protector-strong -funwind-tables -no-canonical-prefixes  --sysroot /home/babak/.buildozer/android/platform/android-ndk-r27c/toolchains/llvm/prebuilt/linux-x86_64/sysroot -g -Wno-invalid-command-line-argument -Wno-unused-command-line-argument  -D_FORTIFY_SOURCE=2 -fno-exceptions -fno-rtti -fpic -O0 -UNDEBUG -fno-limit-debug-info  -I/home/babak/abg_analyzer_pro/.buildozer/android/platform/build-arm64-v8a/build/bootstrap_builds/sdl2/jni/SDL/include -I/home/babak/.buildozer/android/platform/android-ndk-r27c/sources/android/cpufeatures -I/home/babak/abg_analyzer_pro/.buildozer/android/platform/build-arm64-v8a/build/bootstrap_builds/sdl2/jni/SDL    -DANDROID -DGL_GLEXT_PROTOTYPES -Wall -Wextra -Wdocumentation -Wmissing-prototypes -Wunreachable-code-break -Wunneeded-internal-declaration -Wmissing-variable-declarations -Wfloat-conversion -Wshorten-64-to-32 -Wunreachable-code-return -Wshift-sign-overflow -Wstrict-prototypes -Wkeyword-macro -Wno-unused-parameter -Wno-sign-compare -Wformat -Werror=format-security  -std=gnu++11 -c  /home/babak/abg_analyzer_pro/.buildozer/android/platform/build-arm64-v8a/build/bootstrap_builds/sdl2/jni/SDL/src/hidapi/android/hid.cpp -o /home/babak/abg_analyzer_pro/.buildozer/android/platform/build-arm64-v8a/build/bootstrap_builds/sdl2/obj/local/arm64-v8a/objs-debug/SDL2/src/hidapi/android/hid.o
[1m[90m[DEBUG][39m[0m:   	[arm64-v8a] Compile        : SDL2 <= SDL_gamecontroller.c
[1m[90m[DEBUG][39m[0m:   	rm -f /home/babak/abg_analyzer_pro/.buildozer/android/platform/build-arm64-v8a/build/bootstrap_builds/sdl2/obj/local/arm64-v8a/objs-debug/SDL2/src/joystick/SDL_gamecontroller.o
[1m[90m[DEBUG][39m[0m:   	/usr/bin/ccache /home/babak/.buildozer/android/platform/android-ndk-r27c/toolchains/llvm/prebuilt/linux-x86_64/bin/clang -MMD -MP -MF /home/babak/abg_analyzer_pro/.buildozer/android/platform/build-arm64-v8a/build/bootstrap_builds/sdl2/obj/local/arm64-v8a/objs-debug/SDL2/src/joystick/SDL_gamecontroller.o.d -target aarch64-none-linux-android24 -fdata-sections -ffunction-sections -fstack-protector-strong -funwind-tables -no-canonical-prefixes  --sysroot /home/babak/.buildozer/android/platform/android-ndk-r27c/toolchains/llvm/prebuilt/linux-x86_64/sysroot -g -Wno-invalid-command-line-argument -Wno-unused-command-line-argument  -D_FORTIFY_SOURCE=2 -fpic -O0 -UNDEBUG -fno-limit-debug-info  -I/home/babak/abg_analyzer_pro/.buildozer/android/platform/build-arm64-v8a/build/bootstrap_builds/sdl2/jni/SDL/include -I/home/babak/.buildozer/android/platform/android-ndk-r27c/sources/android/cpufeatures -I/home/babak/abg_analyzer_pro/.buildozer/android/platform/build-arm64-v8a/build/bootstrap_builds/sdl2/jni/SDL   -DANDROID -DGL_GLEXT_PROTOTYPES -Wall -Wextra -Wdocumentation -Wmissing-prototypes -Wunreachable-code-break -Wunneeded-internal-declaration -Wmissing-variable-declarations -Wfloat-conversion -Wshorten-64-to-32 -Wunreachable-code-return -Wshift-sign-overflow -Wstrict-prototypes -Wkeyword-macro -Wno-unused-parameter -Wno-sign-compare -Wformat -Werror=format-security  -c  /home/babak/abg_analyzer_pro/.buildozer/android/platform/build-arm64-v8a/build/bootstrap_builds/sdl2/jni/SDL/src/joystick/SDL_gamecontroller.c -o /home/babak/abg_analyzer_pro/.buildozer/android/platform/build-arm64-v8a/build/bootstrap_builds/sdl2/obj/local/arm64-v8a/objs-debug/SDL2/src/joystick/SDL_gamecontroller.o
[1m[90m[DEBUG][39m[0m:   	/home/babak/abg_analyzer_pro/.buildozer/android/platform/build-arm64-v8a/build/bootstrap_builds/sdl2/jni/SDL/src/joystick/SDL_gamecontroller.c:1823:40: warning: a function declaration without a prototype is deprecated in all versions of C [-Wstrict-prototypes]
[1m[90m[DEBUG][39m[0m:   	 1823 | static void SDL_GameControllerLoadHints()
[1m[90m[DEBUG][39m[0m:   	      |                                        ^
[1m[90m[DEBUG][39m[0m:   	      |                                         void
[1m[90m[DEBUG][39m[0m:   	1 warning generated.
[1m[90m[DEBUG][39m[0m:   	[arm64-v8a] Compile        : SDL2 <= SDL_joystick.c
[1m[90m[DEBUG][39m[0m:   	rm -f /home/babak/abg_analyzer_pro/.buildozer/android/platform/build-arm64-v8a/build/bootstrap_builds/sdl2/obj/local/arm64-v8a/objs-debug/SDL2/src/joystick/SDL_joystick.o
[1m[90m[DEBUG][39m[0m:   	/usr/bin/ccache /home/babak/.buildozer/android/platform/android-ndk-r27c/toolchains/llvm/prebuilt/linux-x86_64/bin/clang -MMD -MP -MF /home/babak/abg_analyzer_pro/.buildozer/android/platform/build-arm64-v8a/build/bootstrap_builds/sdl2/obj/local/arm64-v8a/objs-debug/SDL2/src/joystick/SDL_joystick.o.d -target aarch64-none-linux-android24 -fdata-sections -ffunction-sections -fstack-protector-strong -funwind-tables -no-canonical-prefixes  --sysroot /home/babak/.buildozer/android/platform/android-ndk-r27c/toolchains/llvm/prebuilt/linux-x86_64/sysroot -g -Wno-invalid-command-line-argument -Wno-unused-command-line-argument  -D_FORTIFY_SOURCE=2 -fpic -O0 -UNDEBUG -fno-limit-debug-info  -I/home/babak/abg_analyzer_pro/.buildozer/android/platform/build-arm64-v8a/build/bootstrap_builds/sdl2/jni/SDL/include -I/home/babak/.buildozer/android/platform/android-ndk-r27c/sources/android/cpufeatures -I/home/babak/abg_analyzer_pro/.buildozer/android/platform/build-arm64-v8a/build/bootstrap_builds/sdl2/jni/SDL   -DANDROID -DGL_GLEXT_PROTOTYPES -Wall -Wextra -Wdocumentation -Wmissing-prototypes -Wunreachable-code-break -Wunneeded-internal-declaration -Wmissing-variable-declarations -Wfloat-conversion -Wshorten-64-to-32 -Wunreachable-code-return -Wshift-sign-overflow -Wstrict-prototypes -Wkeyword-macro -Wno-unused-parameter -Wno-sign-compare -Wformat -Werror=format-security  -c  /home/babak/abg_analyzer_pro/.buildozer/android/platform/build-arm64-v8a/build/bootstrap_builds/sdl2/jni/SDL/src/joystick/SDL_joystick.c -o /home/babak/abg_analyzer_pro/.buildozer/android/platform/build-arm64-v8a/build/bootstrap_builds/sdl2/obj/local/arm64-v8a/objs-debug/SDL2/src/joystick/SDL_joystick.o
[1m[90m[DEBUG][39m[0m:   	/home/babak/abg_analyzer_pro/.buildozer/android/platform/build-arm64-v8a/build/bootstrap_builds/sdl2/jni/SDL/src/joystick/SDL_joystick.c:216:35: warning: a function declaration without a prototype is deprecated in all versions of C [-Wstrict-prototypes]
[1m[90m[DEBUG][39m[0m:   	  216 | static int SDL_FindFreePlayerIndex()
[1m[90m[DEBUG][39m[0m:   	      |                                   ^
[1m[90m[DEBUG][39m[0m:   	      |                                    void
[1m[90m[DEBUG][39m[0m:   	/home/babak/abg_analyzer_pro/.buildozer/android/platform/build-arm64-v8a/build/bootstrap_builds/sdl2/jni/SDL/src/joystick/SDL_joystick.c:371:45: warning: a function declaration without a prototype is deprecated in all versions of C [-Wstrict-prototypes]
[1m[90m[DEBUG][39m[0m:   	  371 | SDL_JoystickID SDL_GetNextJoystickInstanceID()
[1m[90m[DEBUG][39m[0m:   	      |                                             ^
[1m[90m[DEBUG][39m[0m:   	      |                                              void
[1m[90m[DEBUG][39m[0m:   	/home/babak/abg_analyzer_pro/.buildozer/android/platform/build-arm64-v8a/build/bootstrap_builds/sdl2/jni/SDL/src/joystick/SDL_joystick.c:1357:53: warning: a function declaration without a prototype is deprecated in all versions of C [-Wstrict-prototypes]
[1m[90m[DEBUG][39m[0m:   	 1357 | static SDL_bool SDL_PrivateJoystickShouldIgnoreEvent()
[1m[90m[DEBUG][39m[0m:   	      |                                                     ^
[1m[90m[DEBUG][39m[0m:   	      |                                                      void
[1m[90m[DEBUG][39m[0m:   	3 warnings generated.
[1m[90m[DEBUG][39m[0m:   	[arm64-v8a] Compile        : SDL2 <= controller_type.c
[1m[90m[DEBUG][39m[0m:   	rm -f /home/babak/abg_analyzer_pro/.buildozer/android/platform/build-arm64-v8a/build/bootstrap_builds/sdl2/obj/local/arm64-v8a/objs-debug/SDL2/src/joystick/controller_type.o
[1m[90m[DEBUG][39m[0m:   	/usr/bin/ccache /home/babak/.buildozer/android/platform/android-ndk-r27c/toolchains/llvm/prebuilt/linux-x86_64/bin/clang -MMD -MP -MF /home/babak/abg_analyzer_pro/.buildozer/android/platform/build-arm64-v8a/build/bootstrap_builds/sdl2/obj/local/arm64-v8a/objs-debug/SDL2/src/joystick/controller_type.o.d -target aarch64-none-linux-android24 -fdata-sections -ffunction-sections -fstack-protector-strong -funwind-tables -no-canonical-prefixes  --sysroot /home/babak/.buildozer/android/platform/android-ndk-r27c/toolchains/llvm/prebuilt/linux-x86_64/sysroot -g -Wno-invalid-command-line-argument -Wno-unused-command-line-argument  -D_FORTIFY_SOURCE=2 -fpic -O0 -UNDEBUG -fno-limit-debug-info  -I/home/babak/abg_analyzer_pro/.buildozer/android/platform/build-arm64-v8a/build/bootstrap_builds/sdl2/jni/SDL/include -I/home/babak/.buildozer/android/platform/android-ndk-r27c/sources/android/cpufeatures -I/home/babak/abg_analyzer_pro/.buildozer/android/platform/build-arm64-v8a/build/bootstrap_builds/sdl2/jni/SDL   -DANDROID -DGL_GLEXT_PROTOTYPES -Wall -Wextra -Wdocumentation -Wmissing-prototypes -Wunreachable-code-break -Wunneeded-internal-declaration -Wmissing-variable-declarations -Wfloat-conversion -Wshorten-64-to-32 -Wunreachable-code-return -Wshift-sign-overflow -Wstrict-prototypes -Wkeyword-macro -Wno-unused-parameter -Wno-sign-compare -Wformat -Werror=format-security  -c  /home/babak/abg_analyzer_pro/.buildozer/android/platform/build-arm64-v8a/build/bootstrap_builds/sdl2/jni/SDL/src/joystick/controller_type.c -o /home/babak/abg_analyzer_pro/.buildozer/android/platform/build-arm64-v8a/build/bootstrap_builds/sdl2/obj/local/arm64-v8a/objs-debug/SDL2/src/joystick/controller_type.o
[1m[90m[DEBUG][39m[0m:   	[arm64-v8a] Compile        : SDL2 <= SDL_sysjoystick.c
[1m[90m[DEBUG][39m[0m:   	rm -f /home/babak/abg_analyzer_pro/.buildozer/android/platform/build-arm64-v8a/build/bootstrap_builds/sdl2/obj/local/arm64-v8a/objs-debug/SDL2/src/joystick/android/SDL_sysjoystick.o
[1m[90m[DEBUG][39m[0m:   	/usr/bin/ccache /home/babak/.buildozer/android/platform/android-ndk-r27c/toolchains/llvm/prebuilt/linux-x86_64/bin/clang -MMD -MP -MF /home/babak/abg_analyzer_pro/.buildozer/android/platform/build-arm64-v8a/build/bootstrap_builds/sdl2/obj/local/arm64-v8a/objs-debug/SDL2/src/joystick/android/SDL_sysjoystick.o.d -target aarch64-none-linux-android24 -fdata-sections -ffunction-sections -fstack-protector-strong -funwind-tables -no-canonical-prefixes  --sysroot /home/babak/.buildozer/android/platform/android-ndk-r27c/toolchains/llvm/prebuilt/linux-x86_64/sysroot -g -Wno-invalid-command-line-argument -Wno-unused-command-line-argument  -D_FORTIFY_SOURCE=2 -fpic -O0 -UNDEBUG -fno-limit-debug-info  -I/home/babak/abg_analyzer_pro/.buildozer/android/platform/build-arm64-v8a/build/bootstrap_builds/sdl2/jni/SDL/include -I/home/babak/.buildozer/android/platform/android-ndk-r27c/sources/android/cpufeatures -I/home/babak/abg_analyzer_pro/.buildozer/android/platform/build-arm64-v8a/build/bootstrap_builds/sdl2/jni/SDL   -DANDROID -DGL_GLEXT_PROTOTYPES -Wall -Wextra -Wdocumentation -Wmissing-prototypes -Wunreachable-code-break -Wunneeded-internal-declaration -Wmissing-variable-declarations -Wfloat-conversion -Wshorten-64-to-32 -Wunreachable-code-return -Wshift-sign-overflow -Wstrict-prototypes -Wkeyword-macro -Wno-unused-parameter -Wno-sign-compare -Wformat -Werror=format-security  -c  /home/babak/abg_analyzer_pro/.buildozer/android/platform/build-arm64-v8a/build/bootstrap_builds/sdl2/jni/SDL/src/joystick/android/SDL_sysjoystick.c -o /home/babak/abg_analyzer_pro/.buildozer/android/platform/build-arm64-v8a/build/bootstrap_builds/sdl2/obj/local/arm64-v8a/objs-debug/SDL2/src/joystick/android/SDL_sysjoystick.o
[1m[90m[DEBUG][39m[0m:   	[arm64-v8a] Compile        : SDL2 <= SDL_hidapi_combined.c
[1m[90m[DEBUG][39m[0m:   	rm -f /home/babak/abg_analyzer_pro/.buildozer/android/platform/build-arm64-v8a/build/bootstrap_builds/sdl2/obj/local/arm64-v8a/objs-debug/SDL2/src/joystick/hidapi/SDL_hidapi_combined.o
[1m[90m[DEBUG][39m[0m:   	/usr/bin/ccache /home/babak/.buildozer/android/platform/android-ndk-r27c/toolchains/llvm/prebuilt/linux-x86_64/bin/clang -MMD -MP -MF /home/babak/abg_analyzer_pro/.buildozer/android/platform/build-arm64-v8a/build/bootstrap_builds/sdl2/obj/local/arm64-v8a/objs-debug/SDL2/src/joystick/hidapi/SDL_hidapi_combined.o.d -target aarch64-none-linux-android24 -fdata-sections -ffunction-sections -fstack-protector-strong -funwind-tables -no-canonical-prefixes  --sysroot /home/babak/.buildozer/android/platform/android-ndk-r27c/toolchains/llvm/prebuilt/linux-x86_64/sysroot -g -Wno-invalid-command-line-argument -Wno-unused-command-line-argument  -D_FORTIFY_SOURCE=2 -fpic -O0 -UNDEBUG -fno-limit-debug-info  -I/home/babak/abg_analyzer_pro/.buildozer/android/platform/build-arm64-v8a/build/bootstrap_builds/sdl2/jni/SDL/include -I/home/babak/.buildozer/android/platform/android-ndk-r27c/sources/android/cpufeatures -I/home/babak/abg_analyzer_pro/.buildozer/android/platform/build-arm64-v8a/build/bootstrap_builds/sdl2/jni/SDL   -DANDROID -DGL_GLEXT_PROTOTYPES -Wall -Wextra -Wdocumentation -Wmissing-prototypes -Wunreachable-code-break -Wunneeded-internal-declaration -Wmissing-variable-declarations -Wfloat-conversion -Wshorten-64-to-32 -Wunreachable-code-return -Wshift-sign-overflow -Wstrict-prototypes -Wkeyword-macro -Wno-unused-parameter -Wno-sign-compare -Wformat -Werror=format-security  -c  /home/babak/abg_analyzer_pro/.buildozer/android/platform/build-arm64-v8a/build/bootstrap_builds/sdl2/jni/SDL/src/joystick/hidapi/SDL_hidapi_combined.c -o /home/babak/abg_analyzer_pro/.buildozer/android/platform/build-arm64-v8a/build/bootstrap_builds/sdl2/obj/local/arm64-v8a/objs-debug/SDL2/src/joystick/hidapi/SDL_hidapi_combined.o
[1m[90m[DEBUG][39m[0m:   	[arm64-v8a] Compile        : SDL2 <= SDL_hidapi_gamecube.c
[1m[90m[DEBUG][39m[0m:   	rm -f /home/babak/abg_analyzer_pro/.buildozer/android/platform/build-arm64-v8a/build/bootstrap_builds/sdl2/obj/local/arm64-v8a/objs-debug/SDL2/src/joystick/hidapi/SDL_hidapi_gamecube.o
[1m[90m[DEBUG][39m[0m:   	/usr/bin/ccache /home/babak/.buildozer/android/platform/android-ndk-r27c/toolchains/llvm/prebuilt/linux-x86_64/bin/clang -MMD -MP -MF /home/babak/abg_analyzer_pro/.buildozer/android/platform/build-arm64-v8a/build/bootstrap_builds/sdl2/obj/local/arm64-v8a/objs-debug/SDL2/src/joystick/hidapi/SDL_hidapi_gamecube.o.d -target aarch64-none-linux-android24 -fdata-sections -ffunction-sections -fstack-protector-strong -funwind-tables -no-canonical-prefixes  --sysroot /home/babak/.buildozer/android/platform/android-ndk-r27c/toolchains/llvm/prebuilt/linux-x86_64/sysroot -g -Wno-invalid-command-line-argument -Wno-unused-command-line-argument  -D_FORTIFY_SOURCE=2 -fpic -O0 -UNDEBUG -fno-limit-debug-info  -I/home/babak/abg_analyzer_pro/.buildozer/android/platform/build-arm64-v8a/build/bootstrap_builds/sdl2/jni/SDL/include -I/home/babak/.buildozer/android/platform/android-ndk-r27c/sources/android/cpufeatures -I/home/babak/abg_analyzer_pro/.buildozer/android/platform/build-arm64-v8a/build/bootstrap_builds/sdl2/jni/SDL   -DANDROID -DGL_GLEXT_PROTOTYPES -Wall -Wextra -Wdocumentation -Wmissing-prototypes -Wunreachable-code-break -Wunneeded-internal-declaration -Wmissing-variable-declarations -Wfloat-conversion -Wshorten-64-to-32 -Wunreachable-code-return -Wshift-sign-overflow -Wstrict-prototypes -Wkeyword-macro -Wno-unused-parameter -Wno-sign-compare -Wformat -Werror=format-security  -c  /home/babak/abg_analyzer_pro/.buildozer/android/platform/build-arm64-v8a/build/bootstrap_builds/sdl2/jni/SDL/src/joystick/hidapi/SDL_hidapi_gamecube.c -o /home/babak/abg_analyzer_pro/.buildozer/android/platform/build-arm64-v8a/build/bootstrap_builds/sdl2/obj/local/arm64-v8a/objs-debug/SDL2/src/joystick/hidapi/SDL_hidapi_gamecube.o
[1m[90m[DEBUG][39m[0m:   	[arm64-v8a] Compile        : SDL2 <= SDL_hidapi_luna.c
[1m[90m[DEBUG][39m[0m:   	rm -f /home/babak/abg_analyzer_pro/.buildozer/android/platform/build-arm64-v8a/build/bootstrap_builds/sdl2/obj/local/arm64-v8a/objs-debug/SDL2/src/joystick/hidapi/SDL_hidapi_luna.o
[1m[90m[DEBUG][39m[0m:   	/usr/bin/ccache /home/babak/.buildozer/android/platform/android-ndk-r27c/toolchains/llvm/prebuilt/linux-x86_64/bin/clang -MMD -MP -MF /home/babak/abg_analyzer_pro/.buildozer/android/platform/build-arm64-v8a/build/bootstrap_builds/sdl2/obj/local/arm64-v8a/objs-debug/SDL2/src/joystick/hidapi/SDL_hidapi_luna.o.d -target aarch64-none-linux-android24 -fdata-sections -ffunction-sections -fstack-protector-strong -funwind-tables -no-canonical-prefixes  --sysroot /home/babak/.buildozer/android/platform/android-ndk-r27c/toolchains/llvm/prebuilt/linux-x86_64/sysroot -g -Wno-invalid-command-line-argument -Wno-unused-command-line-argument  -D_FORTIFY_SOURCE=2 -fpic -O0 -UNDEBUG -fno-limit-debug-info  -I/home/babak/abg_analyzer_pro/.buildozer/android/platform/build-arm64-v8a/build/bootstrap_builds/sdl2/jni/SDL/include -I/home/babak/.buildozer/android/platform/android-ndk-r27c/sources/android/cpufeatures -I/home/babak/abg_analyzer_pro/.buildozer/android/platform/build-arm64-v8a/build/bootstrap_builds/sdl2/jni/SDL   -DANDROID -DGL_GLEXT_PROTOTYPES -Wall -Wextra -Wdocumentation -Wmissing-prototypes -Wunreachable-code-break -Wunneeded-internal-declaration -Wmissing-variable-declarations -Wfloat-conversion -Wshorten-64-to-32 -Wunreachable-code-return -Wshift-sign-overflow -Wstrict-prototypes -Wkeyword-macro -Wno-unused-parameter -Wno-sign-compare -Wformat -Werror=format-security  -c  /home/babak/abg_analyzer_pro/.buildozer/android/platform/build-arm64-v8a/build/bootstrap_builds/sdl2/jni/SDL/src/joystick/hidapi/SDL_hidapi_luna.c -o /home/babak/abg_analyzer_pro/.buildozer/android/platform/build-arm64-v8a/build/bootstrap_builds/sdl2/obj/local/arm64-v8a/objs-debug/SDL2/src/joystick/hidapi/SDL_hidapi_luna.o
[1m[90m[DEBUG][39m[0m:   	[arm64-v8a] Compile        : SDL2 <= SDL_hidapi_ps3.c
[1m[90m[DEBUG][39m[0m:   	rm -f /home/babak/abg_analyzer_pro/.buildozer/android/platform/build-arm64-v8a/build/bootstrap_builds/sdl2/obj/local/arm64-v8a/objs-debug/SDL2/src/joystick/hidapi/SDL_hidapi_ps3.o
[1m[90m[DEBUG][39m[0m:   	/usr/bin/ccache /home/babak/.buildozer/android/platform/android-ndk-r27c/toolchains/llvm/prebuilt/linux-x86_64/bin/clang -MMD -MP -MF /home/babak/abg_analyzer_pro/.buildozer/android/platform/build-arm64-v8a/build/bootstrap_builds/sdl2/obj/local/arm64-v8a/objs-debug/SDL2/src/joystick/hidapi/SDL_hidapi_ps3.o.d -target aarch64-none-linux-android24 -fdata-sections -ffunction-sections -fstack-protector-strong -funwind-tables -no-canonical-prefixes  --sysroot /home/babak/.buildozer/android/platform/android-ndk-r27c/toolchains/llvm/prebuilt/linux-x86_64/sysroot -g -Wno-invalid-command-line-argument -Wno-unused-command-line-argument  -D_FORTIFY_SOURCE=2 -fpic -O0 -UNDEBUG -fno-limit-debug-info  -I/home/babak/abg_analyzer_pro/.buildozer/android/platform/build-arm64-v8a/build/bootstrap_builds/sdl2/jni/SDL/include -I/home/babak/.buildozer/android/platform/android-ndk-r27c/sources/android/cpufeatures -I/home/babak/abg_analyzer_pro/.buildozer/android/platform/build-arm64-v8a/build/bootstrap_builds/sdl2/jni/SDL   -DANDROID -DGL_GLEXT_PROTOTYPES -Wall -Wextra -Wdocumentation -Wmissing-prototypes -Wunreachable-code-break -Wunneeded-internal-declaration -Wmissing-variable-declarations -Wfloat-conversion -Wshorten-64-to-32 -Wunreachable-code-return -Wshift-sign-overflow -Wstrict-prototypes -Wkeyword-macro -Wno-unused-parameter -Wno-sign-compare -Wformat -Werror=format-security  -c  /home/babak/abg_analyzer_pro/.buildozer/android/platform/build-arm64-v8a/build/bootstrap_builds/sdl2/jni/SDL/src/joystick/hidapi/SDL_hidapi_ps3.c -o /home/babak/abg_analyzer_pro/.buildozer/android/platform/build-arm64-v8a/build/bootstrap_builds/sdl2/obj/local/arm64-v8a/objs-debug/SDL2/src/joystick/hidapi/SDL_hidapi_ps3.o
[1m[90m[DEBUG][39m[0m:   	[arm64-v8a] Compile        : SDL2 <= SDL_hidapi_ps4.c
[1m[90m[DEBUG][39m[0m:   	rm -f /home/babak/abg_analyzer_pro/.buildozer/android/platform/build-arm64-v8a/build/bootstrap_builds/sdl2/obj/local/arm64-v8a/objs-debug/SDL2/src/joystick/hidapi/SDL_hidapi_ps4.o
[1m[90m[DEBUG][39m[0m:   	/usr/bin/ccache /home/babak/.buildozer/android/platform/android-ndk-r27c/toolchains/llvm/prebuilt/linux-x86_64/bin/clang -MMD -MP -MF /home/babak/abg_analyzer_pro/.buildozer/android/platform/build-arm64-v8a/build/bootstrap_builds/sdl2/obj/local/arm64-v8a/objs-debug/SDL2/src/joystick/hidapi/SDL_hidapi_ps4.o.d -target aarch64-none-linux-android24 -fdata-sections -ffunction-sections -fstack-protector-strong -funwind-tables -no-canonical-prefixes  --sysroot /home/babak/.buildozer/android/platform/android-ndk-r27c/toolchains/llvm/prebuilt/linux-x86_64/sysroot -g -Wno-invalid-command-line-argument -Wno-unused-command-line-argument  -D_FORTIFY_SOURCE=2 -fpic -O0 -UNDEBUG -fno-limit-debug-info  -I/home/babak/abg_analyzer_pro/.buildozer/android/platform/build-arm64-v8a/build/bootstrap_builds/sdl2/jni/SDL/include -I/home/babak/.buildozer/android/platform/android-ndk-r27c/sources/android/cpufeatures -I/home/babak/abg_analyzer_pro/.buildozer/android/platform/build-arm64-v8a/build/bootstrap_builds/sdl2/jni/SDL   -DANDROID -DGL_GLEXT_PROTOTYPES -Wall -Wextra -Wdocumentation -Wmissing-prototypes -Wunreachable-code-break -Wunneeded-internal-declaration -Wmissing-variable-declarations -Wfloat-conversion -Wshorten-64-to-32 -Wunreachable-code-return -Wshift-sign-overflow -Wstrict-prototypes -Wkeyword-macro -Wno-unused-parameter -Wno-sign-compare -Wformat -Werror=format-security  -c  /home/babak/abg_analyzer_pro/.buildozer/android/platform/build-arm64-v8a/build/bootstrap_builds/sdl2/jni/SDL/src/joystick/hidapi/SDL_hidapi_ps4.c -o /home/babak/abg_analyzer_pro/.buildozer/android/platform/build-arm64-v8a/build/bootstrap_builds/sdl2/obj/local/arm64-v8a/objs-debug/SDL2/src/joystick/hidapi/SDL_hidapi_ps4.o
[1m[90m[DEBUG][39m[0m:   	[arm64-v8a] Compile        : SDL2 <= SDL_hidapi_ps5.c
[1m[90m[DEBUG][39m[0m:   	rm -f /home/babak/abg_analyzer_pro/.buildozer/android/platform/build-arm64-v8a/build/bootstrap_builds/sdl2/obj/local/arm64-v8a/objs-debug/SDL2/src/joystick/hidapi/SDL_hidapi_ps5.o
[1m[90m[DEBUG][39m[0m:   	/usr/bin/ccache /home/babak/.buildozer/android/platform/android-ndk-r27c/toolchains/llvm/prebuilt/linux-x86_64/bin/clang -MMD -MP -MF /home/babak/abg_analyzer_pro/.buildozer/android/platform/build-arm64-v8a/build/bootstrap_builds/sdl2/obj/local/arm64-v8a/objs-debug/SDL2/src/joystick/hidapi/SDL_hidapi_ps5.o.d -target aarch64-none-linux-android24 -fdata-sections -ffunction-sections -fstack-protector-strong -funwind-tables -no-canonical-prefixes  --sysroot /home/babak/.buildozer/android/platform/android-ndk-r27c/toolchains/llvm/prebuilt/linux-x86_64/sysroot -g -Wno-invalid-command-line-argument -Wno-unused-command-line-argument  -D_FORTIFY_SOURCE=2 -fpic -O0 -UNDEBUG -fno-limit-debug-info  -I/home/babak/abg_analyzer_pro/.buildozer/android/platform/build-arm64-v8a/build/bootstrap_builds/sdl2/jni/SDL/include -I/home/babak/.buildozer/android/platform/android-ndk-r27c/sources/android/cpufeatures -I/home/babak/abg_analyzer_pro/.buildozer/android/platform/build-arm64-v8a/build/bootstrap_builds/sdl2/jni/SDL   -DANDROID -DGL_GLEXT_PROTOTYPES -Wall -Wextra -Wdocumentation -Wmissing-prototypes -Wunreachable-code-break -Wunneeded-internal-declaration -Wmissing-variable-declarations -Wfloat-conversion -Wshorten-64-to-32 -Wunreachable-code-return -Wshift-sign-overflow -Wstrict-prototypes -Wkeyword-macro -Wno-unused-parameter -Wno-sign-compare -Wformat -Werror=format-security  -c  /home/babak/abg_analyzer_pro/.buildozer/android/platform/build-arm64-v8a/build/bootstrap_builds/sdl2/jni/SDL/src/joystick/hidapi/SDL_hidapi_ps5.c -o /home/babak/abg_analyzer_pro/.buildozer/android/platform/build-arm64-v8a/build/bootstrap_builds/sdl2/obj/local/arm64-v8a/objs-debug/SDL2/src/joystick/hidapi/SDL_hidapi_ps5.o
[1m[90m[DEBUG][39m[0m:   	[arm64-v8a] Compile        : SDL2 <= SDL_hidapi_rumble.c
[1m[90m[DEBUG][39m[0m:   	rm -f /home/babak/abg_analyzer_pro/.buildozer/android/platform/build-arm64-v8a/build/bootstrap_builds/sdl2/obj/local/arm64-v8a/objs-debug/SDL2/src/joystick/hidapi/SDL_hidapi_rumble.o
[1m[90m[DEBUG][39m[0m:   	/usr/bin/ccache /home/babak/.buildozer/android/platform/android-ndk-r27c/toolchains/llvm/prebuilt/linux-x86_64/bin/clang -MMD -MP -MF /home/babak/abg_analyzer_pro/.buildozer/android/platform/build-arm64-v8a/build/bootstrap_builds/sdl2/obj/local/arm64-v8a/objs-debug/SDL2/src/joystick/hidapi/SDL_hidapi_rumble.o.d -target aarch64-none-linux-android24 -fdata-sections -ffunction-sections -fstack-protector-strong -funwind-tables -no-canonical-prefixes  --sysroot /home/babak/.buildozer/android/platform/android-ndk-r27c/toolchains/llvm/prebuilt/linux-x86_64/sysroot -g -Wno-invalid-command-line-argument -Wno-unused-command-line-argument  -D_FORTIFY_SOURCE=2 -fpic -O0 -UNDEBUG -fno-limit-debug-info  -I/home/babak/abg_analyzer_pro/.buildozer/android/platform/build-arm64-v8a/build/bootstrap_builds/sdl2/jni/SDL/include -I/home/babak/.buildozer/android/platform/android-ndk-r27c/sources/android/cpufeatures -I/home/babak/abg_analyzer_pro/.buildozer/android/platform/build-arm64-v8a/build/bootstrap_builds/sdl2/jni/SDL   -DANDROID -DGL_GLEXT_PROTOTYPES -Wall -Wextra -Wdocumentation -Wmissing-prototypes -Wunreachable-code-break -Wunneeded-internal-declaration -Wmissing-variable-declarations -Wfloat-conversion -Wshorten-64-to-32 -Wunreachable-code-return -Wshift-sign-overflow -Wstrict-prototypes -Wkeyword-macro -Wno-unused-parameter -Wno-sign-compare -Wformat -Werror=format-security  -c  /home/babak/abg_analyzer_pro/.buildozer/android/platform/build-arm64-v8a/build/bootstrap_builds/sdl2/jni/SDL/src/joystick/hidapi/SDL_hidapi_rumble.c -o /home/babak/abg_analyzer_pro/.buildozer/android/platform/build-arm64-v8a/build/bootstrap_builds/sdl2/obj/local/arm64-v8a/objs-debug/SDL2/src/joystick/hidapi/SDL_hidapi_rumble.o
[1m[90m[DEBUG][39m[0m:   	[arm64-v8a] Compile        : SDL2 <= SDL_hidapi_shield.c
[1m[90m[DEBUG][39m[0m:   	rm -f /home/babak/abg_analyzer_pro/.buildozer/android/platform/build-arm64-v8a/build/bootstrap_builds/sdl2/obj/local/arm64-v8a/objs-debug/SDL2/src/joystick/hidapi/SDL_hidapi_shield.o
[1m[90m[DEBUG][39m[0m:   	/usr/bin/ccache /home/babak/.buildozer/android/platform/android-ndk-r27c/toolchains/llvm/prebuilt/linux-x86_64/bin/clang -MMD -MP -MF /home/babak/abg_analyzer_pro/.buildozer/android/platform/build-arm64-v8a/build/bootstrap_builds/sdl2/obj/local/arm64-v8a/objs-debug/SDL2/src/joystick/hidapi/SDL_hidapi_shield.o.d -target aarch64-none-linux-android24 -fdata-sections -ffunction-sections -fstack-protector-strong -funwind-tables -no-canonical-prefixes  --sysroot /home/babak/.buildozer/android/platform/android-ndk-r27c/toolchains/llvm/prebuilt/linux-x86_64/sysroot -g -Wno-invalid-command-line-argument -Wno-unused-command-line-argument  -D_FORTIFY_SOURCE=2 -fpic -O0 -UNDEBUG -fno-limit-debug-info  -I/home/babak/abg_analyzer_pro/.buildozer/android/platform/build-arm64-v8a/build/bootstrap_builds/sdl2/jni/SDL/include -I/home/babak/.buildozer/android/platform/android-ndk-r27c/sources/android/cpufeatures -I/home/babak/abg_analyzer_pro/.buildozer/android/platform/build-arm64-v8a/build/bootstrap_builds/sdl2/jni/SDL   -DANDROID -DGL_GLEXT_PROTOTYPES -Wall -Wextra -Wdocumentation -Wmissing-prototypes -Wunreachable-code-break -Wunneeded-internal-declaration -Wmissing-variable-declarations -Wfloat-conversion -Wshorten-64-to-32 -Wunreachable-code-return -Wshift-sign-overflow -Wstrict-prototypes -Wkeyword-macro -Wno-unused-parameter -Wno-sign-compare -Wformat -Werror=format-security  -c  /home/babak/abg_analyzer_pro/.buildozer/android/platform/build-arm64-v8a/build/bootstrap_builds/sdl2/jni/SDL/src/joystick/hidapi/SDL_hidapi_shield.c -o /home/babak/abg_analyzer_pro/.buildozer/android/platform/build-arm64-v8a/build/bootstrap_builds/sdl2/obj/local/arm64-v8a/objs-debug/SDL2/src/joystick/hidapi/SDL_hidapi_shield.o
[1m[90m[DEBUG][39m[0m:   	[arm64-v8a] Compile        : SDL2 <= SDL_hidapi_stadia.c
[1m[90m[DEBUG][39m[0m:   	rm -f /home/babak/abg_analyzer_pro/.buildozer/android/platform/build-arm64-v8a/build/bootstrap_builds/sdl2/obj/local/arm64-v8a/objs-debug/SDL2/src/joystick/hidapi/SDL_hidapi_stadia.o
[1m[90m[DEBUG][39m[0m:   	/usr/bin/ccache /home/babak/.buildozer/android/platform/android-ndk-r27c/toolchains/llvm/prebuilt/linux-x86_64/bin/clang -MMD -MP -MF /home/babak/abg_analyzer_pro/.buildozer/android/platform/build-arm64-v8a/build/bootstrap_builds/sdl2/obj/local/arm64-v8a/objs-debug/SDL2/src/joystick/hidapi/SDL_hidapi_stadia.o.d -target aarch64-none-linux-android24 -fdata-sections -ffunction-sections -fstack-protector-strong -funwind-tables -no-canonical-prefixes  --sysroot /home/babak/.buildozer/android/platform/android-ndk-r27c/toolchains/llvm/prebuilt/linux-x86_64/sysroot -g -Wno-invalid-command-line-argument -Wno-unused-command-line-argument  -D_FORTIFY_SOURCE=2 -fpic -O0 -UNDEBUG -fno-limit-debug-info  -I/home/babak/abg_analyzer_pro/.buildozer/android/platform/build-arm64-v8a/build/bootstrap_builds/sdl2/jni/SDL/include -I/home/babak/.buildozer/android/platform/android-ndk-r27c/sources/android/cpufeatures -I/home/babak/abg_analyzer_pro/.buildozer/android/platform/build-arm64-v8a/build/bootstrap_builds/sdl2/jni/SDL   -DANDROID -DGL_GLEXT_PROTOTYPES -Wall -Wextra -Wdocumentation -Wmissing-prototypes -Wunreachable-code-break -Wunneeded-internal-declaration -Wmissing-variable-declarations -Wfloat-conversion -Wshorten-64-to-32 -Wunreachable-code-return -Wshift-sign-overflow -Wstrict-prototypes -Wkeyword-macro -Wno-unused-parameter -Wno-sign-compare -Wformat -Werror=format-security  -c  /home/babak/abg_analyzer_pro/.buildozer/android/platform/build-arm64-v8a/build/bootstrap_builds/sdl2/jni/SDL/src/joystick/hidapi/SDL_hidapi_stadia.c -o /home/babak/abg_analyzer_pro/.buildozer/android/platform/build-arm64-v8a/build/bootstrap_builds/sdl2/obj/local/arm64-v8a/objs-debug/SDL2/src/joystick/hidapi/SDL_hidapi_stadia.o
[1m[90m[DEBUG][39m[0m:   	[arm64-v8a] Compile        : SDL2 <= SDL_hidapi_steam.c
[1m[90m[DEBUG][39m[0m:   	rm -f /home/babak/abg_analyzer_pro/.buildozer/android/platform/build-arm64-v8a/build/bootstrap_builds/sdl2/obj/local/arm64-v8a/objs-debug/SDL2/src/joystick/hidapi/SDL_hidapi_steam.o
[1m[90m[DEBUG][39m[0m:   	/usr/bin/ccache /home/babak/.buildozer/android/platform/android-ndk-r27c/toolchains/llvm/prebuilt/linux-x86_64/bin/clang -MMD -MP -MF /home/babak/abg_analyzer_pro/.buildozer/android/platform/build-arm64-v8a/build/bootstrap_builds/sdl2/obj/local/arm64-v8a/objs-debug/SDL2/src/joystick/hidapi/SDL_hidapi_steam.o.d -target aarch64-none-linux-android24 -fdata-sections -ffunction-sections -fstack-protector-strong -funwind-tables -no-canonical-prefixes  --sysroot /home/babak/.buildozer/android/platform/android-ndk-r27c/toolchains/llvm/prebuilt/linux-x86_64/sysroot -g -Wno-invalid-command-line-argument -Wno-unused-command-line-argument  -D_FORTIFY_SOURCE=2 -fpic -O0 -UNDEBUG -fno-limit-debug-info  -I/home/babak/abg_analyzer_pro/.buildozer/android/platform/build-arm64-v8a/build/bootstrap_builds/sdl2/jni/SDL/include -I/home/babak/.buildozer/android/platform/android-ndk-r27c/sources/android/cpufeatures -I/home/babak/abg_analyzer_pro/.buildozer/android/platform/build-arm64-v8a/build/bootstrap_builds/sdl2/jni/SDL   -DANDROID -DGL_GLEXT_PROTOTYPES -Wall -Wextra -Wdocumentation -Wmissing-prototypes -Wunreachable-code-break -Wunneeded-internal-declaration -Wmissing-variable-declarations -Wfloat-conversion -Wshorten-64-to-32 -Wunreachable-code-return -Wshift-sign-overflow -Wstrict-prototypes -Wkeyword-macro -Wno-unused-parameter -Wno-sign-compare -Wformat -Werror=format-security  -c  /home/babak/abg_analyzer_pro/.buildozer/android/platform/build-arm64-v8a/build/bootstrap_builds/sdl2/jni/SDL/src/joystick/hidapi/SDL_hidapi_steam.c -o /home/babak/abg_analyzer_pro/.buildozer/android/platform/build-arm64-v8a/build/bootstrap_builds/sdl2/obj/local/arm64-v8a/objs-debug/SDL2/src/joystick/hidapi/SDL_hidapi_steam.o
[1m[90m[DEBUG][39m[0m:   	[arm64-v8a] Compile        : SDL2 <= SDL_hidapi_switch.c
[1m[90m[DEBUG][39m[0m:   	rm -f /home/babak/abg_analyzer_pro/.buildozer/android/platform/build-arm64-v8a/build/bootstrap_builds/sdl2/obj/local/arm64-v8a/objs-debug/SDL2/src/joystick/hidapi/SDL_hidapi_switch.o
[1m[90m[DEBUG][39m[0m:   	/usr/bin/ccache /home/babak/.buildozer/android/platform/android-ndk-r27c/toolchains/llvm/prebuilt/linux-x86_64/bin/clang -MMD -MP -MF /home/babak/abg_analyzer_pro/.buildozer/android/platform/build-arm64-v8a/build/bootstrap_builds/sdl2/obj/local/arm64-v8a/objs-debug/SDL2/src/joystick/hidapi/SDL_hidapi_switch.o.d -target aarch64-none-linux-android24 -fdata-sections -ffunction-sections -fstack-protector-strong -funwind-tables -no-canonical-prefixes  --sysroot /home/babak/.buildozer/android/platform/android-ndk-r27c/toolchains/llvm/prebuilt/linux-x86_64/sysroot -g -Wno-invalid-command-line-argument -Wno-unused-command-line-argument  -D_FORTIFY_SOURCE=2 -fpic -O0 -UNDEBUG -fno-limit-debug-info  -I/home/babak/abg_analyzer_pro/.buildozer/android/platform/build-arm64-v8a/build/bootstrap_builds/sdl2/jni/SDL/include -I/home/babak/.buildozer/android/platform/android-ndk-r27c/sources/android/cpufeatures -I/home/babak/abg_analyzer_pro/.buildozer/android/platform/build-arm64-v8a/build/bootstrap_builds/sdl2/jni/SDL   -DANDROID -DGL_GLEXT_PROTOTYPES -Wall -Wextra -Wdocumentation -Wmissing-prototypes -Wunreachable-code-break -Wunneeded-internal-declaration -Wmissing-variable-declarations -Wfloat-conversion -Wshorten-64-to-32 -Wunreachable-code-return -Wshift-sign-overflow -Wstrict-prototypes -Wkeyword-macro -Wno-unused-parameter -Wno-sign-compare -Wformat -Werror=format-security  -c  /home/babak/abg_analyzer_pro/.buildozer/android/platform/build-arm64-v8a/build/bootstrap_builds/sdl2/jni/SDL/src/joystick/hidapi/SDL_hidapi_switch.c -o /home/babak/abg_analyzer_pro/.buildozer/android/platform/build-arm64-v8a/build/bootstrap_builds/sdl2/obj/local/arm64-v8a/objs-debug/SDL2/src/joystick/hidapi/SDL_hidapi_switch.o
[1m[90m[DEBUG][39m[0m:   	[arm64-v8a] Compile        : SDL2 <= SDL_hidapi_wii.c
[1m[90m[DEBUG][39m[0m:   	rm -f /home/babak/abg_analyzer_pro/.buildozer/android/platform/build-arm64-v8a/build/bootstrap_builds/sdl2/obj/local/arm64-v8a/objs-debug/SDL2/src/joystick/hidapi/SDL_hidapi_wii.o
[1m[90m[DEBUG][39m[0m:   	/usr/bin/ccache /home/babak/.buildozer/android/platform/android-ndk-r27c/toolchains/llvm/prebuilt/linux-x86_64/bin/clang -MMD -MP -MF /home/babak/abg_analyzer_pro/.buildozer/android/platform/build-arm64-v8a/build/bootstrap_builds/sdl2/obj/local/arm64-v8a/objs-debug/SDL2/src/joystick/hidapi/SDL_hidapi_wii.o.d -target aarch64-none-linux-android24 -fdata-sections -ffunction-sections -fstack-protector-strong -funwind-tables -no-canonical-prefixes  --sysroot /home/babak/.buildozer/android/platform/android-ndk-r27c/toolchains/llvm/prebuilt/linux-x86_64/sysroot -g -Wno-invalid-command-line-argument -Wno-unused-command-line-argument  -D_FORTIFY_SOURCE=2 -fpic -O0 -UNDEBUG -fno-limit-debug-info  -I/home/babak/abg_analyzer_pro/.buildozer/android/platform/build-arm64-v8a/build/bootstrap_builds/sdl2/jni/SDL/include -I/home/babak/.buildozer/android/platform/android-ndk-r27c/sources/android/cpufeatures -I/home/babak/abg_analyzer_pro/.buildozer/android/platform/build-arm64-v8a/build/bootstrap_builds/sdl2/jni/SDL   -DANDROID -DGL_GLEXT_PROTOTYPES -Wall -Wextra -Wdocumentation -Wmissing-prototypes -Wunreachable-code-break -Wunneeded-internal-declaration -Wmissing-variable-declarations -Wfloat-conversion -Wshorten-64-to-32 -Wunreachable-code-return -Wshift-sign-overflow -Wstrict-prototypes -Wkeyword-macro -Wno-unused-parameter -Wno-sign-compare -Wformat -Werror=format-security  -c  /home/babak/abg_analyzer_pro/.buildozer/android/platform/build-arm64-v8a/build/bootstrap_builds/sdl2/jni/SDL/src/joystick/hidapi/SDL_hidapi_wii.c -o /home/babak/abg_analyzer_pro/.buildozer/android/platform/build-arm64-v8a/build/bootstrap_builds/sdl2/obj/local/arm64-v8a/objs-debug/SDL2/src/joystick/hidapi/SDL_hidapi_wii.o
[1m[90m[DEBUG][39m[0m:   	[arm64-v8a] Compile        : SDL2 <= SDL_hidapi_xbox360.c
[1m[90m[DEBUG][39m[0m:   	rm -f /home/babak/abg_analyzer_pro/.buildozer/android/platform/build-arm64-v8a/build/bootstrap_builds/sdl2/obj/local/arm64-v8a/objs-debug/SDL2/src/joystick/hidapi/SDL_hidapi_xbox360.o
[1m[90m[DEBUG][39m[0m:   	/usr/bin/ccache /home/babak/.buildozer/android/platform/android-ndk-r27c/toolchains/llvm/prebuilt/linux-x86_64/bin/clang -MMD -MP -MF /home/babak/abg_analyzer_pro/.buildozer/android/platform/build-arm64-v8a/build/bootstrap_builds/sdl2/obj/local/arm64-v8a/objs-debug/SDL2/src/joystick/hidapi/SDL_hidapi_xbox360.o.d -target aarch64-none-linux-android24 -fdata-sections -ffunction-sections -fstack-protector-strong -funwind-tables -no-canonical-prefixes  --sysroot /home/babak/.buildozer/android/platform/android-ndk-r27c/toolchains/llvm/prebuilt/linux-x86_64/sysroot -g -Wno-invalid-command-line-argument -Wno-unused-command-line-argument  -D_FORTIFY_SOURCE=2 -fpic -O0 -UNDEBUG -fno-limit-debug-info  -I/home/babak/abg_analyzer_pro/.buildozer/android/platform/build-arm64-v8a/build/bootstrap_builds/sdl2/jni/SDL/include -I/home/babak/.buildozer/android/platform/android-ndk-r27c/sources/android/cpufeatures -I/home/babak/abg_analyzer_pro/.buildozer/android/platform/build-arm64-v8a/build/bootstrap_builds/sdl2/jni/SDL   -DANDROID -DGL_GLEXT_PROTOTYPES -Wall -Wextra -Wdocumentation -Wmissing-prototypes -Wunreachable-code-break -Wunneeded-internal-declaration -Wmissing-variable-declarations -Wfloat-conversion -Wshorten-64-to-32 -Wunreachable-code-return -Wshift-sign-overflow -Wstrict-prototypes -Wkeyword-macro -Wno-unused-parameter -Wno-sign-compare -Wformat -Werror=format-security  -c  /home/babak/abg_analyzer_pro/.buildozer/android/platform/build-arm64-v8a/build/bootstrap_builds/sdl2/jni/SDL/src/joystick/hidapi/SDL_hidapi_xbox360.c -o /home/babak/abg_analyzer_pro/.buildozer/android/platform/build-arm64-v8a/build/bootstrap_builds/sdl2/obj/local/arm64-v8a/objs-debug/SDL2/src/joystick/hidapi/SDL_hidapi_xbox360.o
[1m[90m[DEBUG][39m[0m:   	[arm64-v8a] Compile        : SDL2 <= SDL_hidapi_xbox360w.c
[1m[90m[DEBUG][39m[0m:   	rm -f /home/babak/abg_analyzer_pro/.buildozer/android/platform/build-arm64-v8a/build/bootstrap_builds/sdl2/obj/local/arm64-v8a/objs-debug/SDL2/src/joystick/hidapi/SDL_hidapi_xbox360w.o
[1m[90m[DEBUG][39m[0m:   	/usr/bin/ccache /home/babak/.buildozer/android/platform/android-ndk-r27c/toolchains/llvm/prebuilt/linux-x86_64/bin/clang -MMD -MP -MF /home/babak/abg_analyzer_pro/.buildozer/android/platform/build-arm64-v8a/build/bootstrap_builds/sdl2/obj/local/arm64-v8a/objs-debug/SDL2/src/joystick/hidapi/SDL_hidapi_xbox360w.o.d -target aarch64-none-linux-android24 -fdata-sections -ffunction-sections -fstack-protector-strong -funwind-tables -no-canonical-prefixes  --sysroot /home/babak/.buildozer/android/platform/android-ndk-r27c/toolchains/llvm/prebuilt/linux-x86_64/sysroot -g -Wno-invalid-command-line-argument -Wno-unused-command-line-argument  -D_FORTIFY_SOURCE=2 -fpic -O0 -UNDEBUG -fno-limit-debug-info  -I/home/babak/abg_analyzer_pro/.buildozer/android/platform/build-arm64-v8a/build/bootstrap_builds/sdl2/jni/SDL/include -I/home/babak/.buildozer/android/platform/android-ndk-r27c/sources/android/cpufeatures -I/home/babak/abg_analyzer_pro/.buildozer/android/platform/build-arm64-v8a/build/bootstrap_builds/sdl2/jni/SDL   -DANDROID -DGL_GLEXT_PROTOTYPES -Wall -Wextra -Wdocumentation -Wmissing-prototypes -Wunreachable-code-break -Wunneeded-internal-declaration -Wmissing-variable-declarations -Wfloat-conversion -Wshorten-64-to-32 -Wunreachable-code-return -Wshift-sign-overflow -Wstrict-prototypes -Wkeyword-macro -Wno-unused-parameter -Wno-sign-compare -Wformat -Werror=format-security  -c  /home/babak/abg_analyzer_pro/.buildozer/android/platform/build-arm64-v8a/build/bootstrap_builds/sdl2/jni/SDL/src/joystick/hidapi/SDL_hidapi_xbox360w.c -o /home/babak/abg_analyzer_pro/.buildozer/android/platform/build-arm64-v8a/build/bootstrap_builds/sdl2/obj/local/arm64-v8a/objs-debug/SDL2/src/joystick/hidapi/SDL_hidapi_xbox360w.o
[1m[90m[DEBUG][39m[0m:   	[arm64-v8a] Compile        : SDL2 <= SDL_hidapi_xboxone.c
[1m[90m[DEBUG][39m[0m:   	rm -f /home/babak/abg_analyzer_pro/.buildozer/android/platform/build-arm64-v8a/build/bootstrap_builds/sdl2/obj/local/arm64-v8a/objs-debug/SDL2/src/joystick/hidapi/SDL_hidapi_xboxone.o
[1m[90m[DEBUG][39m[0m:   	/usr/bin/ccache /home/babak/.buildozer/android/platform/android-ndk-r27c/toolchains/llvm/prebuilt/linux-x86_64/bin/clang -MMD -MP -MF /home/babak/abg_analyzer_pro/.buildozer/android/platform/build-arm64-v8a/build/bootstrap_builds/sdl2/obj/local/arm64-v8a/objs-debug/SDL2/src/joystick/hidapi/SDL_hidapi_xboxone.o.d -target aarch64-none-linux-android24 -fdata-sections -ffunction-sections -fstack-protector-strong -funwind-tables -no-canonical-prefixes  --sysroot /home/babak/.buildozer/android/platform/android-ndk-r27c/toolchains/llvm/prebuilt/linux-x86_64/sysroot -g -Wno-invalid-command-line-argument -Wno-unused-command-line-argument  -D_FORTIFY_SOURCE=2 -fpic -O0 -UNDEBUG -fno-limit-debug-info  -I/home/babak/abg_analyzer_pro/.buildozer/android/platform/build-arm64-v8a/build/bootstrap_builds/sdl2/jni/SDL/include -I/home/babak/.buildozer/android/platform/android-ndk-r27c/sources/android/cpufeatures -I/home/babak/abg_analyzer_pro/.buildozer/android/platform/build-arm64-v8a/build/bootstrap_builds/sdl2/jni/SDL   -DANDROID -DGL_GLEXT_PROTOTYPES -Wall -Wextra -Wdocumentation -Wmissing-prototypes -Wunreachable-code-break -Wunneeded-internal-declaration -Wmissing-variable-declarations -Wfloat-conversion -Wshorten-64-to-32 -Wunreachable-code-return -Wshift-sign-overflow -Wstrict-prototypes -Wkeyword-macro -Wno-unused-parameter -Wno-sign-compare -Wformat -Werror=format-security  -c  /home/babak/abg_analyzer_pro/.buildozer/android/platform/build-arm64-v8a/build/bootstrap_builds/sdl2/jni/SDL/src/joystick/hidapi/SDL_hidapi_xboxone.c -o /home/babak/abg_analyzer_pro/.buildozer/android/platform/build-arm64-v8a/build/bootstrap_builds/sdl2/obj/local/arm64-v8a/objs-debug/SDL2/src/joystick/hidapi/SDL_hidapi_xboxone.o
[1m[90m[DEBUG][39m[0m:   	[arm64-v8a] Compile        : SDL2 <= SDL_hidapijoystick.c
[1m[90m[DEBUG][39m[0m:   	rm -f /home/babak/abg_analyzer_pro/.buildozer/android/platform/build-arm64-v8a/build/bootstrap_builds/sdl2/obj/local/arm64-v8a/objs-debug/SDL2/src/joystick/hidapi/SDL_hidapijoystick.o
[1m[90m[DEBUG][39m[0m:   	/usr/bin/ccache /home/babak/.buildozer/android/platform/android-ndk-r27c/toolchains/llvm/prebuilt/linux-x86_64/bin/clang -MMD -MP -MF /home/babak/abg_analyzer_pro/.buildozer/android/platform/build-arm64-v8a/build/bootstrap_builds/sdl2/obj/local/arm64-v8a/objs-debug/SDL2/src/joystick/hidapi/SDL_hidapijoystick.o.d -target aarch64-none-linux-android24 -fdata-sections -ffunction-sections -fstack-protector-strong -funwind-tables -no-canonical-prefixes  --sysroot /home/babak/.buildozer/android/platform/android-ndk-r27c/toolchains/llvm/prebuilt/linux-x86_64/sysroot -g -Wno-invalid-command-line-argument -Wno-unused-command-line-argument  -D_FORTIFY_SOURCE=2 -fpic -O0 -UNDEBUG -fno-limit-debug-info  -I/home/babak/abg_analyzer_pro/.buildozer/android/platform/build-arm64-v8a/build/bootstrap_builds/sdl2/jni/SDL/include -I/home/babak/.buildozer/android/platform/android-ndk-r27c/sources/android/cpufeatures -I/home/babak/abg_analyzer_pro/.buildozer/android/platform/build-arm64-v8a/build/bootstrap_builds/sdl2/jni/SDL   -DANDROID -DGL_GLEXT_PROTOTYPES -Wall -Wextra -Wdocumentation -Wmissing-prototypes -Wunreachable-code-break -Wunneeded-internal-declaration -Wmissing-variable-declarations -Wfloat-conversion -Wshorten-64-to-32 -Wunreachable-code-return -Wshift-sign-overflow -Wstrict-prototypes -Wkeyword-macro -Wno-unused-parameter -Wno-sign-compare -Wformat -Werror=format-security  -c  /home/babak/abg_analyzer_pro/.buildozer/android/platform/build-arm64-v8a/build/bootstrap_builds/sdl2/jni/SDL/src/joystick/hidapi/SDL_hidapijoystick.c -o /home/babak/abg_analyzer_pro/.buildozer/android/platform/build-arm64-v8a/build/bootstrap_builds/sdl2/obj/local/arm64-v8a/objs-debug/SDL2/src/joystick/hidapi/SDL_hidapijoystick.o
[1m[90m[DEBUG][39m[0m:   	/home/babak/abg_analyzer_pro/.buildozer/android/platform/build-arm64-v8a/build/bootstrap_builds/sdl2/jni/SDL/src/joystick/hidapi/SDL_hidapijoystick.c:997:45: warning: a function declaration without a prototype is deprecated in all versions of C [-Wstrict-prototypes]
[1m[90m[DEBUG][39m[0m:   	  997 | static SDL_bool HIDAPI_CreateCombinedJoyCons()
[1m[90m[DEBUG][39m[0m:   	      |                                             ^
[1m[90m[DEBUG][39m[0m:   	      |                                              void
[1m[90m[DEBUG][39m[0m:   	1 warning generated.
[1m[90m[DEBUG][39m[0m:   	[arm64-v8a] Compile        : SDL2 <= SDL_virtualjoystick.c
[1m[90m[DEBUG][39m[0m:   	rm -f /home/babak/abg_analyzer_pro/.buildozer/android/platform/build-arm64-v8a/build/bootstrap_builds/sdl2/obj/local/arm64-v8a/objs-debug/SDL2/src/joystick/virtual/SDL_virtualjoystick.o
[1m[90m[DEBUG][39m[0m:   	/usr/bin/ccache /home/babak/.buildozer/android/platform/android-ndk-r27c/toolchains/llvm/prebuilt/linux-x86_64/bin/clang -MMD -MP -MF /home/babak/abg_analyzer_pro/.buildozer/android/platform/build-arm64-v8a/build/bootstrap_builds/sdl2/obj/local/arm64-v8a/objs-debug/SDL2/src/joystick/virtual/SDL_virtualjoystick.o.d -target aarch64-none-linux-android24 -fdata-sections -ffunction-sections -fstack-protector-strong -funwind-tables -no-canonical-prefixes  --sysroot /home/babak/.buildozer/android/platform/android-ndk-r27c/toolchains/llvm/prebuilt/linux-x86_64/sysroot -g -Wno-invalid-command-line-argument -Wno-unused-command-line-argument  -D_FORTIFY_SOURCE=2 -fpic -O0 -UNDEBUG -fno-limit-debug-info  -I/home/babak/abg_analyzer_pro/.buildozer/android/platform/build-arm64-v8a/build/bootstrap_builds/sdl2/jni/SDL/include -I/home/babak/.buildozer/android/platform/android-ndk-r27c/sources/android/cpufeatures -I/home/babak/abg_analyzer_pro/.buildozer/android/platform/build-arm64-v8a/build/bootstrap_builds/sdl2/jni/SDL   -DANDROID -DGL_GLEXT_PROTOTYPES -Wall -Wextra -Wdocumentation -Wmissing-prototypes -Wunreachable-code-break -Wunneeded-internal-declaration -Wmissing-variable-declarations -Wfloat-conversion -Wshorten-64-to-32 -Wunreachable-code-return -Wshift-sign-overflow -Wstrict-prototypes -Wkeyword-macro -Wno-unused-parameter -Wno-sign-compare -Wformat -Werror=format-security  -c  /home/babak/abg_analyzer_pro/.buildozer/android/platform/build-arm64-v8a/build/bootstrap_builds/sdl2/jni/SDL/src/joystick/virtual/SDL_virtualjoystick.c -o /home/babak/abg_analyzer_pro/.buildozer/android/platform/build-arm64-v8a/build/bootstrap_builds/sdl2/obj/local/arm64-v8a/objs-debug/SDL2/src/joystick/virtual/SDL_virtualjoystick.o
[1m[90m[DEBUG][39m[0m:   	[arm64-v8a] Compile        : SDL2 <= SDL_sysloadso.c
[1m[90m[DEBUG][39m[0m:   	rm -f /home/babak/abg_analyzer_pro/.buildozer/android/platform/build-arm64-v8a/build/bootstrap_builds/sdl2/obj/local/arm64-v8a/objs-debug/SDL2/src/loadso/dlopen/SDL_sysloadso.o
[1m[90m[DEBUG][39m[0m:   	/usr/bin/ccache /home/babak/.buildozer/android/platform/android-ndk-r27c/toolchains/llvm/prebuilt/linux-x86_64/bin/clang -MMD -MP -MF /home/babak/abg_analyzer_pro/.buildozer/android/platform/build-arm64-v8a/build/bootstrap_builds/sdl2/obj/local/arm64-v8a/objs-debug/SDL2/src/loadso/dlopen/SDL_sysloadso.o.d -target aarch64-none-linux-android24 -fdata-sections -ffunction-sections -fstack-protector-strong -funwind-tables -no-canonical-prefixes  --sysroot /home/babak/.buildozer/android/platform/android-ndk-r27c/toolchains/llvm/prebuilt/linux-x86_64/sysroot -g -Wno-invalid-command-line-argument -Wno-unused-command-line-argument  -D_FORTIFY_SOURCE=2 -fpic -O0 -UNDEBUG -fno-limit-debug-info  -I/home/babak/abg_analyzer_pro/.buildozer/android/platform/build-arm64-v8a/build/bootstrap_builds/sdl2/jni/SDL/include -I/home/babak/.buildozer/android/platform/android-ndk-r27c/sources/android/cpufeatures -I/home/babak/abg_analyzer_pro/.buildozer/android/platform/build-arm64-v8a/build/bootstrap_builds/sdl2/jni/SDL   -DANDROID -DGL_GLEXT_PROTOTYPES -Wall -Wextra -Wdocumentation -Wmissing-prototypes -Wunreachable-code-break -Wunneeded-internal-declaration -Wmissing-variable-declarations -Wfloat-conversion -Wshorten-64-to-32 -Wunreachable-code-return -Wshift-sign-overflow -Wstrict-prototypes -Wkeyword-macro -Wno-unused-parameter -Wno-sign-compare -Wformat -Werror=format-security  -c  /home/babak/abg_analyzer_pro/.buildozer/android/platform/build-arm64-v8a/build/bootstrap_builds/sdl2/jni/SDL/src/loadso/dlopen/SDL_sysloadso.c -o /home/babak/abg_analyzer_pro/.buildozer/android/platform/build-arm64-v8a/build/bootstrap_builds/sdl2/obj/local/arm64-v8a/objs-debug/SDL2/src/loadso/dlopen/SDL_sysloadso.o
[1m[90m[DEBUG][39m[0m:   	[arm64-v8a] Compile        : SDL2 <= SDL_locale.c
[1m[90m[DEBUG][39m[0m:   	rm -f /home/babak/abg_analyzer_pro/.buildozer/android/platform/build-arm64-v8a/build/bootstrap_builds/sdl2/obj/local/arm64-v8a/objs-debug/SDL2/src/locale/SDL_locale.o
[1m[90m[DEBUG][39m[0m:   	/usr/bin/ccache /home/babak/.buildozer/android/platform/android-ndk-r27c/toolchains/llvm/prebuilt/linux-x86_64/bin/clang -MMD -MP -MF /home/babak/abg_analyzer_pro/.buildozer/android/platform/build-arm64-v8a/build/bootstrap_builds/sdl2/obj/local/arm64-v8a/objs-debug/SDL2/src/locale/SDL_locale.o.d -target aarch64-none-linux-android24 -fdata-sections -ffunction-sections -fstack-protector-strong -funwind-tables -no-canonical-prefixes  --sysroot /home/babak/.buildozer/android/platform/android-ndk-r27c/toolchains/llvm/prebuilt/linux-x86_64/sysroot -g -Wno-invalid-command-line-argument -Wno-unused-command-line-argument  -D_FORTIFY_SOURCE=2 -fpic -O0 -UNDEBUG -fno-limit-debug-info  -I/home/babak/abg_analyzer_pro/.buildozer/android/platform/build-arm64-v8a/build/bootstrap_builds/sdl2/jni/SDL/include -I/home/babak/.buildozer/android/platform/android-ndk-r27c/sources/android/cpufeatures -I/home/babak/abg_analyzer_pro/.buildozer/android/platform/build-arm64-v8a/build/bootstrap_builds/sdl2/jni/SDL   -DANDROID -DGL_GLEXT_PROTOTYPES -Wall -Wextra -Wdocumentation -Wmissing-prototypes -Wunreachable-code-break -Wunneeded-internal-declaration -Wmissing-variable-declarations -Wfloat-conversion -Wshorten-64-to-32 -Wunreachable-code-return -Wshift-sign-overflow -Wstrict-prototypes -Wkeyword-macro -Wno-unused-parameter -Wno-sign-compare -Wformat -Werror=format-security  -c  /home/babak/abg_analyzer_pro/.buildozer/android/platform/build-arm64-v8a/build/bootstrap_builds/sdl2/jni/SDL/src/locale/SDL_locale.c -o /home/babak/abg_analyzer_pro/.buildozer/android/platform/build-arm64-v8a/build/bootstrap_builds/sdl2/obj/local/arm64-v8a/objs-debug/SDL2/src/locale/SDL_locale.o
[1m[90m[DEBUG][39m[0m:   	[arm64-v8a] Compile        : SDL2 <= SDL_syslocale.c
[1m[90m[DEBUG][39m[0m:   	rm -f /home/babak/abg_analyzer_pro/.buildozer/android/platform/build-arm64-v8a/build/bootstrap_builds/sdl2/obj/local/arm64-v8a/objs-debug/SDL2/src/locale/android/SDL_syslocale.o
[1m[90m[DEBUG][39m[0m:   	/usr/bin/ccache /home/babak/.buildozer/android/platform/android-ndk-r27c/toolchains/llvm/prebuilt/linux-x86_64/bin/clang -MMD -MP -MF /home/babak/abg_analyzer_pro/.buildozer/android/platform/build-arm64-v8a/build/bootstrap_builds/sdl2/obj/local/arm64-v8a/objs-debug/SDL2/src/locale/android/SDL_syslocale.o.d -target aarch64-none-linux-android24 -fdata-sections -ffunction-sections -fstack-protector-strong -funwind-tables -no-canonical-prefixes  --sysroot /home/babak/.buildozer/android/platform/android-ndk-r27c/toolchains/llvm/prebuilt/linux-x86_64/sysroot -g -Wno-invalid-command-line-argument -Wno-unused-command-line-argument  -D_FORTIFY_SOURCE=2 -fpic -O0 -UNDEBUG -fno-limit-debug-info  -I/home/babak/abg_analyzer_pro/.buildozer/android/platform/build-arm64-v8a/build/bootstrap_builds/sdl2/jni/SDL/include -I/home/babak/.buildozer/android/platform/android-ndk-r27c/sources/android/cpufeatures -I/home/babak/abg_analyzer_pro/.buildozer/android/platform/build-arm64-v8a/build/bootstrap_builds/sdl2/jni/SDL   -DANDROID -DGL_GLEXT_PROTOTYPES -Wall -Wextra -Wdocumentation -Wmissing-prototypes -Wunreachable-code-break -Wunneeded-internal-declaration -Wmissing-variable-declarations -Wfloat-conversion -Wshorten-64-to-32 -Wunreachable-code-return -Wshift-sign-overflow -Wstrict-prototypes -Wkeyword-macro -Wno-unused-parameter -Wno-sign-compare -Wformat -Werror=format-security  -c  /home/babak/abg_analyzer_pro/.buildozer/android/platform/build-arm64-v8a/build/bootstrap_builds/sdl2/jni/SDL/src/locale/android/SDL_syslocale.c -o /home/babak/abg_analyzer_pro/.buildozer/android/platform/build-arm64-v8a/build/bootstrap_builds/sdl2/obj/local/arm64-v8a/objs-debug/SDL2/src/locale/android/SDL_syslocale.o
[1m[90m[DEBUG][39m[0m:   	[arm64-v8a] Compile        : SDL2 <= SDL_url.c
[1m[90m[DEBUG][39m[0m:   	rm -f /home/babak/abg_analyzer_pro/.buildozer/android/platform/build-arm64-v8a/build/bootstrap_builds/sdl2/obj/local/arm64-v8a/objs-debug/SDL2/src/misc/SDL_url.o
[1m[90m[DEBUG][39m[0m:   	/usr/bin/ccache /home/babak/.buildozer/android/platform/android-ndk-r27c/toolchains/llvm/prebuilt/linux-x86_64/bin/clang -MMD -MP -MF /home/babak/abg_analyzer_pro/.buildozer/android/platform/build-arm64-v8a/build/bootstrap_builds/sdl2/obj/local/arm64-v8a/objs-debug/SDL2/src/misc/SDL_url.o.d -target aarch64-none-linux-android24 -fdata-sections -ffunction-sections -fstack-protector-strong -funwind-tables -no-canonical-prefixes  --sysroot /home/babak/.buildozer/android/platform/android-ndk-r27c/toolchains/llvm/prebuilt/linux-x86_64/sysroot -g -Wno-invalid-command-line-argument -Wno-unused-command-line-argument  -D_FORTIFY_SOURCE=2 -fpic -O0 -UNDEBUG -fno-limit-debug-info  -I/home/babak/abg_analyzer_pro/.buildozer/android/platform/build-arm64-v8a/build/bootstrap_builds/sdl2/jni/SDL/include -I/home/babak/.buildozer/android/platform/android-ndk-r27c/sources/android/cpufeatures -I/home/babak/abg_analyzer_pro/.buildozer/android/platform/build-arm64-v8a/build/bootstrap_builds/sdl2/jni/SDL   -DANDROID -DGL_GLEXT_PROTOTYPES -Wall -Wextra -Wdocumentation -Wmissing-prototypes -Wunreachable-code-break -Wunneeded-internal-declaration -Wmissing-variable-declarations -Wfloat-conversion -Wshorten-64-to-32 -Wunreachable-code-return -Wshift-sign-overflow -Wstrict-prototypes -Wkeyword-macro -Wno-unused-parameter -Wno-sign-compare -Wformat -Werror=format-security  -c  /home/babak/abg_analyzer_pro/.buildozer/android/platform/build-arm64-v8a/build/bootstrap_builds/sdl2/jni/SDL/src/misc/SDL_url.c -o /home/babak/abg_analyzer_pro/.buildozer/android/platform/build-arm64-v8a/build/bootstrap_builds/sdl2/obj/local/arm64-v8a/objs-debug/SDL2/src/misc/SDL_url.o
[1m[90m[DEBUG][39m[0m:   	[arm64-v8a] Compile        : SDL2 <= SDL_sysurl.c
[1m[90m[DEBUG][39m[0m:   	rm -f /home/babak/abg_analyzer_pro/.buildozer/android/platform/build-arm64-v8a/build/bootstrap_builds/sdl2/obj/local/arm64-v8a/objs-debug/SDL2/src/misc/android/SDL_sysurl.o
[1m[90m[DEBUG][39m[0m:   	/usr/bin/ccache /home/babak/.buildozer/android/platform/android-ndk-r27c/toolchains/llvm/prebuilt/linux-x86_64/bin/clang -MMD -MP -MF /home/babak/abg_analyzer_pro/.buildozer/android/platform/build-arm64-v8a/build/bootstrap_builds/sdl2/obj/local/arm64-v8a/objs-debug/SDL2/src/misc/android/SDL_sysurl.o.d -target aarch64-none-linux-android24 -fdata-sections -ffunction-sections -fstack-protector-strong -funwind-tables -no-canonical-prefixes  --sysroot /home/babak/.buildozer/android/platform/android-ndk-r27c/toolchains/llvm/prebuilt/linux-x86_64/sysroot -g -Wno-invalid-command-line-argument -Wno-unused-command-line-argument  -D_FORTIFY_SOURCE=2 -fpic -O0 -UNDEBUG -fno-limit-debug-info  -I/home/babak/abg_analyzer_pro/.buildozer/android/platform/build-arm64-v8a/build/bootstrap_builds/sdl2/jni/SDL/include -I/home/babak/.buildozer/android/platform/android-ndk-r27c/sources/android/cpufeatures -I/home/babak/abg_analyzer_pro/.buildozer/android/platform/build-arm64-v8a/build/bootstrap_builds/sdl2/jni/SDL   -DANDROID -DGL_GLEXT_PROTOTYPES -Wall -Wextra -Wdocumentation -Wmissing-prototypes -Wunreachable-code-break -Wunneeded-internal-declaration -Wmissing-variable-declarations -Wfloat-conversion -Wshorten-64-to-32 -Wunreachable-code-return -Wshift-sign-overflow -Wstrict-prototypes -Wkeyword-macro -Wno-unused-parameter -Wno-sign-compare -Wformat -Werror=format-security  -c  /home/babak/abg_analyzer_pro/.buildozer/android/platform/build-arm64-v8a/build/bootstrap_builds/sdl2/jni/SDL/src/misc/android/SDL_sysurl.c -o /home/babak/abg_analyzer_pro/.buildozer/android/platform/build-arm64-v8a/build/bootstrap_builds/sdl2/obj/local/arm64-v8a/objs-debug/SDL2/src/misc/android/SDL_sysurl.o
[1m[90m[DEBUG][39m[0m:   	[arm64-v8a] Compile        : SDL2 <= SDL_power.c
[1m[90m[DEBUG][39m[0m:   	rm -f /home/babak/abg_analyzer_pro/.buildozer/android/platform/build-arm64-v8a/build/bootstrap_builds/sdl2/obj/local/arm64-v8a/objs-debug/SDL2/src/power/SDL_power.o
[1m[90m[DEBUG][39m[0m:   	/usr/bin/ccache /home/babak/.buildozer/android/platform/android-ndk-r27c/toolchains/llvm/prebuilt/linux-x86_64/bin/clang -MMD -MP -MF /home/babak/abg_analyzer_pro/.buildozer/android/platform/build-arm64-v8a/build/bootstrap_builds/sdl2/obj/local/arm64-v8a/objs-debug/SDL2/src/power/SDL_power.o.d -target aarch64-none-linux-android24 -fdata-sections -ffunction-sections -fstack-protector-strong -funwind-tables -no-canonical-prefixes  --sysroot /home/babak/.buildozer/android/platform/android-ndk-r27c/toolchains/llvm/prebuilt/linux-x86_64/sysroot -g -Wno-invalid-command-line-argument -Wno-unused-command-line-argument  -D_FORTIFY_SOURCE=2 -fpic -O0 -UNDEBUG -fno-limit-debug-info  -I/home/babak/abg_analyzer_pro/.buildozer/android/platform/build-arm64-v8a/build/bootstrap_builds/sdl2/jni/SDL/include -I/home/babak/.buildozer/android/platform/android-ndk-r27c/sources/android/cpufeatures -I/home/babak/abg_analyzer_pro/.buildozer/android/platform/build-arm64-v8a/build/bootstrap_builds/sdl2/jni/SDL   -DANDROID -DGL_GLEXT_PROTOTYPES -Wall -Wextra -Wdocumentation -Wmissing-prototypes -Wunreachable-code-break -Wunneeded-internal-declaration -Wmissing-variable-declarations -Wfloat-conversion -Wshorten-64-to-32 -Wunreachable-code-return -Wshift-sign-overflow -Wstrict-prototypes -Wkeyword-macro -Wno-unused-parameter -Wno-sign-compare -Wformat -Werror=format-security  -c  /home/babak/abg_analyzer_pro/.buildozer/android/platform/build-arm64-v8a/build/bootstrap_builds/sdl2/jni/SDL/src/power/SDL_power.c -o /home/babak/abg_analyzer_pro/.buildozer/android/platform/build-arm64-v8a/build/bootstrap_builds/sdl2/obj/local/arm64-v8a/objs-debug/SDL2/src/power/SDL_power.o
[1m[90m[DEBUG][39m[0m:   	[arm64-v8a] Compile        : SDL2 <= SDL_syspower.c
[1m[90m[DEBUG][39m[0m:   	rm -f /home/babak/abg_analyzer_pro/.buildozer/android/platform/build-arm64-v8a/build/bootstrap_builds/sdl2/obj/local/arm64-v8a/objs-debug/SDL2/src/power/android/SDL_syspower.o
[1m[90m[DEBUG][39m[0m:   	/usr/bin/ccache /home/babak/.buildozer/android/platform/android-ndk-r27c/toolchains/llvm/prebuilt/linux-x86_64/bin/clang -MMD -MP -MF /home/babak/abg_analyzer_pro/.buildozer/android/platform/build-arm64-v8a/build/bootstrap_builds/sdl2/obj/local/arm64-v8a/objs-debug/SDL2/src/power/android/SDL_syspower.o.d -target aarch64-none-linux-android24 -fdata-sections -ffunction-sections -fstack-protector-strong -funwind-tables -no-canonical-prefixes  --sysroot /home/babak/.buildozer/android/platform/android-ndk-r27c/toolchains/llvm/prebuilt/linux-x86_64/sysroot -g -Wno-invalid-command-line-argument -Wno-unused-command-line-argument  -D_FORTIFY_SOURCE=2 -fpic -O0 -UNDEBUG -fno-limit-debug-info  -I/home/babak/abg_analyzer_pro/.buildozer/android/platform/build-arm64-v8a/build/bootstrap_builds/sdl2/jni/SDL/include -I/home/babak/.buildozer/android/platform/android-ndk-r27c/sources/android/cpufeatures -I/home/babak/abg_analyzer_pro/.buildozer/android/platform/build-arm64-v8a/build/bootstrap_builds/sdl2/jni/SDL   -DANDROID -DGL_GLEXT_PROTOTYPES -Wall -Wextra -Wdocumentation -Wmissing-prototypes -Wunreachable-code-break -Wunneeded-internal-declaration -Wmissing-variable-declarations -Wfloat-conversion -Wshorten-64-to-32 -Wunreachable-code-return -Wshift-sign-overflow -Wstrict-prototypes -Wkeyword-macro -Wno-unused-parameter -Wno-sign-compare -Wformat -Werror=format-security  -c  /home/babak/abg_analyzer_pro/.buildozer/android/platform/build-arm64-v8a/build/bootstrap_builds/sdl2/jni/SDL/src/power/android/SDL_syspower.c -o /home/babak/abg_analyzer_pro/.buildozer/android/platform/build-arm64-v8a/build/bootstrap_builds/sdl2/obj/local/arm64-v8a/objs-debug/SDL2/src/power/android/SDL_syspower.o
[1m[90m[DEBUG][39m[0m:   	[arm64-v8a] Compile        : SDL2 <= SDL_sysfilesystem.c
[1m[90m[DEBUG][39m[0m:   	rm -f /home/babak/abg_analyzer_pro/.buildozer/android/platform/build-arm64-v8a/build/bootstrap_builds/sdl2/obj/local/arm64-v8a/objs-debug/SDL2/src/filesystem/android/SDL_sysfilesystem.o
[1m[90m[DEBUG][39m[0m:   	/usr/bin/ccache /home/babak/.buildozer/android/platform/android-ndk-r27c/toolchains/llvm/prebuilt/linux-x86_64/bin/clang -MMD -MP -MF /home/babak/abg_analyzer_pro/.buildozer/android/platform/build-arm64-v8a/build/bootstrap_builds/sdl2/obj/local/arm64-v8a/objs-debug/SDL2/src/filesystem/android/SDL_sysfilesystem.o.d -target aarch64-none-linux-android24 -fdata-sections -ffunction-sections -fstack-protector-strong -funwind-tables -no-canonical-prefixes  --sysroot /home/babak/.buildozer/android/platform/android-ndk-r27c/toolchains/llvm/prebuilt/linux-x86_64/sysroot -g -Wno-invalid-command-line-argument -Wno-unused-command-line-argument  -D_FORTIFY_SOURCE=2 -fpic -O0 -UNDEBUG -fno-limit-debug-info  -I/home/babak/abg_analyzer_pro/.buildozer/android/platform/build-arm64-v8a/build/bootstrap_builds/sdl2/jni/SDL/include -I/home/babak/.buildozer/android/platform/android-ndk-r27c/sources/android/cpufeatures -I/home/babak/abg_analyzer_pro/.buildozer/android/platform/build-arm64-v8a/build/bootstrap_builds/sdl2/jni/SDL   -DANDROID -DGL_GLEXT_PROTOTYPES -Wall -Wextra -Wdocumentation -Wmissing-prototypes -Wunreachable-code-break -Wunneeded-internal-declaration -Wmissing-variable-declarations -Wfloat-conversion -Wshorten-64-to-32 -Wunreachable-code-return -Wshift-sign-overflow -Wstrict-prototypes -Wkeyword-macro -Wno-unused-parameter -Wno-sign-compare -Wformat -Werror=format-security  -c  /home/babak/abg_analyzer_pro/.buildozer/android/platform/build-arm64-v8a/build/bootstrap_builds/sdl2/jni/SDL/src/filesystem/android/SDL_sysfilesystem.c -o /home/babak/abg_analyzer_pro/.buildozer/android/platform/build-arm64-v8a/build/bootstrap_builds/sdl2/obj/local/arm64-v8a/objs-debug/SDL2/src/filesystem/android/SDL_sysfilesystem.o
[1m[90m[DEBUG][39m[0m:   	[arm64-v8a] Compile        : SDL2 <= SDL_sensor.c
[1m[90m[DEBUG][39m[0m:   	rm -f /home/babak/abg_analyzer_pro/.buildozer/android/platform/build-arm64-v8a/build/bootstrap_builds/sdl2/obj/local/arm64-v8a/objs-debug/SDL2/src/sensor/SDL_sensor.o
[1m[90m[DEBUG][39m[0m:   	/usr/bin/ccache /home/babak/.buildozer/android/platform/android-ndk-r27c/toolchains/llvm/prebuilt/linux-x86_64/bin/clang -MMD -MP -MF /home/babak/abg_analyzer_pro/.buildozer/android/platform/build-arm64-v8a/build/bootstrap_builds/sdl2/obj/local/arm64-v8a/objs-debug/SDL2/src/sensor/SDL_sensor.o.d -target aarch64-none-linux-android24 -fdata-sections -ffunction-sections -fstack-protector-strong -funwind-tables -no-canonical-prefixes  --sysroot /home/babak/.buildozer/android/platform/android-ndk-r27c/toolchains/llvm/prebuilt/linux-x86_64/sysroot -g -Wno-invalid-command-line-argument -Wno-unused-command-line-argument  -D_FORTIFY_SOURCE=2 -fpic -O0 -UNDEBUG -fno-limit-debug-info  -I/home/babak/abg_analyzer_pro/.buildozer/android/platform/build-arm64-v8a/build/bootstrap_builds/sdl2/jni/SDL/include -I/home/babak/.buildozer/android/platform/android-ndk-r27c/sources/android/cpufeatures -I/home/babak/abg_analyzer_pro/.buildozer/android/platform/build-arm64-v8a/build/bootstrap_builds/sdl2/jni/SDL   -DANDROID -DGL_GLEXT_PROTOTYPES -Wall -Wextra -Wdocumentation -Wmissing-prototypes -Wunreachable-code-break -Wunneeded-internal-declaration -Wmissing-variable-declarations -Wfloat-conversion -Wshorten-64-to-32 -Wunreachable-code-return -Wshift-sign-overflow -Wstrict-prototypes -Wkeyword-macro -Wno-unused-parameter -Wno-sign-compare -Wformat -Werror=format-security  -c  /home/babak/abg_analyzer_pro/.buildozer/android/platform/build-arm64-v8a/build/bootstrap_builds/sdl2/jni/SDL/src/sensor/SDL_sensor.c -o /home/babak/abg_analyzer_pro/.buildozer/android/platform/build-arm64-v8a/build/bootstrap_builds/sdl2/obj/local/arm64-v8a/objs-debug/SDL2/src/sensor/SDL_sensor.o
[1m[90m[DEBUG][39m[0m:   	/home/babak/abg_analyzer_pro/.buildozer/android/platform/build-arm64-v8a/build/bootstrap_builds/sdl2/jni/SDL/src/sensor/SDL_sensor.c:111:41: warning: a function declaration without a prototype is deprecated in all versions of C [-Wstrict-prototypes]
[1m[90m[DEBUG][39m[0m:   	  111 | SDL_SensorID SDL_GetNextSensorInstanceID()
[1m[90m[DEBUG][39m[0m:   	      |                                         ^
[1m[90m[DEBUG][39m[0m:   	      |                                          void
[1m[90m[DEBUG][39m[0m:   	1 warning generated.
[1m[90m[DEBUG][39m[0m:   	[arm64-v8a] Compile        : SDL2 <= SDL_androidsensor.c
[1m[90m[DEBUG][39m[0m:   	rm -f /home/babak/abg_analyzer_pro/.buildozer/android/platform/build-arm64-v8a/build/bootstrap_builds/sdl2/obj/local/arm64-v8a/objs-debug/SDL2/src/sensor/android/SDL_androidsensor.o
[1m[90m[DEBUG][39m[0m:   	/usr/bin/ccache /home/babak/.buildozer/android/platform/android-ndk-r27c/toolchains/llvm/prebuilt/linux-x86_64/bin/clang -MMD -MP -MF /home/babak/abg_analyzer_pro/.buildozer/android/platform/build-arm64-v8a/build/bootstrap_builds/sdl2/obj/local/arm64-v8a/objs-debug/SDL2/src/sensor/android/SDL_androidsensor.o.d -target aarch64-none-linux-android24 -fdata-sections -ffunction-sections -fstack-protector-strong -funwind-tables -no-canonical-prefixes  --sysroot /home/babak/.buildozer/android/platform/android-ndk-r27c/toolchains/llvm/prebuilt/linux-x86_64/sysroot -g -Wno-invalid-command-line-argument -Wno-unused-command-line-argument  -D_FORTIFY_SOURCE=2 -fpic -O0 -UNDEBUG -fno-limit-debug-info  -I/home/babak/abg_analyzer_pro/.buildozer/android/platform/build-arm64-v8a/build/bootstrap_builds/sdl2/jni/SDL/include -I/home/babak/.buildozer/android/platform/android-ndk-r27c/sources/android/cpufeatures -I/home/babak/abg_analyzer_pro/.buildozer/android/platform/build-arm64-v8a/build/bootstrap_builds/sdl2/jni/SDL   -DANDROID -DGL_GLEXT_PROTOTYPES -Wall -Wextra -Wdocumentation -Wmissing-prototypes -Wunreachable-code-break -Wunneeded-internal-declaration -Wmissing-variable-declarations -Wfloat-conversion -Wshorten-64-to-32 -Wunreachable-code-return -Wshift-sign-overflow -Wstrict-prototypes -Wkeyword-macro -Wno-unused-parameter -Wno-sign-compare -Wformat -Werror=format-security  -c  /home/babak/abg_analyzer_pro/.buildozer/android/platform/build-arm64-v8a/build/bootstrap_builds/sdl2/jni/SDL/src/sensor/android/SDL_androidsensor.c -o /home/babak/abg_analyzer_pro/.buildozer/android/platform/build-arm64-v8a/build/bootstrap_builds/sdl2/obj/local/arm64-v8a/objs-debug/SDL2/src/sensor/android/SDL_androidsensor.o
[1m[90m[DEBUG][39m[0m:   	/home/babak/abg_analyzer_pro/.buildozer/android/platform/build-arm64-v8a/build/bootstrap_builds/sdl2/jni/SDL/src/sensor/android/SDL_androidsensor.c:164:9: error: 'ALooper_pollAll' is unavailable: obsoleted in Android 1 - ALooper_pollAll may ignore wakes. Use ALooper_pollOnce instead. See The API documentation for more information
[1m[90m[DEBUG][39m[0m:   	  164 |     if (ALooper_pollAll(0, NULL, &events, (void **)&source) == LOOPER_ID_USER) {
[1m[90m[DEBUG][39m[0m:   	      |         ^
[1m[90m[DEBUG][39m[0m:   	/home/babak/.buildozer/android/platform/android-ndk-r27c/toolchains/llvm/prebuilt/linux-x86_64/sysroot/usr/include/android/looper.h:228:5: note: 'ALooper_pollAll' has been explicitly marked unavailable here
[1m[90m[DEBUG][39m[0m:   	  228 | int ALooper_pollAll(int timeoutMillis, int* outFd, int* outEvents, void** outData)
[1m[90m[DEBUG][39m[0m:   	      |     ^
[1m[90m[DEBUG][39m[0m:   	1 error generated.
[1m[90m[DEBUG][39m[0m:   	make: *** [/home/babak/.buildozer/android/platform/android-ndk-r27c/build/core/build-binary.mk:420: /home/babak/abg_analyzer_pro/.buildozer/android/platform/build-arm64-v8a/build/bootstrap_builds/sdl2/obj/local/arm64-v8a/objs-debug/SDL2/src/sensor/android/SDL_androidsensor.o] Error 1
Exception in thread background thread for pid 95309:
Traceback (most recent call last):
  File "/usr/lib/python3.10/threading.py", line 1016, in _bootstrap_inner
    self.run()
  File "/usr/lib/python3.10/threading.py", line 953, in run
    self._target(*self._args, **self._kwargs)
  File "/home/babak/.local/lib/python3.10/site-packages/sh.py", line 1641, in wrap
    fn(*rgs, **kwargs)
  File "/home/babak/.local/lib/python3.10/site-packages/sh.py", line 2569, in background_thread
    handle_exit_code(exit_code)
  File "/home/babak/.local/lib/python3.10/site-packages/sh.py", line 2269, in fn
    return self.command.handle_command_exit_code(exit_code)
  File "/home/babak/.local/lib/python3.10/site-packages/sh.py", line 869, in handle_command_exit_code
    raise exc
sh.ErrorReturnCode_2: 

  RAN: /home/babak/.buildozer/android/platform/android-ndk-r27c/ndk-build V=1 NDK_DEBUG=1

  STDOUT:
Android NDK: WARNING:/home/babak/abg_analyzer_pro/.buildozer/android/platform/build-arm64-v8a/build/bootstrap_builds/sdl2/jni/application/src/Android.mk:main: non-system libraries in linker flags: -lpython3.11    
Android NDK:     This is likely to result in incorrect builds. Try using LOCAL_STATIC_LIBRARIES    
Android NDK:     or LOCAL_SHARED_LIBRARIES instead to list the library dependencies of the    
Android NDK:     current module    
/home/babak/.buildozer/android/platform/android-ndk-r27c/build/core/build-binary.mk:590: Android NDK: Module main depends on undefined modules: python_shared    
rm -f /home/babak/abg_analyzer_pro/.buildozer/android/platform/build-arm64-v8a/build/bootstrap_builds/sdl2/libs/arm64-v8a/*
[arm64-v8a] Compile        : SDL2 <= SDL.c
rm -f /home/babak/abg_analyzer_pro/.buildozer/android/platform/build-arm64-v8a/build/bootstrap_builds/sdl2/obj/local/arm64-v8a/objs-debug/SDL2/src/SDL.o
/usr/bin/ccache /home/babak/.buildozer/android/platform/android-ndk-r27c/toolchains/llvm/prebuilt/linux-x86_64/bin/clang -MMD -MP -MF /home/babak/abg_analyzer_pro/.buildozer/android/platform/build-arm64-v8a/build/bootstrap_builds/sdl2/obj/local/arm64-v8a/objs-debug/SDL2/src/SDL.o.d -target aarch64-none-linux-android24 -fdata-sections -ffunction-sections -fstack-protector-strong -funwind-tables -no-canonical-prefixes  --sysroot /home/babak/.buildozer/android/platform/android-ndk-r27c/toolchains/llvm/prebuilt/linux-x86_64/sysroot -g -Wno-invalid-command-line-argument -Wno-unused-command-line-argument  -D_FORTIFY_SOURCE=2 -fpic -O0 -UNDEBUG -fno-limit-debug-info  -I/home/babak/abg_analyzer_pro/.buildozer/android/platform/build-arm64-v8a/build/bootstrap_builds/sdl2/jni/SDL/include -I/home/babak/.buildozer/android/platform/android-ndk-r27c/sources/android/cpufeatures -I/home/babak/abg_analyzer_pro/.buildozer/android/platform/build-arm64-v8a/build/bootstrap_builds/sdl2/jni/SDL   -DANDROID -DGL_GLEXT_PROTOTYPES -Wall -Wextra -Wdocumentation -Wmissing-prototypes -Wunreachable-code-break -Wunneeded-internal-declaration -Wmissing-variable-declarations -Wfloat-conversion -Wshorten-64-to-32 -Wunreachable-code-return -Wshift-sign-overflow -Wstrict-prototypes -Wkeyword-macro -Wno-unused-parameter -Wno-sign-compare -Wformat -Werror=format-security  -c  /home/babak/abg_analyzer_pro/.buildozer/android/platform/build-arm64-v8a/build/bootstrap_builds/sdl2/jni/SDL/src/SDL.c -o /home/babak/abg_analyzer_pro/.buildozer/android/platform/build-arm64-v8a/build/bootstrap_builds/sdl2/obj/local/arm64-v8a/objs-debug/SDL2/src/SDL.o
[arm64-v8a] Compile        : SDL2 <= SDL_assert.c
rm -f /home/babak/abg_analyzer_pro/.buildozer/android/platform/build-arm64-v8a/build/bootstrap_builds/sdl2/obj/local/arm64-v8a/objs-debug/SDL2/src/SDL_assert.o
/usr/bin/ccache /home/babak/.buildozer/android/platform/android-ndk-r27c/toolchains/llvm/prebuilt/linux-x86_64/bin/clang -MMD -MP -MF /home/babak/abg_analyzer_pro/.buildozer/android/platform/build-arm64-v8a/build/bootstrap_builds/sdl2/obj/local/arm64-v8a/objs-debug/SDL2/src/SDL_assert.o.d -target aarch64-none-linux-android24 -fdata-sections -ffunction-sections -fstack-protector-strong -funwind-tables -no-canonical-prefixes  --sysroot /home/babak/.buildozer/android/platform/android-ndk-r27c/toolchains/llvm/prebuilt/linux-x86_64/sysroot -g -Wno-invalid-command-line-argument -Wno-unused-command-line-argument  -D_FORTIFY_SOURCE=2 -fpic -O0 -UNDEBUG -fno-limit-debug-info  -I/home/babak/abg_analyzer_pro/.buildozer/android/platform/build-arm64-v8a/build/bootstrap_builds/sdl2/jni/SDL/include -I/home/babak/.buildozer/android/platform/android-ndk-r27c/sources/android/cpufeatures -I/home/babak/abg_analyzer_pro/.buildozer/android/platform/build-arm64-v8a/build/bootstrap_builds/sdl2/jni/SDL   -DANDROID -DGL_GLEXT_PROTOTYPES -Wall -Wextra -Wdocumentation -Wmissing-prototypes -Wunreachable-code-break -Wunneeded-internal-declaration -Wmissing-variable-declarations -Wfloat-conversion -Wshorten-64-to-32 -Wunreachable-code-return -Wshift-sign-overflow -Wstrict-prototypes -Wkeyword-macro -Wno-unused-parameter -Wno-sign-compare -Wformat -Werror=format-security  -c  /home/babak/abg_analyzer_pro/.buildozer/android/platform/build-arm64-v8a/build/bootstrap_builds/sdl2/jni/SDL/src/SDL_assert.c -o /home/babak/abg_analyzer_pro/.buildozer/android/platform/build-arm64-v8a/build/bootstrap_builds/sdl2/obj/local/arm64-v8a/objs-debug/SDL2/src/SDL_assert.o
[arm64-v8a] Compile        : SDL2 <= SDL_dataqueue.c
rm -f /home/babak/abg_analyzer_pro/.buildozer/android/platform/build-arm64-v8a/build/bootstrap_builds/sdl2/obj/local/arm64-v8a/objs-debug/SDL2/src/SDL_dataqueue.o
/usr/bin/ccache /home/babak/.buildozer/android/platform/android-ndk-r27c/toolchains/llvm/prebuilt/linux-x86_64/bin/clang -MMD -MP -MF /home/babak/abg_analyzer_pro/.buildozer/android/platform/build-arm64-v8a/build/bootstrap_builds/sdl2/obj/local/arm64-v8a/objs-debug/SDL2/src/SDL_dataqueue.o.d -target aarch64-none-linux-android24 -fdata-sections -ffunction-sections -fstack-protector-strong -funwind-tables -no-canonical-prefixes  --sysroot /home/babak/.buildozer/android/platform/android-ndk-r27c/toolchains/llvm/prebuilt/linux-x86_64/sysroot -g -Wno-invalid-command-line-argument -Wno-unused-command-line-argument  -D_FORTIFY_SOURCE=2 -fpic -O0 -UNDEBUG -fno-limit-debug-info  -I/home/babak/abg_analyzer_pro/.buildozer/android/platform/build-arm64-v8a/build/bootstrap_builds/sdl2/jni/SDL/include -I/home/babak/.buildozer/android/platform/android-ndk-r27c/sources/android/cpufeatures -I/home/babak/abg_analyzer_pro/.buildozer/android/platform/build-arm64-v8a/build/bootstrap_builds/sdl2/jni/SDL   -DANDROID -DGL_GLEXT_PROTOTYPES -Wall -Wextra -Wdocumentation -Wmissing-prototypes -Wunreachable-code-break -Wunneeded-internal-declaration -Wmissing-variable-declarations -Wfloat-conversion -Wshorten-64-to-32 -Wunreachable-code-return -Wshift-sign-overflow -Wstrict-prototypes -Wkeyword-macro -Wno-unused-parameter -Wno-sign-compare -Wformat -Werror=format-security  -c  /home/babak/abg_analyzer_pro/.buildozer/android/platform/build-arm64-v8a/build/bootstrap_builds/sdl2/jni/SDL/src/SDL_dataqueue.c -o /home/babak/abg_analyzer_pro/.buildozer/android/platform/build-arm64-v8a/build/bootstrap_builds/sdl2/obj/local/arm64-v8a/objs-debug/SDL2/src/SDL_dataqueue.o
[arm64-v8a] Compile        : SDL2 <= SDL_error.c
rm -f /home/babak/abg_analyzer_pro/.buildozer/android/platform/build-arm64-v8a/build/bootstrap_builds/sdl2/obj/local/arm64-v8a/objs-debug/SDL2/src/SDL_error.o
/usr/bin/ccache /home/babak/.buildozer/android/platform/android-ndk-r27c/toolchains/llvm/prebuilt/linux-x86_64/bin/clang -MMD -MP -MF /home/babak/abg_analyzer_pro/.buildozer/android/platform/build-arm64-v8a/build/bootstrap_builds/sdl2/obj/local/arm64-v8a/objs-debug/SDL2/src/SDL_error.o.d -target aarch64-none-linux-android24 -fdata-sections -ffunction-sections -fstack-protector-strong -funwind-tables -no-canonical-prefixes  --sysroot /home/babak/.buildozer/android/platform/android-ndk-r27c/toolchains/llvm/prebuilt/linux-x86_64/sysroot -g -Wno-invalid-command-line-argument -Wno-unused-command-line-argument  -D_FORTIFY_SOURCE=2 -fpic -O0 -UNDEBUG -fno-limit-debug-info  -I/home/babak/abg_analyzer_pro/.buildozer/android/platform/build-arm64-v8a/build/bootstrap_builds/sdl2/jni/SDL/include -I/home/babak/.buildozer/android/platform/android-ndk-r27c/sources/android/cpufeatures -I/home/babak/abg_analyzer_pro/.buildozer/android/platform/build-arm64-v8a/build/bootstrap_builds/sdl2/jni/SDL   -DANDROID -DGL_GLEXT_PROTOTYPES -Wall -Wextra -Wdocumentation -Wmissing-prototypes -Wunreachable-code-break -Wunneeded-internal-declaration -Wmissing-variable-declarations -Wfloat-conversion -Wshorten-64-to-32 -Wunreachable-code-return -Wshift-sign-overflow -Wstrict-prototypes -Wkeyword-macro -Wno-unused-parameter -Wno-sign-compare -Wformat -Werror=format-security  -c  /home/babak/abg_analyzer_pro/.buildozer/android/platform/build-arm64-v8a/build/bootstrap_builds/sdl2/jni/SDL/src/SDL_error.c -o /home/babak/abg_analyzer_pro/.buildozer/android/platform/build-arm64-v8a/build/bootstrap_builds/sdl2/obj/local/arm64-v8a/objs-debug/SDL2/src/SDL_error.o
[arm64-v8a] Compile        : SDL2 <= SDL_guid.c
rm -f /home/babak/abg_analyzer_pro/.buildozer/android/platform/build-arm64-v8a/build/bootstrap_builds/sdl2/obj/local/arm64-v8a/objs-debug/SDL2/src/SDL_guid.o
/usr/bin/ccache /home/babak/.buildozer/android/platform/android-ndk-r27c/toolchains/llvm/prebuilt/linux-x86_64/bin/clang -MMD -MP -MF /home/babak/abg_analyzer_pro/.buildozer/android/platform/build-arm64-v8a/build/bootstrap_builds/sdl2/obj/local/arm64-v8a/objs-debug/SDL2/src/SDL_guid.o.d -target aarch64-none-linux-android24 -fdata-sections -ffunction-sections -fstack-protector-strong -funwind-tables -no-canonical-prefixes  --sysroot /home/babak/.buildozer/android/platform/android-ndk-r27c/toolchains/llvm/prebuilt/linux-x86_64/sysroot -g -Wno-invalid-command-line-argument -Wno-unused-command-line-argument  -D_FORTIFY_SOURCE=2 -fpic -O0 -UNDEBUG -fno-limit-debug-info  -I/home/babak/abg_analyzer_pro/.buildozer/android/platform/build-arm64-v8a/build/bootstrap_builds/sdl2/jni/SDL/include -I/home/babak/.buildozer/android/platform/android-ndk-r27c/sources/android/cpufeatures -I/home/babak/abg_analyzer_pro/.buildozer/android/platform/build-arm64-v8a/build/bootstrap_builds/sdl2/jni/SDL   -DANDROID -DGL_GLEXT_PROTOTYPES -Wall -Wextra -Wdocumentation -Wmissing-prototypes -Wunreachable-code-break -Wunneeded-internal-declaration -Wmissing-variable-declarations -Wfloat-conversion -Wshorten-64-to-32 -Wunreachable-code-return -Wshift-sign-overflow -Wstrict-prototypes -Wkeyword-macro -Wno-unused-parameter -Wno-sign-compare -Wformat -Werror=format-security  -c  /home/babak/abg_analyzer_pro/.buildozer/android/platform/build-arm64-v8a/build/bootstrap_builds/sdl2/jni/SDL/src/SDL_guid.c -o /home/babak/abg_analyzer_pro/.buildozer/android/platform/build-arm64-v8a/build/bootstrap_builds/sdl2/obj/local/arm64-v8a/objs-debug/SDL2/src/SDL_guid.o
[arm64-v8a] Compile        : SDL2 <= SDL_hints.c
rm -f /home/babak/abg_analyzer_pro/.buildozer/android/platform/build-arm64-v8a/build/bootstrap_builds/sdl2/obj/local/arm64-v8a/objs-debug/SDL2/src/SDL_hints.o
/usr/bin/ccache /home/babak/.buildozer/android/platform/android-ndk-r27c/toolchains/llvm/prebuilt/linux-x86_64/bin/clang -MMD -MP -MF /home/babak/abg_analyzer_pro/.buildozer/android/platform/build-arm64-v8a/build/bootstrap_builds/sdl2/obj/local/arm64-v8a/objs-debug/SDL2/src/SDL_hints.o.d -target aarch64-none-linux-android24 -fdata-sections -ffunction-sections -fstack-protector-strong -funwind-tables -no-canonical-prefixes  --sysroot /home/babak/.buildozer/android/platform/android-ndk-r27c/toolchains/llvm/prebuilt/linux-x86_64/sysroot -g -Wno-invalid-command-line-argument -Wno-unused-command-line-argument  -D_FORTIFY_SOURCE=2 -fpic -O0 -UNDEBUG -fno-limit-debug-info  -I/home/babak/abg_analyzer_pro/.buildozer/android/platform/build-arm64-v8a/build/bootstrap_builds/sdl2/jni/SDL/include -I/home/babak/.buildozer/android/platform/android-ndk-r27c/sources/android/cpufeatures -I/home/babak/abg_analyzer_pro/.buildozer/android/platform/build-arm64-v8a/build/bootstrap_builds/sdl2/jni/SDL   -DANDROID -DGL_GLEXT_PROTOTYPES -Wall -Wextra -Wdocumentation -Wmissing-prototypes -Wunreachable-code-break -Wunneeded-internal-declaration -Wmissing-variable-declarations -Wfloat-conversion -Wshorten-64-to-32 -Wunreachable-code-return -Wshift-sign-overflow -Wstrict-prototypes -Wkeyword-macro -Wno-unused-parameter -Wno-sign-compare -Wformat -Werror=format-security  -c  /home/babak/abg_analyzer_pro/.buildozer/android/platform/build-arm64-v8a/build/bootstrap_builds/sdl2/jni/SDL/src/SDL_hints.c -o /home/babak/abg_analyzer_pro/.buildozer/android/platform/build-arm64-v8a/build/bootstrap_builds/sdl2/obj/local/arm64-v8a/objs-debug/SDL2/src/SDL_hints.o
[arm64-v8a] Compile        : SDL2 <= SDL_list.c
rm -f /home/babak/abg_analyzer_pro/.buildozer/android/platform/build-arm64-v8a/build/bootstrap_builds/sdl2/obj/local/arm64-v8a/objs-debug/SDL2/src/SDL_list.o
/usr/bin/ccache /home/babak/.buildozer/android/platform/android-ndk-r27c/toolchains/llvm/prebuilt/linux-x86_64/bin/clang -MMD -MP -MF /home/babak/abg_analyzer_pro/.buildozer/android/platform/build-arm64-v8a/build/bootstrap_builds/sdl2/obj/local/arm64-v8a/objs-debug/SDL2/src/SDL_list.o.d -target aarch64-none-linux-android24 -fdata-sections -ffunction-sections -fstack-protector-strong -funwind-tables -no-canonical-prefixes  --sysroot /home/babak/.buildozer/android/platform/android-ndk-r27c/toolchains/llvm/prebuilt/linux-x86_64/sysroot -g -Wno-invalid-command-line-argument -Wno-unused-command-line-argument  -D_FORTIFY_SOURCE=2 -fpic -O0 -UNDEBUG -fno-limit-debug-info  -I/home/babak/abg_analyzer_pro/.buildozer/android/platform/build-arm64-v8a/build/bootstrap_builds/sdl2/jni/SDL/include -I/home/babak/.buildozer/android/platform/android-ndk-r27c/sources/android/cpufeatures -I/home/babak/abg_analyzer_pro/.buildozer/android/platform/build-arm64-v8a/build/bootstrap_builds/sdl2/jni/SDL   -DANDROID -DGL_GLEXT_PROTOTYPES -Wall -Wextra -Wdocumentation -Wmissing-prototypes -Wunreachable-code-break -Wunneeded-internal-declaration -Wmissing-variable-declarations -Wfloat-conversion -Wshorten-64-to-32 -Wunreachable-code-return -Wshift-sign-overflow -Wstrict-prototypes -Wkeyword-macro -Wno-unused-parameter -Wno-sign-compare -Wformat -Werror=format-security  -c  /home/babak/abg_analyzer_pro/.buildozer/android/platform/build-arm64-v8a/build/bootstrap_builds/sdl2/jni/SDL/src/SDL_list.c -o /home/babak/abg_analyzer_pro/.buildozer/android/platform/build-arm64-v8a/build/bootstrap_builds/sdl2/obj/local/arm64-v8a/objs-debug/SDL2/src/SDL_list.o
[arm64-v8a] Compile        : SDL2 <= SDL_log.c
rm -f /home/babak/abg_analyzer_pro/.buildozer/android/platform/build-arm64-v8a/build/bootstrap_builds/sdl2/obj/local/arm64-v8a/objs-debug/SDL2/src/SDL_log.o
/usr/bin/ccache /home/babak/.buildozer/android/platform/android-ndk-r27c/toolchains/llvm/prebuilt/linux-x86_64/bin/clang -MMD -MP -MF /home/babak/abg_analyzer_pro/.buildozer/android/platform/build-arm64-v8a/build/bootstrap_builds/sdl2/obj/local/arm64-v8a/objs-debug/SDL2/src/SDL_log.o.d -target aarch64-none-linux-android24 -fdata-sections -ffunction-sections -fstack-protector-strong -funwind-tables -no-canonical-prefixes  --sysroot /home/babak/.buildozer/android/platform/android-ndk-r27c/toolchains/llvm/prebuilt/linux-x86_64/sysroot -g -Wno-invalid-command-line-argument -Wno-unused-command-line-argument  -D_FORTIFY_SOURCE=2 -fpic -O0 -UNDEBUG -fno-limit-debug-info  -I/home/babak/abg_analyzer_pro/.buildozer/android/platform/build-arm64-v8a/build/bootstrap_builds/sdl2/jni/SDL/include -I/home/babak/.buildozer/android/platform/android-ndk-r27c/sources/android/cpufeatures -I/home/babak/abg_analyzer_pro/.buildozer/android/platform/build-arm64-v8a/build/bootstrap_builds/sdl2/jni/SDL   -DANDROID -DGL_GLEXT_PROTOTYPES -Wall -Wextra -Wdocumentation -Wmissing-prototypes -Wunreachable-code-break -Wunneeded-internal-declaration -Wmissing-variable-declarations -Wfloat-conversion -Wshorten-64-to-32 -Wunreachable-code-return -Wshift-sign-overflow -Wstrict-prototypes -Wkeyword-macro -Wno-unused-parameter -Wno-sign-compare -Wformat -Werror=format-security  -c  /home/babak/abg_analyzer_pro/.buildozer/android/platform/build-arm64-v8a/build/bootstrap_builds/sdl2/jni/SDL/src/SDL_log.c -o /home/babak/abg_analyzer_pro/.buildozer/android/platform/build-arm64-v8a/build/bootstrap_builds/sdl2/obj/local/arm64-v8a/objs-debug/SDL2/src/SDL_log.o
[arm64-v8a] Compile        : SDL2 <= SDL_utils.c
rm -f /home/babak/abg_analyzer_pro/.buildozer/android/platform/build-arm64-v8a/build/bootstrap_builds/sdl2/obj/local/arm64-v8a/objs-debug/SDL2/src/SDL_utils.o
/usr/bin/ccache /home/babak/.buildozer/android/platform/android-ndk-r27c/toolchains/llvm/prebuilt/linux-x86_64/bin/clang -MMD -MP -MF /home/babak/abg_analyzer_pro/.buildozer/android/platform/build-arm64-v8a/build/bootstrap_builds/sdl2/obj/local/arm64-v8a/objs-debug/SDL2/src/SDL_utils.o.d -target aarch64-none-linux-android24 -fdata-sections -ffunction-sections -fstack-protector-strong -funwind-tables -no-canonical-prefixes  --sysroot /home/babak/.buildozer/android/platform/android-ndk-r27c/toolchains/llvm/prebuilt/linux-x86_64/sysroot -g -Wno-invalid-command-line-argument -Wno-unused-command-line-argument  -D_FORTIFY_SOURCE=2 -fpic -O0 -UNDEBUG -fno-limit-debug-info  -I/home/babak/abg_analyzer_pro/.buildozer/android/platform/build-arm64-v8a/build/bootstrap_builds/sdl2/jni/SDL/include -I/home/babak/.buildozer/android/platform/android-ndk-r27c/sources/android/cpufeatures -I/home/babak/abg_analyzer_pro/.buildozer/android/platform/build-arm64-v8a/build/bootstrap_builds/sdl2/jni/SDL   -DANDROID -DGL_GLEXT_PROTOTYPES -Wall -Wextra -Wdocumentation -Wmissing-prototypes -Wunreachable-code-break -Wunneeded-internal-declaration -Wmissing-variable-declarations -Wfloat-conversion -Wshorten-64-to-32 -Wunreachable-code-return -Wshift-sign-overflow -Wstrict-prototypes -Wkeyword-macro -Wno-unused-parameter -Wno-sign-compare -Wformat -Werror=format-security  -c  /home/babak/abg_analyzer_pro/.buildozer/android/platform/build-arm64-v8a/build/bootstrap_builds/sdl2/jni/SDL/src/SDL_utils.c -o /home/babak/abg_analyzer_pro/.buildozer/android/platform/build-arm64-v8a/build/bootstrap_builds/sdl2/obj/local/arm64-v8a/objs-debug/SDL2/src/SDL_utils.o
[arm64-v8a] Compile        : SDL2 <= SDL_audio.c
rm -f /home/babak/abg_analyzer_pro/.buildozer/android/platform/build-arm64-v8a/build/bootstrap_builds/sdl2/obj/local/arm64-v8a/objs-debug/SDL2/src/audio/SDL_audio.o
/usr/bin/ccache /home/babak/.buildozer/android/platform/android-ndk-r27c/toolchains/llvm/prebuilt/linux-x86_64/bin/clang -MMD -MP -MF /home/babak/abg_analyzer_pro/.buildozer/android/platform/build-arm64-v8a/build/bootstrap_builds/sdl2/obj/local/arm64-v8a/objs-debug/SDL2/src/audio/SDL_audio.o.d -target aarch64-none-linux-android24 -fdata-sections -ffunction-sections -fstack-protector-strong -funwind-tables -no-canonical-prefixes  --sysroot /home/babak/.buildozer/android/platform/android-ndk-r27c/toolchains/llvm/prebuilt/linux-x86_64/sysroot -g -Wno-invalid-command-line-argument -Wno-unused-command-line-argument  -D_FORTIFY_SOURCE=2 -fpic -O0 -UNDEBUG -fno-limit-debug-info  -I/home/babak/abg_analyzer_pro/.buildozer/android/platform/build-arm64-v8a/build/bootstrap_builds/sdl2/jni/SDL/include -I/home/babak/.buildozer/android/platform/android-ndk-r27c/sources/android/cpufeatures -I/home/babak/abg_analyzer_pro/.buildozer/android/platform/build-arm64-v8a/build/bootstrap_builds/sdl2/jni/SDL   -DANDROID -DGL_GLEXT_PROTOTYPES -Wall -Wextra -Wdocumentation -Wmissing-prototypes -Wunreachable-code-break -Wunneeded-internal-declaration -Wmissing-variable-declarations -Wfloat-conversion -Wshorten-64-to-32 -Wunreachable-code-return -Wshift-sign-overflow -Wstrict-prototypes -Wkeyword-macro -Wno-unused-parameter -Wno-sign-compare -Wformat -Werror=format-security  -c  /home/babak/abg_analyzer_pro/.buildozer/android/platform/build-arm64-v8a/build/bootstrap_builds/sdl2/jni/SDL/src/audio/SDL_audio.c -o /home/babak/abg_analyzer_pro/.buildozer/android/platform/build-arm64-v8a/build/bootstrap_builds/sdl2/obj/local/arm64-v8a/objs-debug/SDL2/src/audio/SDL_audio.o
/home/babak/abg_analyzer_pro/.buildozer/android/platform/build-arm64-v8a/build/bootstrap_builds/sdl2/jni/SDL/src/audio/SDL_audio.c:1012:38: warning: a function declaration without a prototype is deprecated in all versions of C [-Wstrict-prototypes]
 1012 | const char *SDL_GetCurrentAudioDriver()
      |                                      ^
      |                                       void
1 warning generated.
[arm64-v8a] Compile        : SDL2 <= SDL_audiocvt.c
rm -f /home/babak/abg_analyzer_pro/.buildozer/android/platform/build-arm64-v8a/build/bootstrap_builds/sdl2/obj/local/arm64-v8a/objs-debug/SDL2/src/audio/SDL_audiocvt.o
/usr/bin/ccache /home/babak/.buildozer/android/platform/android-ndk-r27c/toolchains/llvm/prebuilt/linux-x86_64/bin/clang -MMD -MP -MF /home/babak/abg_analyzer_pro/.buildozer/android/platform/build-arm64-v8a/build/bootstrap_builds/sdl2/obj/local/arm64-v8a/objs-debug/SDL2/src/audio/SDL_audiocvt.o.d -target aarch64-none-linux-android24 -fdata-sections -ffunction-sections -fstack-protector-strong -funwind-tables -no-canonical-prefixes  --sysroot /home/babak/.buildozer/android/platform/android-ndk-r27c/toolchains/llvm/prebuilt/linux-x86_64/sysroot -g -Wno-invalid-command-line-argument -Wno-unused-command-line-argument  -D_FORTIFY_SOURCE=2 -fpic -O0 -UNDEBUG -fno-limit-debug-info  -I/home/babak/abg_analyzer_pro/.buildozer/android/platform/build-arm64-v8a/build/bootstrap_builds/sdl2/jni/SDL/include -I/home/babak/.buildozer/android/platform/android-ndk-r27c/sources/android/cpufeatures -I/home/babak/abg_analyzer_pro/.buildozer/android/platform/build-arm64-v8a/build/bootstrap_builds/sdl2/jni/SDL   -DANDROID -DGL_GLEXT_PROTOTYPES -Wall -Wextra -Wdocumentation -Wmissing-prototypes -Wunreachable-code-break -Wunneeded-internal-declaration -Wmissing-variable-declarations -Wfloat-conversion -Wshorten-64-to-32 -Wunreachable-code-return -Wshift-sign-overflow -Wstrict-prototypes -Wkeyword-macro -Wno-unused-parameter -Wno-sign-compare -Wformat -Werror=format-security  -c  /home/babak/abg_analyzer_pro/.buildozer/android/platform/build-arm64-v8a/build/bootstrap_builds/sdl2/jni/SDL/src/audio/SDL_audiocvt.c -o /home/babak/abg_analyzer_pro/.buildozer/android/platform/build-arm64-v8a/build/bootstrap_builds/sdl2/obj/local/arm64-v8a/objs-debug/SDL2/src/audio/SDL_audiocvt.o
[arm64-v8a] Compile        : SDL2 <= SDL_audiodev.c
rm -f /home/babak/abg_analyzer_pro/.buildozer/android/platform/build-arm64-v8a/build/bootstrap_builds/sdl2/obj/local/arm64-v8a/objs-debug/SDL2/src/audio/SDL_audiodev.o
/usr/bin/ccache /home/babak/.buildozer/android/platform/android-ndk-r27c/toolchains/llvm/prebuilt/linux-x86_64/bin/clang -MMD -MP -MF /home/babak/abg_analyzer_pro/.buildozer/android/platform/build-arm64-v8a/build/bootstrap_builds/sdl2/obj/local/arm64-v8a/objs-debug/SDL2/src/audio/SDL_audiodev.o.d -target aarch64-none-linux-android24 -fdata-sections -ffunction-sections -fstack-protector-strong -funwind-tables -no-canonical-prefixes  --sysroot /home/babak/.buildozer/android/platform/android-ndk-r27c/toolchains/llvm/prebuilt/linux-x86_64/sysroot -g -Wno-invalid-command-line-argument -Wno-unused-command-line-argument  -D_FORTIFY_SOURCE=2 -fpic -O0 -UNDEBUG -fno-limit-debug-info  -I/home/babak/abg_analyzer_pro/.buildozer/android/platform/build-arm64-v8a/build/bootstrap_builds/sdl2/jni/SDL/include -I/home/babak/.buildozer/android/platform/android-ndk-r27c/sources/android/cpufeatures -I/home/babak/abg_analyzer_pro/.buildozer/android/platform/build-arm64-v8a/build/bootstrap_builds/sdl2/jni/SDL   -DANDROID -DGL_GLEXT_PROTOTYPES -Wall -Wextra -Wdocumentation -Wmissing-prototypes -Wunreachable-code-break -Wunneeded-internal-declaration -Wmissing-variable-declarations -Wfloat-conversion -Wshorten-64-to-32 -Wunreachable-code-return -Wshift-sign-overflow -Wstrict-prototypes -Wkeyword-macro -Wno-unused-parameter -Wno-sign-compare -Wformat -Werror=format-security  -c  /home/babak/abg_analyzer_pro/.buildozer/android/platform/build-arm64-v8a/build/bootstrap_builds/sdl2/jni/SDL/src/audio/SDL_audiodev.c -o /home/babak/abg_analyzer_pro/.buildozer/android/platform/build-arm64-v8a/build/bootstrap_builds/sdl2/obj/local/arm64-v8a/objs-debug/SDL2/src/audio/SDL_audiodev.o
[arm64-v8a] Compile        : SDL2 <= SDL_audiotypecvt.c
rm -f /home/babak/abg_analyzer_pro/.buildozer/android/platform/build-arm64-v8a/build/bootstrap_builds/sdl2/obj/local/arm64-v8a/objs-debug/SDL2/src/audio/SDL_audiotypecvt.o
/usr/bin/ccache /home/babak/.buildozer/android/platform/android-ndk-r27c/toolchains/llvm/prebuilt/linux-x86_64/bin/clang -MMD -MP -MF /home/babak/abg_analyzer_pro/.buildozer/android/platform/build-arm64-v8a/build/bootstrap_builds/sdl2/obj/local/arm64-v8a/objs-debug/SDL2/src/audio/SDL_audiotypecvt.o.d -target aarch64-none-linux-android24 -fdata-sections -ffunction-sections -fstack-protector-strong -funwind-tables -no-canonical-prefixes  --sysroot /home/babak/.buildozer/android/platform/android-ndk-r27c/toolchains/llvm/prebuilt/linux-x86_64/sysroot -g -Wno-invalid-command-line-argument -Wno-unused-command-line-argument  -D_FORTIFY_SOURCE=2 -fpic -O0 -UNDEBUG -fno-limit-debug-info  -I/home/babak/abg_analyzer_pro/.buildozer/android/platform/build-arm64-v8a/build/bootstrap_builds/sdl2/jni/SDL/include -I/home/babak/.buildozer/android/platform/android-ndk-r27c/sources/android/cpufeatures -I/home/babak/abg_analyzer_pro/.buildozer/android/platform/build-arm64-v8a/build/bootstrap_builds/sdl2/jni/SDL   -DANDROID -DGL_GLEXT_PROTOTYPES -Wall -Wextra -Wdocumentation -Wmissing-prototypes -Wunreachable-code-break -Wunneeded-internal-declaration -Wmissing-variable-declarations -Wfloat-conversion -Wshorten-64-to-32 -Wunreachable-code-return -Wshift-sign-overflow -Wstrict-prototypes -Wkeyword-macro -Wno-unused-parameter -Wno-sign-compare -Wformat -Werror=format-security  -c  /home/babak/abg_analyzer_pro/.buildozer/android/platform/build-arm64-v8a/build/bootstrap_builds/sdl2/jni/SDL/src/audio/SDL_audiotypecvt.c -o /home/babak/abg_analyzer_pro/.buildozer/android/platform/build-arm64-v8a/build/bootstrap_builds/sdl2/obj/local/arm64-v8a/objs-debug/SDL2/src/audio/SDL_audiotypecvt.o
[arm64-v8a] Compile        : SDL2 <= SDL_mixer.c
rm -f /home/babak/abg_analyzer_pro/.buildozer/android/platform/build-arm64-v8a/build/bootstrap_builds/sdl2/obj/local/arm64-v8a/objs-debug/SDL2/src/audio/SDL_mixer.o
/usr/bin/ccache /home/babak/.buildozer/android/platform/android-ndk-r27c/toolchains/llvm/prebuilt/linux-x86_64/bin/clang -MMD -MP -MF /home/babak/abg_analyzer_pro/.buildozer/android/platform/build-arm64-v8a/build/bootstrap_builds/sdl2/obj/local/arm64-v8a/objs-debug/SDL2/src/audio/SDL_mixer.o.d -target aarch64-none-linux-android24 -fdata-sections -ffunction-sections -fstack-protector-strong -funwind-tables -no-canonical-prefixes  --sysroot /home/babak/.buildozer/android/platform/android-ndk-r27c/toolchains/llvm/prebuilt/linux-x86_64/sysroot -g -Wno-invalid-command-line-argument -Wno-unused-command-line-argument  -D_FORTIFY_SOURCE=2 -fpic -O0 -UNDEBUG -fno-limit-debug-info  -I/home/babak/abg_analyzer_pro/.buildozer/android/platform/build-arm64-v8a/build/bootstrap_builds/sdl2/jni/SDL/include -I/home/babak/.buildozer/android/platform/android-ndk-r27c/sources/android/cpufeatures -I/home/babak/abg_analyzer_pro/.buildozer/android/platform/build-arm64-v8a/build/bootstrap_builds/sdl2/jni/SDL   -DANDROID -DGL_GLEXT_PROTOTYPES -Wall -Wextra -Wdocumentation -Wmissing-prototypes -Wunreachable-code-break -Wunneeded-internal-declaration -Wmissing-variable-declarations -Wfloat-conversion -Wshorten-64-to-32 -Wunreachable-code-return -Wshift-sign-overflow -Wstrict-prototypes -Wkeyword-macro -Wno-unused-parameter -Wno-sign-compare -Wformat -Werror=format-security  -c  /home/babak/abg_analyzer_pro/.buildozer/android/platform/build-arm64-v8a/build/bootstrap_builds/sdl2/jni/SDL/src/audio/SDL_mixer.c -o /home/babak/abg_analyzer_pro/.buildozer/android/platform/build-arm64-v8a/build/bootstrap_builds/sdl2/obj/local/arm64-v8a/objs-debug/SDL2/src/audio/SDL_mixer.o
[arm64-v8a] Compile        : SDL2 <= SDL_wave.c
rm -f /home/babak/abg_analyzer_pro/.buildozer/android/platform/build-arm64-v8a/build/bootstrap_builds/sdl2/obj/local/arm64-v8a/objs-debug/SDL2/src/audio/SDL_wave.o
/usr/bin/ccache /home/babak/.buildozer/android/platform/android-ndk-r27c/toolchains/llvm/prebuilt/linux-x86_64/bin/clang -MMD -MP -MF /home/babak/abg_analyzer_pro/.buildozer/android/platform/build-arm64-v8a/build/bootstrap_builds/sdl2/obj/local/arm64-v8a/objs-debug/SDL2/src/audio/SDL_wave.o.d -target aarch64-none-linux-android24 -fdata-sections -ffunction-sections -fstack-protector-strong -funwind-tables -no-canonical-prefixes  --sysroot /home/babak/.buildozer/android/platform/android-ndk-r27c/toolchains/llvm/prebuilt/linux-x86_64/sysroot -g -Wno-invalid-command-line-argument -Wno-unused-command-line-argument  -D_FORTIFY_SOURCE=2 -fpic -O0 -UNDEBUG -fno-limit-debug-info  -I/home/babak/abg_analyzer_pro/.buildozer/android/platform/build-arm64-v8a/build/bootstrap_builds/sdl2/jni/SDL/include -I/home/babak/.buildozer/android/platform/android-ndk-r27c/sources/android/cpufeatures -I/home/babak/abg_analyzer_pro/.buildozer/android/platform/build-arm64-v8a/build/bootstrap_builds/sdl2/jni/SDL   -DANDROID -DGL_GLEXT_PROTOTYPES -Wall -Wextra -Wdocumentation -Wmissing-prototypes -Wunreachable-code-break -Wunneeded-internal-declaration -Wmissing-variable-declarations -Wfloat-conversion -Wshorten-64-to-32 -Wunreachable-code-return -Wshift-sign-overflow -Wstrict-prototypes -Wkeyword-macro -Wno-unused-parameter -Wno-sign-compare -Wformat -Werror=format-security  -c  /home/babak/abg_analyzer_pro/.buildozer/android/platform/build-arm64-v8a/build/bootstrap_builds/sdl2/jni/SDL/src/audio/SDL_wave.c -o /home/babak/abg_analyzer_pro/.buildozer/android/platform/build-arm64-v8a/build/bootstrap_builds/sdl2/obj/local/arm64-v8a/objs-debug/SDL2/src/audio/SDL_wave.o
/home/babak/abg_analyzer_pro/.buildozer/android/platform/build-arm64-v8a/build/bootstrap_builds/sdl2/jni/SDL/src/audio/SDL_wave.c:1441:44: warning: a function declaration without a prototype is deprecated in all versions of C [-Wstrict-prototypes]
 1441 | static WaveRiffSizeHint WaveGetRiffSizeHint()
      |                                            ^
      |                                             void
/home/babak/abg_analyzer_pro/.buildozer/android/platform/build-arm64-v8a/build/bootstrap_builds/sdl2/jni/SDL/src/audio/SDL_wave.c:1460:48: warning: a function declaration without a prototype is deprecated in all versions of C [-Wstrict-prototypes]
 1460 | static WaveTruncationHint WaveGetTruncationHint()
      |                                                ^
      |                                                 void
/home/babak/abg_analyzer_pro/.buildozer/android/platform/build-arm64-v8a/build/bootstrap_builds/sdl2/jni/SDL/src/audio/SDL_wave.c:1479:46: warning: a function declaration without a prototype is deprecated in all versions of C [-Wstrict-prototypes]
 1479 | static WaveFactChunkHint WaveGetFactChunkHint()
      |                                              ^
      |                                               void
3 warnings generated.
[arm64-v8a] Compile        : SDL2 <= SDL_androidaudio.c
rm -f /home/babak/abg_analyzer_pro/.buildozer/android/platform/build-arm64-v8a/build/bootstrap_builds/sdl2/obj/local/arm64-v8a/objs-debug/SDL2/src/audio/android/SDL_androidaudio.o
/usr/bin/ccache /home/babak/.buildozer/android/platform/android-ndk-r27c/toolchains/llvm/prebuilt/linux-x86_64/bin/clang -MMD -MP -MF /home/babak/abg_analyzer_pro/.buildozer/android/platform/build-arm64-v8a/build/bootstrap_builds/sdl2/obj/local/arm64-v8a/objs-debug/SDL2/src/audio/android/SDL_androidaudio.o.d -target aarch64-none-linux-android24 -fdata-sections -ffunction-sections -fstack-protector-strong -funwind-tables -no-canonical-prefixes  --sysroot /home/babak/.buildozer/android/platform/android-ndk-r27c/toolchains/llvm/prebuilt/linux-x86_64/sysroot -g -Wno-invalid-command-line-argument -Wno-unused-command-line-argument  -D_FORTIFY_SOURCE=2 -fpic -O0 -UNDEBUG -fno-limit-debug-info  -I/home/babak/abg_analyzer_pro/.buildozer/android/platform/build-arm64-v8a/build/bootstrap_builds/sdl2/jni/SDL/include -I/home/babak/.buildozer/android/platform/android-ndk-r27c/sources/android/cpufeatures -I/home/babak/abg_analyzer_pro/.buildozer/android/platform/build-arm64-v8a/build/bootstrap_builds/sdl2/jni/SDL   -DANDROID -DGL_GLEXT_PROTOTYPES -Wall -Wextra -Wdocumentation -Wmissing-prototypes -Wunreachable-code-break -Wunneeded-internal-declaration -Wmissing-variable-declarations -Wfloat-conversion -Wshorten-64-to-32 -Wunreachable-code-return -Wshift-sign-overflow -Wstrict-prototypes -Wkeyword-macro -Wno-unused-parameter -Wno-sign-compare -Wformat -Werror=format-security  -c  /home/babak/abg_analyzer_pro/.buildozer/android/platform/build-arm64-v8a/build/bootstrap_builds/sdl2/jni/SDL/src/audio/android/SDL_androidaudio.c -o /home/babak/abg_analyzer_pro/.buildozer/android/platform/build-arm64-v8a/build/bootstrap_builds/sdl2/obj/local/arm64-v8a/objs-debug/SDL2/src/audio/android/SDL_androidaudio.o
[arm64-v8a] Compile        : SDL2 <= SDL_dummyaudio.c
rm -f /home/babak/abg_analyzer_pro/.buildozer/android/platform/build-arm64-v8a/build/bootstrap_builds/sdl2/obj/local/arm64-v8a/objs-debug/SDL2/src/audio/dummy/SDL_dummyaudio.o
/usr/bin/ccache /home/babak/.buildozer/android/platform/android-ndk-r27c/toolchains/llvm/prebuilt/linux-x86_64/bin/clang -MMD -MP -MF /home/babak/abg_analyzer_pro/.buildozer/android/platform/build-arm64-v8a/build/bootstrap_builds/sdl2/obj/local/arm64-v8a/objs-debug/SDL2/src/audio/dummy/SDL_dummyaudio.o.d -target aarch64-none-linux-android24 -fdata-sections -ffunction-sections -fstack-protector-strong -funwind-tables -no-canonical-prefixes  --sysroot /home/babak/.buildozer/android/platform/android-ndk-r27c/toolchains/llvm/prebuilt/linux-x86_64/sysroot -g -Wno-invalid-command-line-argument -Wno-unused-command-line-argument  -D_FORTIFY_SOURCE=2 -fpic -O0 -UNDEBUG -fno-limit-debug-info  -I/home/babak/abg_analyzer_pro/.buildozer/android/platform/build-arm64-v8a/build/bootstrap_builds/sdl2/jni/SDL/include -I/home/babak/.buildozer/android/platform/android-ndk-r27c/sources/android/cpufeatures -I/home/babak/abg_analyzer_pro/.buildozer/android/platform/build-arm64-v8a/build/bootstrap_builds/sdl2/jni/SDL   -DANDROID -DGL_GLEXT_PROTOTYPES -Wall -Wextra -Wdocumentation -Wmissing-prototypes -Wunreachable-code-break -Wunneeded-internal-declaration -Wmissing-variable-declarations -Wfloat-conversion -Wshorten-64-to-32 -Wunreachable-code-return -Wshift-sign-overflow -Wstrict-prototypes -Wkeyword-macro -Wno-unused-parameter -Wno-sign-compare -Wformat -Werror=format-security  -c  /home/babak/abg_analyzer_pro/.buildozer/android/platform/build-arm64-v8a/build/bootstrap_builds/sdl2/jni/SDL/src/audio/dummy/SDL_dummyaudio.c -o /home/babak/abg_analyzer_pro/.buildozer/android/platform/build-arm64-v8a/build/bootstrap_builds/sdl2/obj/local/arm64-v8a/objs-debug/SDL2/src/audio/dummy/SDL_dummyaudio.o
[arm64-v8a] Compile        : SDL2 <= SDL_aaudio.c
rm -f /home/babak/abg_analyzer_pro/.buildozer/android/platform/build-arm64-v8a/build/bootstrap_builds/sdl2/obj/local/arm64-v8a/objs-debug/SDL2/src/audio/aaudio/SDL_aaudio.o
/usr/bin/ccache /home/babak/.buildozer/android/platform/android-ndk-r27c/toolchains/llvm/prebuilt/linux-x86_64/bin/clang -MMD -MP -MF /home/babak/abg_analyzer_pro/.buildozer/android/platform/build-arm64-v8a/build/bootstrap_builds/sdl2/obj/local/arm64-v8a/objs-debug/SDL2/src/audio/aaudio/SDL_aaudio.o.d -target aarch64-none-linux-android24 -fdata-sections -ffunction-sections -fstack-protector-strong -funwind-tables -no-canonical-prefixes  --sysroot /home/babak/.buildozer/android/platform/android-ndk-r27c/toolchains/llvm/prebuilt/linux-x86_64/sysroot -g -Wno-invalid-command-line-argument -Wno-unused-command-line-argument  -D_FORTIFY_SOURCE=2 -fpic -O0 -UNDEBUG -fno-limit-debug-info  -I/home/babak/abg_analyzer_pro/.buildozer/android/platform/build-arm64-v8a/build/bootstrap_builds/sdl2/jni/SDL/include -I/home/babak/.buildozer/android/platform/android-ndk-r27c/sources/android/cpufeatures -I/home/babak/abg_analyzer_pro/.buildozer/android/platform/build-arm64-v8a/build/bootstrap_builds/sdl2/jni/SDL   -DANDROID -DGL_GLEXT_PROTOTYPES -Wall -Wextra -Wdocumentation -Wmissing-prototypes -Wunreachable-code-break -Wunneeded-internal-declaration -Wmissing-variable-declarations -Wfloat-conversion -Wshorten-64-to-32 -Wunreachable-code-return -Wshift-sign-overflow -Wstrict-prototypes -Wkeyword-macro -Wno-unused-parameter -Wno-sign-compare -Wformat -Werror=format-security  -c  /home/babak/abg_analyzer_pro/.buildozer/android/platform/build-arm64-v8a/build/bootstrap_builds/sdl2/jni/SDL/src/audio/aaudio/SDL_aaudio.c -o /home/babak/abg_analyzer_pro/.buildozer/android/platform/build-arm64-v8a/build/bootstrap_builds/sdl2/obj/local/arm64-v8a/objs-debug/SDL2/src/audio/aaudio/SDL_aaudio.o
[arm64-v8a] Compile        : SDL2 <= SDL_openslES.c
rm -f /home/babak/abg_analyzer_pro/.buildozer/android/platform/build-arm64-v8a/build/bootstrap_builds/sdl2/obj/local/arm64-v8a/objs-debug/SDL2/src/audio/openslES/SDL_openslES.o
/usr/bin/ccache /home/babak/.buildozer/android/platform/android-ndk-r27c/toolchains/llvm/prebuilt/linux-x86_64/bin/clang -MMD -MP -MF /home/babak/abg_analyzer_pro/.buildozer/android/platform/build-arm64-v8a/build/bootstrap_builds/sdl2/obj/local/arm64-v8a/objs-debug/SDL2/src/audio/openslES/SDL_openslES.o.d -target aarch64-none-linux-android24 -fdata-sections -ffunction-sections -fstack-protector-strong -funwind-tables -no-canonical-prefixes  --sysroot /home/babak/.buildozer/android/platform/android-ndk-r27c/toolchains/llvm/prebuilt/linux-x86_64/sysroot -g -Wno-invalid-command-line-argument -Wno-unused-command-line-argument  -D_FORTIFY_SOURCE=2 -fpic -O0 -UNDEBUG -fno-limit-debug-info  -I/home/babak/abg_analyzer_pro/.buildozer/android/platform/build-arm64-v8a/build/bootstrap_builds/sdl2/jni/SDL/include -I/home/babak/.buildozer/android/platform/android-ndk-r27c/sources/android/cpufeatures -I/home/babak/abg_analyzer_pro/.buildozer/android/platform/build-arm64-v8a/build/bootstrap_builds/sdl2/jni/SDL   -DANDROID -DGL_GLEXT_PROTOTYPES -Wall -Wextra -Wdocumentation -Wmissing-prototypes -Wunreachable-code-break -Wunneeded-internal-declaration -Wmissing-variable-declarations -Wfloat-conversion -Wshorten-64-to-32 -Wunreachable-code-return -Wshift-sign-overflow -Wstrict-prototypes -Wkeyword-macro -Wno-unused-parameter -Wno-sign-compare -Wformat -Werror=format-security  -c  /home/babak/abg_analyzer_pro/.buildozer/android/platform/build-arm64-v8a/build/bootstrap_builds/sdl2/jni/SDL/src/audio/openslES/SDL_openslES.c -o /home/babak/abg_analyzer_pro/.buildozer/android/platform/build-arm64-v8a/build/bootstrap_builds/sdl2/obj/local/arm64-v8a/objs-debug/SDL2/src/audio/openslES/SDL_openslES.o
[arm64-v8a] Compile        : SDL2 <= SDL_atomic.c
rm -f /home/babak/abg_analyzer_pro/.buildozer/android/platform/build-arm64-v8a/build/bootstrap_builds/sdl2/obj/local/arm64-v8a/objs-debug/SDL2/src/atomic/SDL_atomic.o
/usr/bin/ccache /home/babak/.buildozer/android/platform/android-ndk-r27c/toolchains/llvm/prebuilt/linux-x86_64/bin/clang -MMD -MP -MF /home/babak/abg_analyzer_pro/.buildozer/android/platform/build-arm64-v8a/build/bootstrap_builds/sdl2/obj/local/arm64-v8a/objs-debug/SDL2/src/atomic/SDL_atomic.o.d -target aarch64-none-linux-android24 -fdata-sections -ffunction-sections -fstack-protector-strong -funwind-tables -no-canonical-prefixes  --sysroot /home/babak/.buildozer/android/platform/android-ndk-r27c/toolchains/llvm/prebuilt/linux-x86_64/sysroot -g -Wno-invalid-command-line-argument -Wno-unused-command-line-argument  -D_FORTIFY_SOURCE=2 -fpic -O0 -UNDEBUG -fno-limit-debug-info  -I/home/babak/abg_analyzer_pro/.buildozer/android/platform/build-arm64-v8a/build/bootstrap_builds/sdl2/jni/SDL/include -I/home/babak/.buildozer/android/platform/android-ndk-r27c/sources/android/cpufeatures -I/home/babak/abg_analyzer_pro/.buildozer/android/platform/build-arm64-v8a/build/bootstrap_builds/sdl2/jni/SDL   -DANDROID -DGL_GLEXT_PROTOTYPES -Wall -Wextra -Wdocumentation -Wmissing-prototypes -Wunreachable-code-break -Wunneeded-internal-declaration -Wmissing-variable-declarations -Wfloat-conversion -Wshorten-64-to-32 -Wunreachable-code-return -Wshift-sign-overflow -Wstrict-prototypes -Wkeyword-macro -Wno-unused-parameter -Wno-sign-compare -Wformat -Werror=format-security  -c  /home/babak/abg_analyzer_pro/.buildozer/android/platform/build-arm64-v8a/build/bootstrap_builds/sdl2/jni/SDL/src/atomic/SDL_atomic.c -o /home/babak/abg_analyzer_pro/.buildozer/android/platform/build-arm64-v8a/build/bootstrap_builds/sdl2/obj/local/arm64-v8a/objs-debug/SDL2/src/atomic/SDL_atomic.o
[arm64-v8a] Compile        : SDL2 <= SDL_spinlock.c
rm -f /home/babak/abg_analyzer_pro/.buildozer/android/platform/build-arm64-v8a/build/bootstrap_builds/sdl2/obj/local/arm64-v8a/objs-debug/SDL2/src/atomic/SDL_spinlock.o
/usr/bin/ccache /home/babak/.buildozer/android/platform/android-ndk-r27c/toolchains/llvm/prebuilt/linux-x86_64/bin/clang -MMD -MP -MF /home/babak/abg_analyzer_pro/.buildozer/android/platform/build-arm64-v8a/build/bootstrap_builds/sdl2/obj/local/arm64-v8a/objs-debug/SDL2/src/atomic/SDL_spinlock.o.d -target aarch64-none-linux-android24 -fdata-sections -ffunction-sections -fstack-protector-strong -funwind-tables -no-canonical-prefixes  --sysroot /home/babak/.buildozer/android/platform/android-ndk-r27c/toolchains/llvm/prebuilt/linux-x86_64/sysroot -g -Wno-invalid-command-line-argument -Wno-unused-command-line-argument  -D_FORTIFY_SOURCE=2 -fpic -O0 -UNDEBUG -fno-limit-debug-info  -I/home/babak/abg_analyzer_pro/.buildozer/android/platform/build-arm64-v8a/build/bootstrap_builds/sdl2/jni/SDL/include -I/home/babak/.buildozer/android/platform/android-ndk-r27c/sources/android/cpufeatures -I/home/babak/abg_analyzer_pro/.buildozer/android/platform/build-arm64-v8a/build/bootstrap_builds/sdl2/jni/SDL   -DANDROID -DGL_GLEXT_PROTOTYPES -Wall -Wextra -Wdocumentation -Wmissing-prototypes -Wunreachable-code-break -Wunneeded-internal-declaration -Wmissing-variable-declarations -Wfloat-conversion -Wshorten-64-to-32 -Wunreachable-code-return -Wshift-sign-overflow -Wstrict-prototypes -Wkeyword-macro -Wno-unused-parameter -Wno-sign-compare -Wformat -Werror=format-security  -c  /home/babak/abg_analyzer_pro/.buildozer/android/platform/build-arm64-v8a/build/bootstrap_builds/sdl2/jni/SDL/src/atomic/SDL_spinlock.c -o /home/babak/abg_analyzer_pro/.buildozer/android/platform/build-arm64-v8a/build/bootstrap_builds/sdl2/obj/local/arm64-v8a/objs-debug/SDL2/src/atomic/SDL_spinlock.o
[arm64-v8a] Compile        : SDL2 <= SDL_android.c
rm -f /home/babak/abg_analyzer_pro/.buildozer/android/platform/build-arm64-v8a/build/bootstrap_builds/sdl2/obj/local/arm64-v8a/objs-debug/SDL2/src/core/android/SDL_android.o
/usr/bin/ccache /home/babak/.buildozer/android/platform/android-ndk-r27c/toolchains/llvm/prebuilt/linux-x86_64/bin/clang -MMD -MP -MF /home/babak/abg_analyzer_pro/.buildozer/android/platform/build-arm64-v8a/build/bootstrap_builds/sdl2/obj/local/arm64-v8a/objs-debug/SDL2/src/core/android/SDL_android.o.d -target aarch64-none-linux-android24 -fdata-sections -ffunction-sections -fstack-protector-strong -funwind-tables -no-canonical-prefixes  --sysroot /home/babak/.buildozer/android/platform/android-ndk-r27c/toolchains/llvm/prebuilt/linux-x86_64/sysroot -g -Wno-invalid-command-line-argument -Wno-unused-command-line-argument  -D_FORTIFY_SOURCE=2 -fpic -O0 -UNDEBUG -fno-limit-debug-info  -I/home/babak/abg_analyzer_pro/.buildozer/android/platform/build-arm64-v8a/build/bootstrap_builds/sdl2/jni/SDL/include -I/home/babak/.buildozer/android/platform/android-ndk-r27c/sources/android/cpufeatures -I/home/babak/abg_analyzer_pro/.buildozer/android/platform/build-arm64-v8a/build/bootstrap_builds/sdl2/jni/SDL   -DANDROID -DGL_GLEXT_PROTOTYPES -Wall -Wextra -Wdocumentation -Wmissing-prototypes -Wunreachable-code-break -Wunneeded-internal-declaration -Wmissing-variable-declarations -Wfloat-conversion -Wshorten-64-to-32 -Wunreachable-code-return -Wshift-sign-overflow -Wstrict-prototypes -Wkeyword-macro -Wno-unused-parameter -Wno-sign-compare -Wformat -Werror=format-security  -c  /home/babak/abg_analyzer_pro/.buildozer/android/platform/build-arm64-v8a/build/bootstrap_builds/sdl2/jni/SDL/src/core/android/SDL_android.c -o /home/babak/abg_analyzer_pro/.buildozer/android/platform/build-arm64-v8a/build/bootstrap_builds/sdl2/obj/local/arm64-v8a/objs-debug/SDL2/src/core/android/SDL_android.o
/home/babak/abg_analyzer_pro/.buildozer/android/platform/build-arm64-v8a/build/bootstrap_builds/sdl2/jni/SDL/src/core/android/SDL_android.c:845:32: warning: a function declaration without a prototype is deprecated in all versions of C [-Wstrict-prototypes]
  845 | void Android_ActivityMutex_Lock()
      |                                ^
      |                                 void
/home/babak/abg_analyzer_pro/.buildozer/android/platform/build-arm64-v8a/build/bootstrap_builds/sdl2/jni/SDL/src/core/android/SDL_android.c:850:34: warning: a function declaration without a prototype is deprecated in all versions of C [-Wstrict-prototypes]
  850 | void Android_ActivityMutex_Unlock()
      |                                  ^
      |                                   void
/home/babak/abg_analyzer_pro/.buildozer/android/platform/build-arm64-v8a/build/bootstrap_builds/sdl2/jni/SDL/src/core/android/SDL_android.c:856:40: warning: a function declaration without a prototype is deprecated in all versions of C [-Wstrict-prototypes]
  856 | void Android_ActivityMutex_Lock_Running()
      |                                        ^
      |                                         void
/home/babak/abg_analyzer_pro/.buildozer/android/platform/build-arm64-v8a/build/bootstrap_builds/sdl2/jni/SDL/src/core/android/SDL_android.c:1442:30: warning: a function declaration without a prototype is deprecated in all versions of C [-Wstrict-prototypes]
 1442 | void Android_JNI_MinizeWindow()
      |                              ^
      |                               void
/home/babak/abg_analyzer_pro/.buildozer/android/platform/build-arm64-v8a/build/bootstrap_builds/sdl2/jni/SDL/src/core/android/SDL_android.c:1448:47: warning: a function declaration without a prototype is deprecated in all versions of C [-Wstrict-prototypes]
 1448 | SDL_bool Android_JNI_ShouldMinimizeOnFocusLoss()
      |                                               ^
      |                                                void
/home/babak/abg_analyzer_pro/.buildozer/android/platform/build-arm64-v8a/build/bootstrap_builds/sdl2/jni/SDL/src/core/android/SDL_android.c:1882:49: warning: a function declaration without a prototype is deprecated in all versions of C [-Wstrict-prototypes]
 1882 | static void Internal_Android_Create_AssetManager()
      |                                                 ^
      |                                                  void
/home/babak/abg_analyzer_pro/.buildozer/android/platform/build-arm64-v8a/build/bootstrap_builds/sdl2/jni/SDL/src/core/android/SDL_android.c:1921:50: warning: a function declaration without a prototype is deprecated in all versions of C [-Wstrict-prototypes]
 1921 | static void Internal_Android_Destroy_AssetManager()
      |                                                  ^
      |                                                   void
/home/babak/abg_analyzer_pro/.buildozer/android/platform/build-arm64-v8a/build/bootstrap_builds/sdl2/jni/SDL/src/core/android/SDL_android.c:2156:27: warning: a function declaration without a prototype is deprecated in all versions of C [-Wstrict-prototypes]
 2156 | void Android_JNI_InitTouch()
      |                           ^
      |                            void
8 warnings generated.
[arm64-v8a] Compile        : SDL2 <= SDL_cpuinfo.c
rm -f /home/babak/abg_analyzer_pro/.buildozer/android/platform/build-arm64-v8a/build/bootstrap_builds/sdl2/obj/local/arm64-v8a/objs-debug/SDL2/src/cpuinfo/SDL_cpuinfo.o
/usr/bin/ccache /home/babak/.buildozer/android/platform/android-ndk-r27c/toolchains/llvm/prebuilt/linux-x86_64/bin/clang -MMD -MP -MF /home/babak/abg_analyzer_pro/.buildozer/android/platform/build-arm64-v8a/build/bootstrap_builds/sdl2/obj/local/arm64-v8a/objs-debug/SDL2/src/cpuinfo/SDL_cpuinfo.o.d -target aarch64-none-linux-android24 -fdata-sections -ffunction-sections -fstack-protector-strong -funwind-tables -no-canonical-prefixes  --sysroot /home/babak/.buildozer/android/platform/android-ndk-r27c/toolchains/llvm/prebuilt/linux-x86_64/sysroot -g -Wno-invalid-command-line-argument -Wno-unused-command-line-argument  -D_FORTIFY_SOURCE=2 -fpic -O0 -UNDEBUG -fno-limit-debug-info  -I/home/babak/abg_analyzer_pro/.buildozer/android/platform/build-arm64-v8a/build/bootstrap_builds/sdl2/jni/SDL/include -I/home/babak/.buildozer/android/platform/android-ndk-r27c/sources/android/cpufeatures -I/home/babak/abg_analyzer_pro/.buildozer/android/platform/build-arm64-v8a/build/bootstrap_builds/sdl2/jni/SDL   -DANDROID -DGL_GLEXT_PROTOTYPES -Wall -Wextra -Wdocumentation -Wmissing-prototypes -Wunreachable-code-break -Wunneeded-internal-declaration -Wmissing-variable-declarations -Wfloat-conversion -Wshorten-64-to-32 -Wunreachable-code-return -Wshift-sign-overflow -Wstrict-prototypes -Wkeyword-macro -Wno-unused-parameter -Wno-sign-compare -Wformat -Werror=format-security  -c  /home/babak/abg_analyzer_pro/.buildozer/android/platform/build-arm64-v8a/build/bootstrap_builds/sdl2/jni/SDL/src/cpuinfo/SDL_cpuinfo.c -o /home/babak/abg_analyzer_pro/.buildozer/android/platform/build-arm64-v8a/build/bootstrap_builds/sdl2/obj/local/arm64-v8a/objs-debug/SDL2/src/cpuinfo/SDL_cpuinfo.o
[arm64-v8a] Compile        : SDL2 <= SDL_dynapi.c
rm -f /home/babak/abg_analyzer_pro/.buildozer/android/platform/build-arm64-v8a/build/bootstrap_builds/sdl2/obj/local/arm64-v8a/objs-debug/SDL2/src/dynapi/SDL_dynapi.o
/usr/bin/ccache /home/babak/.buildozer/android/platform/android-ndk-r27c/toolchains/llvm/prebuilt/linux-x86_64/bin/clang -MMD -MP -MF /home/babak/abg_analyzer_pro/.buildozer/android/platform/build-arm64-v8a/build/bootstrap_builds/sdl2/obj/local/arm64-v8a/objs-debug/SDL2/src/dynapi/SDL_dynapi.o.d -target aarch64-none-linux-android24 -fdata-sections -ffunction-sections -fstack-protector-strong -funwind-tables -no-canonical-prefixes  --sysroot /home/babak/.buildozer/android/platform/android-ndk-r27c/toolchains/llvm/prebuilt/linux-x86_64/sysroot -g -Wno-invalid-command-line-argument -Wno-unused-command-line-argument  -D_FORTIFY_SOURCE=2 -fpic -O0 -UNDEBUG -fno-limit-debug-info  -I/home/babak/abg_analyzer_pro/.buildozer/android/platform/build-arm64-v8a/build/bootstrap_builds/sdl2/jni/SDL/include -I/home/babak/.buildozer/android/platform/android-ndk-r27c/sources/android/cpufeatures -I/home/babak/abg_analyzer_pro/.buildozer/android/platform/build-arm64-v8a/build/bootstrap_builds/sdl2/jni/SDL   -DANDROID -DGL_GLEXT_PROTOTYPES -Wall -Wextra -Wdocumentation -Wmissing-prototypes -Wunreachable-code-break -Wunneeded-internal-declaration -Wmissing-variable-declarations -Wfloat-conversion -Wshorten-64-to-32 -Wunreachable-code-return -Wshift-sign-overflow -Wstrict-prototypes -Wkeyword-macro -Wno-unused-parameter -Wno-sign-compare -Wformat -Werror=format-security  -c  /home/babak/abg_analyzer_pro/.buildozer/android/platform/build-arm64-v8a/build/bootstrap_builds/sdl2/jni/SDL/src/dynapi/SDL_dynapi.c -o /home/babak/abg_analyzer_pro/.buildozer/android/platform/build-arm64-v8a/build/bootstrap_builds/sdl2/obj/local/arm64-v8a/objs-debug/SDL2/src/dynapi/SDL_dynapi.o
[arm64-v8a] Compile        : SDL2 <= SDL_clipboardevents.c
rm -f /home/babak/abg_analyzer_pro/.buildozer/android/platform/build-arm64-v8a/build/bootstrap_builds/sdl2/obj/local/arm64-v8a/objs-debug/SDL2/src/events/SDL_clipboardevents.o
/usr/bin/ccache /home/babak/.buildozer/android/platform/android-ndk-r27c/toolchains/llvm/prebuilt/linux-x86_64/bin/clang -MMD -MP -MF /home/babak/abg_analyzer_pro/.buildozer/android/platform/build-arm64-v8a/build/bootstrap_builds/sdl2/obj/local/arm64-v8a/objs-debug/SDL2/src/events/SDL_clipboardevents.o.d -target aarch64-none-linux-android24 -fdata-sections -ffunction-sections -fstack-protector-strong -funwind-tables -no-canonical-prefixes  --sysroot /home/babak/.buildozer/android/platform/android-ndk-r27c/toolchains/llvm/prebuilt/linux-x86_64/sysroot -g -Wno-invalid-command-line-argument -Wno-unused-command-line-argument  -D_FORTIFY_SOURCE=2 -fpic -O0 -UNDEBUG -fno-limit-debug-info  -I/home/babak/abg_analyzer_pro/.buildozer/android/platform/build-arm64-v8a/build/bootstrap_builds/sdl2/jni/SDL/include -I/home/babak/.buildozer/android/platform/android-ndk-r27c/sources/android/cpufeatures -I/home/babak/abg_analyzer_pro/.buildozer/android/platform/build-arm64-v8a/build/bootstrap_builds/sdl2/jni/SDL   -DANDROID -DGL_GLEXT_PROTOTYPES -Wall -Wextra -Wdocumentation -Wmissing-prototypes -Wunreachable-code-break -Wunneeded-internal-declaration -Wmissing-variable-declarations -Wfloat-conversion -Wshorten-64-to-32 -Wunreachable-code-return -Wshift-sign-overflow -Wstrict-prototypes -Wkeyword-macro -Wno-unused-parameter -Wno-sign-compare -Wformat -Werror=format-security  -c  /home/babak/abg_analyzer_pro/.buildozer/android/platform/build-arm64-v8a/build/bootstrap_builds/sdl2/jni/SDL/src/events/SDL_clipboardevents.c -o /home/babak/abg_analyzer_pro/.buildozer/android/platform/build-arm64-v8a/build/bootstrap_builds/sdl2/obj/local/arm64-v8a/objs-debug/SDL2/src/events/SDL_clipboardevents.o
[arm64-v8a] Compile        : SDL2 <= SDL_displayevents.c
rm -f /home/babak/abg_analyzer_pro/.buildozer/android/platform/build-arm64-v8a/build/bootstrap_builds/sdl2/obj/local/arm64-v8a/objs-debug/SDL2/src/events/SDL_displayevents.o
/usr/bin/ccache /home/babak/.buildozer/android/platform/android-ndk-r27c/toolchains/llvm/prebuilt/linux-x86_64/bin/clang -MMD -MP -MF /home/babak/abg_analyzer_pro/.buildozer/android/platform/build-arm64-v8a/build/bootstrap_builds/sdl2/obj/local/arm64-v8a/objs-debug/SDL2/src/events/SDL_displayevents.o.d -target aarch64-none-linux-android24 -fdata-sections -ffunction-sections -fstack-protector-strong -funwind-tables -no-canonical-prefixes  --sysroot /home/babak/.buildozer/android/platform/android-ndk-r27c/toolchains/llvm/prebuilt/linux-x86_64/sysroot -g -Wno-invalid-command-line-argument -Wno-unused-command-line-argument  -D_FORTIFY_SOURCE=2 -fpic -O0 -UNDEBUG -fno-limit-debug-info  -I/home/babak/abg_analyzer_pro/.buildozer/android/platform/build-arm64-v8a/build/bootstrap_builds/sdl2/jni/SDL/include -I/home/babak/.buildozer/android/platform/android-ndk-r27c/sources/android/cpufeatures -I/home/babak/abg_analyzer_pro/.buildozer/android/platform/build-arm64-v8a/build/bootstrap_builds/sdl2/jni/SDL   -DANDROID -DGL_GLEXT_PROTOTYPES -Wall -Wextra -Wdocumentation -Wmissing-prototypes -Wunreachable-code-break -Wunneeded-internal-declaration -Wmissing-variable-declarations -Wfloat-conversion -Wshorten-64-to-32 -Wunreachable-code-return -Wshift-sign-overflow -Wstrict-prototypes -Wkeyword-macro -Wno-unused-parameter -Wno-sign-compare -Wformat -Werror=format-security  -c  /home/babak/abg_analyzer_pro/.buildozer/android/platform/build-arm64-v8a/build/bootstrap_builds/sdl2/jni/SDL/src/events/SDL_displayevents.c -o /home/babak/abg_analyzer_pro/.buildozer/android/platform/build-arm64-v8a/build/bootstrap_builds/sdl2/obj/local/arm64-v8a/objs-debug/SDL2/src/events/SDL_displayevents.o
[arm64-v8a] Compile        : SDL2 <= SDL_dropevents.c
rm -f /home/babak/abg_analyzer_pro/.buildozer/android/platform/build-arm64-v8a/build/bootstrap_builds/sdl2/obj/local/arm64-v8a/objs-debug/SDL2/src/events/SDL_dropevents.o
/usr/bin/ccache /home/babak/.buildozer/android/platform/android-ndk-r27c/toolchains/llvm/prebuilt/linux-x86_64/bin/clang -MMD -MP -MF /home/babak/abg_analyzer_pro/.buildozer/android/platform/build-arm64-v8a/build/bootstrap_builds/sdl2/obj/local/arm64-v8a/objs-debug/SDL2/src/events/SDL_dropevents.o.d -target aarch64-none-linux-android24 -fdata-sections -ffunction-sections -fstack-protector-strong -funwind-tables -no-canonical-prefixes  --sysroot /home/babak/.buildozer/android/platform/android-ndk-r27c/toolchains/llvm/prebuilt/linux-x86_64/sysroot -g -Wno-invalid-command-line-argument -Wno-unused-command-line-argument  -D_FORTIFY_SOURCE=2 -fpic -O0 -UNDEBUG -fno-limit-debug-info  -I/home/babak/abg_analyzer_pro/.buildozer/android/platform/build-arm64-v8a/build/bootstrap_builds/sdl2/jni/SDL/include -I/home/babak/.buildozer/android/platform/android-ndk-r27c/sources/android/cpufeatures -I/home/babak/abg_analyzer_pro/.buildozer/android/platform/build-arm64-v8a/build/bootstrap_builds/sdl2/jni/SDL   -DANDROID -DGL_GLEXT_PROTOTYPES -Wall -Wextra -Wdocumentation -Wmissing-prototypes -Wunreachable-code-break -Wunneeded-internal-declaration -Wmissing-variable-declarations -Wfloat-conversion -Wshorten-64-to-32 -Wunreachable-code-return -Wshift-sign-overflow -Wstrict-prototypes -Wkeyword-macro -Wno-unused-parameter -Wno-sign-compare -Wformat -Werror=format-security  -c  /home/babak/abg_analyzer_pro/.buildozer/android/platform/build-arm64-v8a/build/bootstrap_builds/sdl2/jni/SDL/src/events/SDL_dropevents.c -o /home/babak/abg_analyzer_pro/.buildozer/android/platform/build-arm64-v8a/build/bootstrap_builds/sdl2/obj/local/arm64-v8a/objs-debug/SDL2/src/events/SDL_dropevents.o
[arm64-v8a] Compile        : SDL2 <= SDL_events.c
rm -f /home/babak/abg_analyzer_pro/.buildozer/android/platform/build-arm64-v8a/build/bootstrap_builds/sdl2/obj/local/arm64-v8a/objs-debug/SDL2/src/events/SDL_events.o
/usr/bin/ccache /home/babak/.buildozer/android/platform/android-ndk-r27c/toolchains/llvm/prebuilt/linux-x86_64/bin/clang -MMD -MP -MF /home/babak/abg_analyzer_pro/.buildozer/android/platform/build-arm64-v8a/build/bootstrap_builds/sdl2/obj/local/arm64-v8a/objs-debug/SDL2/src/events/SDL_events.o.d -target aarch64-none-linux-android24 -fdata-sections -ffunction-sections -fstack-protector-strong -funwind-tables -no-canonical-prefixes  --sysroot /home/babak/.buildozer/android/platform/android-ndk-r27c/toolchains/llvm/prebuilt/linux-x86_64/sysroot -g -Wno-invalid-command-line-argument -Wno-unused-command-line-argument  -D_FORTIFY_SOURCE=2 -fpic -O0 -UNDEBUG -fno-limit-debug-info  -I/home/babak/abg_analyzer_pro/.buildozer/android/platform/build-arm64-v8a/build/bootstrap_builds/sdl2/jni/SDL/include -I/home/babak/.buildozer/android/platform/android-ndk-r27c/sources/android/cpufeatures -I/home/babak/abg_analyzer_pro/.buildozer/android/platform/build-arm64-v8a/build/bootstrap_builds/sdl2/jni/SDL   -DANDROID -DGL_GLEXT_PROTOTYPES -Wall -Wextra -Wdocumentation -Wmissing-prototypes -Wunreachable-code-break -Wunneeded-internal-declaration -Wmissing-variable-declarations -Wfloat-conversion -Wshorten-64-to-32 -Wunreachable-code-return -Wshift-sign-overflow -Wstrict-prototypes -Wkeyword-macro -Wno-unused-parameter -Wno-sign-compare -Wformat -Werror=format-security  -c  /home/babak/abg_analyzer_pro/.buildozer/android/platform/build-arm64-v8a/build/bootstrap_builds/sdl2/jni/SDL/src/events/SDL_events.c -o /home/babak/abg_analyzer_pro/.buildozer/android/platform/build-arm64-v8a/build/bootstrap_builds/sdl2/obj/local/arm64-v8a/objs-debug/SDL2/src/events/SDL_events.o
/home/babak/abg_analyzer_pro/.buildozer/android/platform/build-arm64-v8a/build/bootstrap_builds/sdl2/jni/SDL/src/events/SDL_events.c:740:31: warning: a function declaration without a prototype is deprecated in all versions of C [-Wstrict-prototypes]
  740 | static int SDL_SendWakeupEvent()
      |                               ^
      |                                void
/home/babak/abg_analyzer_pro/.buildozer/android/platform/build-arm64-v8a/build/bootstrap_builds/sdl2/jni/SDL/src/events/SDL_events.c:955:20: warning: a function declaration without a prototype is deprecated in all versions of C [-Wstrict-prototypes]
  955 | void SDL_PumpEvents()
      |                    ^
      |                     void
/home/babak/abg_analyzer_pro/.buildozer/android/platform/build-arm64-v8a/build/bootstrap_builds/sdl2/jni/SDL/src/events/SDL_events.c:967:46: warning: a function declaration without a prototype is deprecated in all versions of C [-Wstrict-prototypes]
  967 | static SDL_bool SDL_events_need_periodic_poll()
      |                                              ^
      |                                               void
/home/babak/abg_analyzer_pro/.buildozer/android/platform/build-arm64-v8a/build/bootstrap_builds/sdl2/jni/SDL/src/events/SDL_events.c:1052:40: warning: a function declaration without a prototype is deprecated in all versions of C [-Wstrict-prototypes]
 1052 | static SDL_bool SDL_events_need_polling()
      |                                        ^
      |                                         void
4 warnings generated.
[arm64-v8a] Compile        : SDL2 <= SDL_gesture.c
rm -f /home/babak/abg_analyzer_pro/.buildozer/android/platform/build-arm64-v8a/build/bootstrap_builds/sdl2/obj/local/arm64-v8a/objs-debug/SDL2/src/events/SDL_gesture.o
/usr/bin/ccache /home/babak/.buildozer/android/platform/android-ndk-r27c/toolchains/llvm/prebuilt/linux-x86_64/bin/clang -MMD -MP -MF /home/babak/abg_analyzer_pro/.buildozer/android/platform/build-arm64-v8a/build/bootstrap_builds/sdl2/obj/local/arm64-v8a/objs-debug/SDL2/src/events/SDL_gesture.o.d -target aarch64-none-linux-android24 -fdata-sections -ffunction-sections -fstack-protector-strong -funwind-tables -no-canonical-prefixes  --sysroot /home/babak/.buildozer/android/platform/android-ndk-r27c/toolchains/llvm/prebuilt/linux-x86_64/sysroot -g -Wno-invalid-command-line-argument -Wno-unused-command-line-argument  -D_FORTIFY_SOURCE=2 -fpic -O0 -UNDEBUG -fno-limit-debug-info  -I/home/babak/abg_analyzer_pro/.buildozer/android/platform/build-arm64-v8a/build/bootstrap_builds/sdl2/jni/SDL/include -I/home/babak/.buildozer/android/platform/android-ndk-r27c/sources/android/cpufeatures -I/home/babak/abg_analyzer_pro/.buildozer/android/platform/build-arm64-v8a/build/bootstrap_builds/sdl2/jni/SDL   -DANDROID -DGL_GLEXT_PROTOTYPES -Wall -Wextra -Wdocumentation -Wmissing-prototypes -Wunreachable-code-break -Wunneeded-internal-declaration -Wmissing-variable-declarations -Wfloat-conversion -Wshorten-64-to-32 -Wunreachable-code-return -Wshift-sign-overflow -Wstrict-prototypes -Wkeyword-macro -Wno-unused-parameter -Wno-sign-compare -Wformat -Werror=format-security  -c  /home/babak/abg_analyzer_pro/.buildozer/android/platform/build-arm64-v8a/build/bootstrap_builds/sdl2/jni/SDL/src/events/SDL_gesture.c -o /home/babak/abg_analyzer_pro/.buildozer/android/platform/build-arm64-v8a/build/bootstrap_builds/sdl2/obj/local/arm64-v8a/objs-debug/SDL2/src/events/SDL_gesture.o
/home/babak/abg_analyzer_pro/.buildozer/android/platform/build-arm64-v8a/build/bootstrap_builds/sdl2/jni/SDL/src/events/SDL_gesture.c:113:21: warning: a function declaration without a prototype is deprecated in all versions of C [-Wstrict-prototypes]
  113 | void SDL_GestureQuit()
      |                     ^
      |                      void
1 warning generated.
[arm64-v8a] Compile        : SDL2 <= SDL_keyboard.c
rm -f /home/babak/abg_analyzer_pro/.buildozer/android/platform/build-arm64-v8a/build/bootstrap_builds/sdl2/obj/local/arm64-v8a/objs-debug/SDL2/src/events/SDL_keyboard.o
/usr/bin/ccache /home/babak/.buildozer/android/platform/android-ndk-r27c/toolchains/llvm/prebuilt/linux-x86_64/bin/clang -MMD -MP -MF /home/babak/abg_analyzer_pro/.buildozer/android/platform/build-arm64-v8a/build/bootstrap_builds/sdl2/obj/local/arm64-v8a/objs-debug/SDL2/src/events/SDL_keyboard.o.d -target aarch64-none-linux-android24 -fdata-sections -ffunction-sections -fstack-protector-strong -funwind-tables -no-canonical-prefixes  --sysroot /home/babak/.buildozer/android/platform/android-ndk-r27c/toolchains/llvm/prebuilt/linux-x86_64/sysroot -g -Wno-invalid-command-line-argument -Wno-unused-command-line-argument  -D_FORTIFY_SOURCE=2 -fpic -O0 -UNDEBUG -fno-limit-debug-info  -I/home/babak/abg_analyzer_pro/.buildozer/android/platform/build-arm64-v8a/build/bootstrap_builds/sdl2/jni/SDL/include -I/home/babak/.buildozer/android/platform/android-ndk-r27c/sources/android/cpufeatures -I/home/babak/abg_analyzer_pro/.buildozer/android/platform/build-arm64-v8a/build/bootstrap_builds/sdl2/jni/SDL   -DANDROID -DGL_GLEXT_PROTOTYPES -Wall -Wextra -Wdocumentation -Wmissing-prototypes -Wunreachable-code-break -Wunneeded-internal-declaration -Wmissing-variable-declarations -Wfloat-conversion -Wshorten-64-to-32 -Wunreachable-code-return -Wshift-sign-overflow -Wstrict-prototypes -Wkeyword-macro -Wno-unused-parameter -Wno-sign-compare -Wformat -Werror=format-security  -c  /home/babak/abg_analyzer_pro/.buildozer/android/platform/build-arm64-v8a/build/bootstrap_builds/sdl2/jni/SDL/src/events/SDL_keyboard.c -o /home/babak/abg_analyzer_pro/.buildozer/android/platform/build-arm64-v8a/build/bootstrap_builds/sdl2/obj/local/arm64-v8a/objs-debug/SDL2/src/events/SDL_keyboard.o
[arm64-v8a] Compile        : SDL2 <= SDL_keysym_to_scancode.c
rm -f /home/babak/abg_analyzer_pro/.buildozer/android/platform/build-arm64-v8a/build/bootstrap_builds/sdl2/obj/local/arm64-v8a/objs-debug/SDL2/src/events/SDL_keysym_to_scancode.o
/usr/bin/ccache /home/babak/.buildozer/android/platform/android-ndk-r27c/toolchains/llvm/prebuilt/linux-x86_64/bin/clang -MMD -MP -MF /home/babak/abg_analyzer_pro/.buildozer/android/platform/build-arm64-v8a/build/bootstrap_builds/sdl2/obj/local/arm64-v8a/objs-debug/SDL2/src/events/SDL_keysym_to_scancode.o.d -target aarch64-none-linux-android24 -fdata-sections -ffunction-sections -fstack-protector-strong -funwind-tables -no-canonical-prefixes  --sysroot /home/babak/.buildozer/android/platform/android-ndk-r27c/toolchains/llvm/prebuilt/linux-x86_64/sysroot -g -Wno-invalid-command-line-argument -Wno-unused-command-line-argument  -D_FORTIFY_SOURCE=2 -fpic -O0 -UNDEBUG -fno-limit-debug-info  -I/home/babak/abg_analyzer_pro/.buildozer/android/platform/build-arm64-v8a/build/bootstrap_builds/sdl2/jni/SDL/include -I/home/babak/.buildozer/android/platform/android-ndk-r27c/sources/android/cpufeatures -I/home/babak/abg_analyzer_pro/.buildozer/android/platform/build-arm64-v8a/build/bootstrap_builds/sdl2/jni/SDL   -DANDROID -DGL_GLEXT_PROTOTYPES -Wall -Wextra -Wdocumentation -Wmissing-prototypes -Wunreachable-code-break -Wunneeded-internal-declaration -Wmissing-variable-declarations -Wfloat-conversion -Wshorten-64-to-32 -Wunreachable-code-return -Wshift-sign-overflow -Wstrict-prototypes -Wkeyword-macro -Wno-unused-parameter -Wno-sign-compare -Wformat -Werror=format-security  -c  /home/babak/abg_analyzer_pro/.buildozer/android/platform/build-arm64-v8a/build/bootstrap_builds/sdl2/jni/SDL/src/events/SDL_keysym_to_scancode.c -o /home/babak/abg_analyzer_pro/.buildozer/android/platform/build-arm64-v8a/build/bootstrap_builds/sdl2/obj/local/arm64-v8a/objs-debug/SDL2/src/events/SDL_keysym_to_scancode.o
[arm64-v8a] Compile        : SDL2 <= SDL_mouse.c
rm -f /home/babak/abg_analyzer_pro/.buildozer/android/platform/build-arm64-v8a/build/bootstrap_builds/sdl2/obj/local/arm64-v8a/objs-debug/SDL2/src/events/SDL_mouse.o
/usr/bin/ccache /home/babak/.buildozer/android/platform/android-ndk-r27c/toolchains/llvm/prebuilt/linux-x86_64/bin/clang -MMD -MP -MF /home/babak/abg_analyzer_pro/.buildozer/android/platform/build-arm64-v8a/build/bootstrap_builds/sdl2/obj/local/arm64-v8a/objs-debug/SDL2/src/events/SDL_mouse.o.d -target aarch64-none-linux-android24 -fdata-sections -ffunction-sections -fstack-protector-strong -funwind-tables -no-canonical-prefixes  --sysroot /home/babak/.buildozer/android/platform/android-ndk-r27c/toolchains/llvm/prebuilt/linux-x86_64/sysroot -g -Wno-invalid-command-line-argument -Wno-unused-command-line-argument  -D_FORTIFY_SOURCE=2 -fpic -O0 -UNDEBUG -fno-limit-debug-info  -I/home/babak/abg_analyzer_pro/.buildozer/android/platform/build-arm64-v8a/build/bootstrap_builds/sdl2/jni/SDL/include -I/home/babak/.buildozer/android/platform/android-ndk-r27c/sources/android/cpufeatures -I/home/babak/abg_analyzer_pro/.buildozer/android/platform/build-arm64-v8a/build/bootstrap_builds/sdl2/jni/SDL   -DANDROID -DGL_GLEXT_PROTOTYPES -Wall -Wextra -Wdocumentation -Wmissing-prototypes -Wunreachable-code-break -Wunneeded-internal-declaration -Wmissing-variable-declarations -Wfloat-conversion -Wshorten-64-to-32 -Wunreachable-code-return -Wshift-sign-overflow -Wstrict-prototypes -Wkeyword-macro -Wno-unused-parameter -Wno-sign-compare -Wformat -Werror=format-security  -c  /home/babak/abg_analyzer_pro/.buildozer/android/platform/build-arm64-v8a/build/bootstrap_builds/sdl2/jni/SDL/src/events/SDL_mouse.c -o /home/babak/abg_analyzer_pro/.buildozer/android/platform/build-arm64-v8a/build/bootstrap_builds/sdl2/obj/local/arm64-v8a/objs-debug/SDL2/src/events/SDL_mouse.o
/home/babak/abg_analyzer_pro/.buildozer/android/platform/build-arm64-v8a/build/bootstrap_builds/sdl2/jni/SDL/src/events/SDL_mouse.c:1130:34: warning: a function declaration without a prototype is deprecated in all versions of C [-Wstrict-prototypes]
 1130 | SDL_bool SDL_GetRelativeMouseMode()
      |                                  ^
      |                                   void
1 warning generated.
[arm64-v8a] Compile        : SDL2 <= SDL_quit.c
rm -f /home/babak/abg_analyzer_pro/.buildozer/android/platform/build-arm64-v8a/build/bootstrap_builds/sdl2/obj/local/arm64-v8a/objs-debug/SDL2/src/events/SDL_quit.o
/usr/bin/ccache /home/babak/.buildozer/android/platform/android-ndk-r27c/toolchains/llvm/prebuilt/linux-x86_64/bin/clang -MMD -MP -MF /home/babak/abg_analyzer_pro/.buildozer/android/platform/build-arm64-v8a/build/bootstrap_builds/sdl2/obj/local/arm64-v8a/objs-debug/SDL2/src/events/SDL_quit.o.d -target aarch64-none-linux-android24 -fdata-sections -ffunction-sections -fstack-protector-strong -funwind-tables -no-canonical-prefixes  --sysroot /home/babak/.buildozer/android/platform/android-ndk-r27c/toolchains/llvm/prebuilt/linux-x86_64/sysroot -g -Wno-invalid-command-line-argument -Wno-unused-command-line-argument  -D_FORTIFY_SOURCE=2 -fpic -O0 -UNDEBUG -fno-limit-debug-info  -I/home/babak/abg_analyzer_pro/.buildozer/android/platform/build-arm64-v8a/build/bootstrap_builds/sdl2/jni/SDL/include -I/home/babak/.buildozer/android/platform/android-ndk-r27c/sources/android/cpufeatures -I/home/babak/abg_analyzer_pro/.buildozer/android/platform/build-arm64-v8a/build/bootstrap_builds/sdl2/jni/SDL   -DANDROID -DGL_GLEXT_PROTOTYPES -Wall -Wextra -Wdocumentation -Wmissing-prototypes -Wunreachable-code-break -Wunneeded-internal-declaration -Wmissing-variable-declarations -Wfloat-conversion -Wshorten-64-to-32 -Wunreachable-code-return -Wshift-sign-overflow -Wstrict-prototypes -Wkeyword-macro -Wno-unused-parameter -Wno-sign-compare -Wformat -Werror=format-security  -c  /home/babak/abg_analyzer_pro/.buildozer/android/platform/build-arm64-v8a/build/bootstrap_builds/sdl2/jni/SDL/src/events/SDL_quit.c -o /home/babak/abg_analyzer_pro/.buildozer/android/platform/build-arm64-v8a/build/bootstrap_builds/sdl2/obj/local/arm64-v8a/objs-debug/SDL2/src/events/SDL_quit.o
[arm64-v8a] Compile        : SDL2 <= SDL_scancode_tables.c
rm -f /home/babak/abg_analyzer_pro/.buildozer/android/platform/build-arm64-v8a/build/bootstrap_builds/sdl2/obj/local/arm64-v8a/objs-debug/SDL2/src/events/SDL_scancode_tables.o
/usr/bin/ccache /home/babak/.buildozer/android/platform/android-ndk-r27c/toolchains/llvm/prebuilt/linux-x86_64/bin/clang -MMD -MP -MF /home/babak/abg_analyzer_pro/.buildozer/android/platform/build-arm64-v8a/build/bootstrap_builds/sdl2/obj/local/arm64-v8a/objs-debug/SDL2/src/events/SDL_scancode_tables.o.d -target aarch64-none-linux-android24 -fdata-sections -ffunction-sections -fstack-protector-strong -funwind-tables -no-canonical-prefixes  --sysroot /home/babak/.buildozer/android/platform/android-ndk-r27c/toolchains/llvm/prebuilt/linux-x86_64/sysroot -g -Wno-invalid-command-line-argument -Wno-unused-command-line-argument  -D_FORTIFY_SOURCE=2 -fpic -O0 -UNDEBUG -fno-limit-debug-info  -I/home/babak/abg_analyzer_pro/.buildozer/android/platform/build-arm64-v8a/build/bootstrap_builds/sdl2/jni/SDL/include -I/home/babak/.buildozer/android/platform/android-ndk-r27c/sources/android/cpufeatures -I/home/babak/abg_analyzer_pro/.buildozer/android/platform/build-arm64-v8a/build/bootstrap_builds/sdl2/jni/SDL   -DANDROID -DGL_GLEXT_PROTOTYPES -Wall -Wextra -Wdocumentation -Wmissing-prototypes -Wunreachable-code-break -Wunneeded-internal-declaration -Wmissing-variable-declarations -Wfloat-conversion -Wshorten-64-to-32 -Wunreachable-code-return -Wshift-sign-overflow -Wstrict-prototypes -Wkeyword-macro -Wno-unused-parameter -Wno-sign-compare -Wformat -Werror=format-security  -c  /home/babak/abg_analyzer_pro/.buildozer/android/platform/build-arm64-v8a/build/bootstrap_builds/sdl2/jni/SDL/src/events/SDL_scancode_tables.c -o /home/babak/abg_analyzer_pro/.buildozer/android/platform/build-arm64-v8a/build/bootstrap_builds/sdl2/obj/local/arm64-v8a/objs-debug/SDL2/src/events/SDL_scancode_tables.o
[arm64-v8a] Compile        : SDL2 <= SDL_touch.c
rm -f /home/babak/abg_analyzer_pro/.buildozer/android/platform/build-arm64-v8a/build/bootstrap_builds/sdl2/obj/local/arm64-v8a/objs-debug/SDL2/src/events/SDL_touch.o
/usr/bin/ccache /home/babak/.buildozer/android/platform/android-ndk-r27c/toolchains/llvm/prebuilt/linux-x86_64/bin/clang -MMD -MP -MF /home/babak/abg_analyzer_pro/.buildozer/android/platform/build-arm64-v8a/build/bootstrap_builds/sdl2/obj/local/arm64-v8a/objs-debug/SDL2/src/events/SDL_touch.o.d -target aarch64-none-linux-android24 -fdata-sections -ffunction-sections -fstack-protector-strong -funwind-tables -no-canonical-prefixes  --sysroot /home/babak/.buildozer/android/platform/android-ndk-r27c/toolchains/llvm/prebuilt/linux-x86_64/sysroot -g -Wno-invalid-command-line-argument -Wno-unused-command-line-argument  -D_FORTIFY_SOURCE=2 -fpic -O0 -UNDEBUG -fno-limit-debug-info  -I/home/babak/abg_analyzer_pro/.buildozer/android/platform/build-arm64-v8a/build/bootstrap_builds/sdl2/jni/SDL/include -I/home/babak/.buildozer/android/platform/android-ndk-r27c/sources/android/cpufeatures -I/home/babak/abg_analyzer_pro/.buildozer/android/platform/build-arm64-v8a/build/bootstrap_builds/sdl2/jni/SDL   -DANDROID -DGL_GLEXT_PROTOTYPES -Wall -Wextra -Wdocumentation -Wmissing-prototypes -Wunreachable-code-break -Wunneeded-internal-declaration -Wmissing-variable-declarations -Wfloat-conversion -Wshorten-64-to-32 -Wunreachable-code-return -Wshift-sign-overflow -Wstrict-prototypes -Wkeyword-macro -Wno-unused-parameter -Wno-sign-compare -Wformat -Werror=format-security  -c  /home/babak/abg_analyzer_pro/.buildozer/android/platform/build-arm64-v8a/build/bootstrap_builds/sdl2/jni/SDL/src/events/SDL_touch.c -o /home/babak/abg_analyzer_pro/.buildozer/android/platform/build-arm64-v8a/build/bootstrap_builds/sdl2/obj/local/arm64-v8a/objs-debug/SDL2/src/events/SDL_touch.o
[arm64-v8a] Compile        : SDL2 <= SDL_windowevents.c
rm -f /home/babak/abg_analyzer_pro/.buildozer/android/platform/build-arm64-v8a/build/bootstrap_builds/sdl2/obj/local/arm64-v8a/objs-debug/SDL2/src/events/SDL_windowevents.o
/usr/bin/ccache /home/babak/.buildozer/android/platform/android-ndk-r27c/toolchains/llvm/prebuilt/linux-x86_64/bin/clang -MMD -MP -MF /home/babak/abg_analyzer_pro/.buildozer/android/platform/build-arm64-v8a/build/bootstrap_builds/sdl2/obj/local/arm64-v8a/objs-debug/SDL2/src/events/SDL_windowevents.o.d -target aarch64-none-linux-android24 -fdata-sections -ffunction-sections -fstack-protector-strong -funwind-tables -no-canonical-prefixes  --sysroot /home/babak/.buildozer/android/platform/android-ndk-r27c/toolchains/llvm/prebuilt/linux-x86_64/sysroot -g -Wno-invalid-command-line-argument -Wno-unused-command-line-argument  -D_FORTIFY_SOURCE=2 -fpic -O0 -UNDEBUG -fno-limit-debug-info  -I/home/babak/abg_analyzer_pro/.buildozer/android/platform/build-arm64-v8a/build/bootstrap_builds/sdl2/jni/SDL/include -I/home/babak/.buildozer/android/platform/android-ndk-r27c/sources/android/cpufeatures -I/home/babak/abg_analyzer_pro/.buildozer/android/platform/build-arm64-v8a/build/bootstrap_builds/sdl2/jni/SDL   -DANDROID -DGL_GLEXT_PROTOTYPES -Wall -Wextra -Wdocumentation -Wmissing-prototypes -Wunreachable-code-break -Wunneeded-internal-declaration -Wmissing-variable-declarations -Wfloat-conversion -Wshorten-64-to-32 -Wunreachable-code-return -Wshift-sign-overflow -Wstrict-prototypes -Wkeyword-macro -Wno-unused-parameter -Wno-sign-compare -Wformat -Werror=format-security  -c  /home/babak/abg_analyzer_pro/.buildozer/android/platform/build-arm64-v8a/build/bootstrap_builds/sdl2/jni/SDL/src/events/SDL_windowevents.c -o /home/babak/abg_analyzer_pro/.buildozer/android/platform/build-arm64-v8a/build/bootstrap_builds/sdl2/obj/local/arm64-v8a/objs-debug/SDL2/src/events/SDL_windowevents.o
[arm64-v8a] Compile        : SDL2 <= imKStoUCS.c
rm -f /home/babak/abg_analyzer_pro/.buildozer/android/platform/build-arm64-v8a/build/bootstrap_builds/sdl2/obj/local/arm64-v8a/objs-debug/SDL2/src/events/imKStoUCS.o
/usr/bin/ccache /home/babak/.buildozer/android/platform/android-ndk-r27c/toolchains/llvm/prebuilt/linux-x86_64/bin/clang -MMD -MP -MF /home/babak/abg_analyzer_pro/.buildozer/android/platform/build-arm64-v8a/build/bootstrap_builds/sdl2/obj/local/arm64-v8a/objs-debug/SDL2/src/events/imKStoUCS.o.d -target aarch64-none-linux-android24 -fdata-sections -ffunction-sections -fstack-protector-strong -funwind-tables -no-canonical-prefixes  --sysroot /home/babak/.buildozer/android/platform/android-ndk-r27c/toolchains/llvm/prebuilt/linux-x86_64/sysroot -g -Wno-invalid-command-line-argument -Wno-unused-command-line-argument  -D_FORTIFY_SOURCE=2 -fpic -O0 -UNDEBUG -fno-limit-debug-info  -I/home/babak/abg_analyzer_pro/.buildozer/android/platform/build-arm64-v8a/build/bootstrap_builds/sdl2/jni/SDL/include -I/home/babak/.buildozer/android/platform/android-ndk-r27c/sources/android/cpufeatures -I/home/babak/abg_analyzer_pro/.buildozer/android/platform/build-arm64-v8a/build/bootstrap_builds/sdl2/jni/SDL   -DANDROID -DGL_GLEXT_PROTOTYPES -Wall -Wextra -Wdocumentation -Wmissing-prototypes -Wunreachable-code-break -Wunneeded-internal-declaration -Wmissing-variable-declarations -Wfloat-conversion -Wshorten-64-to-32 -Wunreachable-code-return -Wshift-sign-overflow -Wstrict-prototypes -Wkeyword-macro -Wno-unused-parameter -Wno-sign-compare -Wformat -Werror=format-security  -c  /home/babak/abg_analyzer_pro/.buildozer/android/platform/build-arm64-v8a/build/bootstrap_builds/sdl2/jni/SDL/src/events/imKStoUCS.c -o /home/babak/abg_analyzer_pro/.buildozer/android/platform/build-arm64-v8a/build/bootstrap_builds/sdl2/obj/local/arm64-v8a/objs-debug/SDL2/src/events/imKStoUCS.o
[arm64-v8a] Compile        : SDL2 <= SDL_rwops.c
rm -f /home/babak/abg_analyzer_pro/.buildozer/android/platform/build-arm64-v8a/build/bootstrap_builds/sdl2/obj/local/arm64-v8a/objs-debug/SDL2/src/file/SDL_rwops.o
/usr/bin/ccache /home/babak/.buildozer/android/platform/android-ndk-r27c/toolchains/llvm/prebuilt/linux-x86_64/bin/clang -MMD -MP -MF /home/babak/abg_analyzer_pro/.buildozer/android/platform/build-arm64-v8a/build/bootstrap_builds/sdl2/obj/local/arm64-v8a/objs-debug/SDL2/src/file/SDL_rwops.o.d -target aarch64-none-linux-android24 -fdata-sections -ffunction-sections -fstack-protector-strong -funwind-tables -no-canonical-prefixes  --sysroot /home/babak/.buildozer/android/platform/android-ndk-r27c/toolchains/llvm/prebuilt/linux-x86_64/sysroot -g -Wno-invalid-command-line-argument -Wno-unused-command-line-argument  -D_FORTIFY_SOURCE=2 -fpic -O0 -UNDEBUG -fno-limit-debug-info  -I/home/babak/abg_analyzer_pro/.buildozer/android/platform/build-arm64-v8a/build/bootstrap_builds/sdl2/jni/SDL/include -I/home/babak/.buildozer/android/platform/android-ndk-r27c/sources/android/cpufeatures -I/home/babak/abg_analyzer_pro/.buildozer/android/platform/build-arm64-v8a/build/bootstrap_builds/sdl2/jni/SDL   -DANDROID -DGL_GLEXT_PROTOTYPES -Wall -Wextra -Wdocumentation -Wmissing-prototypes -Wunreachable-code-break -Wunneeded-internal-declaration -Wmissing-variable-declarations -Wfloat-conversion -Wshorten-64-to-32 -Wunreachable-code-return -Wshift-sign-overflow -Wstrict-prototypes -Wkeyword-macro -Wno-unused-parameter -Wno-sign-compare -Wformat -Werror=format-security  -c  /home/babak/abg_analyzer_pro/.buildozer/android/platform/build-arm64-v8a/build/bootstrap_builds/sdl2/jni/SDL/src/file/SDL_rwops.c -o /home/babak/abg_analyzer_pro/.buildozer/android/platform/build-arm64-v8a/build/bootstrap_builds/sdl2/obj/local/arm64-v8a/objs-debug/SDL2/src/file/SDL_rwops.o
[arm64-v8a] Compile        : SDL2 <= SDL_haptic.c
rm -f /home/babak/abg_analyzer_pro/.buildozer/android/platform/build-arm64-v8a/build/bootstrap_builds/sdl2/obj/local/arm64-v8a/objs-debug/SDL2/src/haptic/SDL_haptic.o
/usr/bin/ccache /home/babak/.buildozer/android/platform/android-ndk-r27c/toolchains/llvm/prebuilt/linux-x86_64/bin/clang -MMD -MP -MF /home/babak/abg_analyzer_pro/.buildozer/android/platform/build-arm64-v8a/build/bootstrap_builds/sdl2/obj/local/arm64-v8a/objs-debug/SDL2/src/haptic/SDL_haptic.o.d -target aarch64-none-linux-android24 -fdata-sections -ffunction-sections -fstack-protector-strong -funwind-tables -no-canonical-prefixes  --sysroot /home/babak/.buildozer/android/platform/android-ndk-r27c/toolchains/llvm/prebuilt/linux-x86_64/sysroot -g -Wno-invalid-command-line-argument -Wno-unused-command-line-argument  -D_FORTIFY_SOURCE=2 -fpic -O0 -UNDEBUG -fno-limit-debug-info  -I/home/babak/abg_analyzer_pro/.buildozer/android/platform/build-arm64-v8a/build/bootstrap_builds/sdl2/jni/SDL/include -I/home/babak/.buildozer/android/platform/android-ndk-r27c/sources/android/cpufeatures -I/home/babak/abg_analyzer_pro/.buildozer/android/platform/build-arm64-v8a/build/bootstrap_builds/sdl2/jni/SDL   -DANDROID -DGL_GLEXT_PROTOTYPES -Wall -Wextra -Wdocumentation -Wmissing-prototypes -Wunreachable-code-break -Wunneeded-internal-declaration -Wmissing-variable-declarations -Wfloat-conversion -Wshorten-64-to-32 -Wunreachable-code-return -Wshift-sign-overflow -Wstrict-prototypes -Wkeyword-macro -Wno-unused-parameter -Wno-sign-compare -Wformat -Werror=format-security  -c  /home/babak/abg_analyzer_pro/.buildozer/android/platform/build-arm64-v8a/build/bootstrap_builds/sdl2/jni/SDL/src/haptic/SDL_haptic.c -o /home/babak/abg_analyzer_pro/.buildozer/android/platform/build-arm64-v8a/build/bootstrap_builds/sdl2/obj/local/arm64-v8a/objs-debug/SDL2/src/haptic/SDL_haptic.o
[arm64-v8a] Compile        : SDL2 <= SDL_syshaptic.c
rm -f /home/babak/abg_analyzer_pro/.buildozer/android/platform/build-arm64-v8a/build/bootstrap_builds/sdl2/obj/local/arm64-v8a/objs-debug/SDL2/src/haptic/android/SDL_syshaptic.o
/usr/bin/ccache /home/babak/.buildozer/android/platform/android-ndk-r27c/toolchains/llvm/prebuilt/linux-x86_64/bin/clang -MMD -MP -MF /home/babak/abg_analyzer_pro/.buildozer/android/platform/build-arm64-v8a/build/bootstrap_builds/sdl2/obj/local/arm64-v8a/objs-debug/SDL2/src/haptic/android/SDL_syshaptic.o.d -target aarch64-none-linux-android24 -fdata-sections -ffunction-sections -fstack-protector-strong -funwind-tables -no-canonical-prefixes  --sysroot /home/babak/.buildozer/android/platform/android-ndk-r27c/toolchains/llvm/prebuilt/linux-x86_64/sysroot -g -Wno-invalid-command-line-argument -Wno-unused-command-line-argument  -D_FORTIFY_SOURCE=2 -fpic -O0 -UNDEBUG -fno-limit-debug-info  -I/home/babak/abg_analyzer_pro/.buildozer/android/platform/build-arm64-v8a/build/bootstrap_builds/sdl2/jni/SDL/include -I/home/babak/.buildozer/android/platform/android-ndk-r27c/sources/android/cpufeatures -I/home/babak/abg_analyzer_pro/.buildozer/android/platform/build-arm64-v8a/build/bootstrap_builds/sdl2/jni/SDL   -DANDROID -DGL_GLEXT_PROTOTYPES -Wall -Wextra -Wdocumentation -Wmissing-prototypes -Wunreachable-code-break -Wunneeded-internal-declaration -Wmissing-variable-declarations -Wfloat-conversion -Wshorten-64-to-32 -Wunreachable-code-return -Wshift-sign-overflow -Wstrict-prototypes -Wkeyword-macro -Wno-unused-parameter -Wno-sign-compare -Wformat -Werror=format-security  -c  /home/babak/abg_analyzer_pro/.buildozer/android/platform/build-arm64-v8a/build/bootstrap_builds/sdl2/jni/SDL/src/haptic/android/SDL_syshaptic.c -o /home/babak/abg_analyzer_pro/.buildozer/android/platform/build-arm64-v8a/build/bootstrap_builds/sdl2/obj/local/arm64-v8a/objs-debug/SDL2/src/haptic/android/SDL_syshaptic.o
[arm64-v8a] Compile        : SDL2 <= SDL_hidapi.c
rm -f /home/babak/abg_analyzer_pro/.buildozer/android/platform/build-arm64-v8a/build/bootstrap_builds/sdl2/obj/local/arm64-v8a/objs-debug/SDL2/src/hidapi/SDL_hidapi.o
/usr/bin/ccache /home/babak/.buildozer/android/platform/android-ndk-r27c/toolchains/llvm/prebuilt/linux-x86_64/bin/clang -MMD -MP -MF /home/babak/abg_analyzer_pro/.buildozer/android/platform/build-arm64-v8a/build/bootstrap_builds/sdl2/obj/local/arm64-v8a/objs-debug/SDL2/src/hidapi/SDL_hidapi.o.d -target aarch64-none-linux-android24 -fdata-sections -ffunction-sections -fstack-protector-strong -funwind-tables -no-canonical-prefixes  --sysroot /home/babak/.buildozer/android/platform/android-ndk-r27c/toolchains/llvm/prebuilt/linux-x86_64/sysroot -g -Wno-invalid-command-line-argument -Wno-unused-command-line-argument  -D_FORTIFY_SOURCE=2 -fpic -O0 -UNDEBUG -fno-limit-debug-info  -I/home/babak/abg_analyzer_pro/.buildozer/android/platform/build-arm64-v8a/build/bootstrap_builds/sdl2/jni/SDL/include -I/home/babak/.buildozer/android/platform/android-ndk-r27c/sources/android/cpufeatures -I/home/babak/abg_analyzer_pro/.buildozer/android/platform/build-arm64-v8a/build/bootstrap_builds/sdl2/jni/SDL   -DANDROID -DGL_GLEXT_PROTOTYPES -Wall -Wextra -Wdocumentation -Wmissing-prototypes -Wunreachable-code-break -Wunneeded-internal-declaration -Wmissing-variable-declarations -Wfloat-conversion -Wshorten-64-to-32 -Wunreachable-code-return -Wshift-sign-overflow -Wstrict-prototypes -Wkeyword-macro -Wno-unused-parameter -Wno-sign-compare -Wformat -Werror=format-security  -c  /home/babak/abg_analyzer_pro/.buildozer/android/platform/build-arm64-v8a/build/bootstrap_builds/sdl2/jni/SDL/src/hidapi/SDL_hidapi.c -o /home/babak/abg_analyzer_pro/.buildozer/android/platform/build-arm64-v8a/build/bootstrap_builds/sdl2/obj/local/arm64-v8a/objs-debug/SDL2/src/hidapi/SDL_hidapi.o
/home/babak/abg_analyzer_pro/.buildozer/android/platform/build-arm64-v8a/build/bootstrap_builds/sdl2/jni/SDL/src/hidapi/SDL_hidapi.c:224:39: warning: a function declaration without a prototype is deprecated in all versions of C [-Wstrict-prototypes]
  224 | static void HIDAPI_InitializeDiscovery()
      |                                       ^
      |                                        void
/home/babak/abg_analyzer_pro/.buildozer/android/platform/build-arm64-v8a/build/bootstrap_builds/sdl2/jni/SDL/src/hidapi/SDL_hidapi.c:363:35: warning: a function declaration without a prototype is deprecated in all versions of C [-Wstrict-prototypes]
  363 | static void HIDAPI_UpdateDiscovery()
      |                                   ^
      |                                    void
/home/babak/abg_analyzer_pro/.buildozer/android/platform/build-arm64-v8a/build/bootstrap_builds/sdl2/jni/SDL/src/hidapi/SDL_hidapi.c:480:37: warning: a function declaration without a prototype is deprecated in all versions of C [-Wstrict-prototypes]
  480 | static void HIDAPI_ShutdownDiscovery()
      |                                     ^
      |                                      void
3 warnings generated.
[arm64-v8a] Compile++      : SDL2 <= hid.cpp
rm -f /home/babak/abg_analyzer_pro/.buildozer/android/platform/build-arm64-v8a/build/bootstrap_builds/sdl2/obj/local/arm64-v8a/objs-debug/SDL2/src/hidapi/android/hid.o
/usr/bin/ccache /home/babak/.buildozer/android/platform/android-ndk-r27c/toolchains/llvm/prebuilt/linux-x86_64/bin/clang++ -MMD -MP -MF /home/babak/abg_analyzer_pro/.buildozer/android/platform/build-arm64-v8a/build/bootstrap_builds/sdl2/obj/local/arm64-v8a/objs-debug/SDL2/src/hidapi/android/hid.o.d -target aarch64-none-linux-android24 -fdata-sections -ffunction-sections -fstack-protector-strong -funwind-tables -no-canonical-prefixes  --sysroot /home/babak/.buildozer/android/platform/android-ndk-r27c/toolchains/llvm/prebuilt/linux-x86_64/sysroot -g -Wno-invalid-command-line-argument -Wno-unused-command-line-argument  -D_FORTIFY_SOURCE=2 -fno-exceptions -fno-rtti -fpic -O0 -UNDEBUG -fno-limit-debug-info  -I/home/babak/abg_analyzer_pro/.buildozer/android/platform/build-arm64-v8a/build/bootstrap_builds/sdl2/jni/SDL/include -I/home/babak/.buildozer/android/platform/android-ndk-r27c/sources/android/cpufeatures -I/home/babak/abg_analyzer_pro/.buildozer/android/platform/build-arm64-v8a/build/bootstrap_builds/sdl2/jni/SDL    -DANDROID -DGL_GLEXT_PROTOTYPES -Wall -Wextra -Wdocumentation -Wmissing-prototypes -Wunreachable-code-break -Wunneeded-internal-declaration -Wmissing-variable-declarations -Wfloat-conversion -Wshorten-64-to-32 -Wunreachable-code-return -Wshift-sign-overflow -Wstrict-prototypes -Wkeyword-macro -Wno-unused-parameter -Wno-sign-compare -Wformat -Werror=format-security  -std=gnu++11 -c  /home/babak/abg_analyzer_pro/.buildozer/android/platform/build-arm64-v8a/build/bootstrap_builds/sdl2/jni/SDL/src/hidapi/android/hid.cpp -o /home/babak/abg_analyzer_pro/.buildozer/android/platform/build-arm64-v8a/build/bootstrap_builds/sdl2/obj/local/arm64-v8a/objs-debug/SDL2/src/hidapi/android/hid.o
[arm64-v8a] Compile        : SDL2 <= SDL_gamecontroller.c
rm -f /home/babak/abg_analyzer_pro/.buildozer/android/platform/build-arm64-v8a/build/bootstrap_builds/sdl2/obj/local/arm64-v8a/objs-debug/SDL2/src/joystick/SDL_gamecontroller.o
/usr/bin/ccache /home/babak/.buildozer/android/platform/android-ndk-r27c/toolchains/llvm/prebuilt/linux-x86_64/bin/clang -MMD -MP -MF /home/babak/abg_analyzer_pro/.buildozer/android/platform/build-arm64-v8a/build/bootstrap_builds/sdl2/obj/local/arm64-v8a/objs-debug/SDL2/src/joystick/SDL_gamecontroller.o.d -target aarch64-none-linux-android24 -fdata-sections -ffunction-sections -fstack-protector-strong -funwind-tables -no-canonical-prefixes  --sysroot /home/babak/.buildozer/android/platform/android-ndk-r27c/toolchains/llvm/prebuilt/linux-x86_64/sysroot -g -Wno-invalid-command-line-argument -Wno-unused-command-line-argument  -D_FORTIFY_SOURCE=2 -fpic -O0 -UNDEBUG -fno-limit-debug-info  -I/home/babak/abg_analyzer_pro/.buildozer/android/platform/build-arm64-v8a/build/bootstrap_builds/sdl2/jni/SDL/include -I/home/babak/.buildozer/android/platform/android-ndk-r27c/sources/android/cpufeatures -I/home/babak/abg_analyzer_pro/.buildozer/android/platform/build-arm64-v8a/build/bootstrap_builds/sdl2/jni/SDL   -DANDROID -DGL_GLEXT_PROTOTYPES -Wall -Wextra -Wdocumentation -Wmissing-prototypes -Wunreachable-code-break -Wunneeded-internal-declaration -Wmissing-variable-declarations -Wfloat-conversion -Wshorten-64-to-32 -Wunreachable-code-return -Wshift-sign-overflow -Wstrict-prototypes -Wkeyword-macro -Wno-unused-parameter -Wno-sign-compare -Wformat -Werror=format-security  -c  /home/babak/abg_analyzer_pro/.buildozer/android/platform/build-arm64-v8a/build/bootstrap_builds/sdl2/jni/SDL/src/joystick/SDL_gamecontroller.c -o /home/babak/abg_analyzer_pro/.buildozer/android/platform/build-arm64-v8a/build/bootstrap_builds/sdl2/obj/local/arm64-v8a/objs-debug/SDL2/src/joystick/SDL_gamecontroller.o
/home/babak/abg_analyzer_pro/.buildozer/android/platform/build-arm64-v8a/build/bootstrap_builds/sdl2/jni/SDL/src/joystick/SDL_gamecontroller.c:1823:40: warning: a function declaration without a prototype is deprecated in all versions of C [-Wstrict-prototypes]
 1823 | static void SDL_GameControllerLoadHints()
      |                                        ^
      |                                         void
1 warning generated.
[arm64-v8a] Compile        : SDL2 <= SDL_joystick.c
rm -f /home/babak/abg_analyzer_pro/.buildozer/android/platform/build-arm64-v8a/build/bootstrap_builds/sdl2/obj/local/arm64-v8a/objs-debug/SDL2/src/joystick/SDL_joystick.o
/usr/bin/ccache /home/babak/.buildozer/android/platform/android-ndk-r27c/toolchains/llvm/prebuilt/linux-x86_64/bin/clang -MMD -MP -MF /home/babak/abg_analyzer_pro/.buildozer/android/platform/build-arm64-v8a/build/bootstrap_builds/sdl2/obj/local/arm64-v8a/objs-debug/SDL2/src/joystick/SDL_joystick.o.d -target aarch64-none-linux-android24 -fdata-sections -ffunction-sections -fstack-protector-strong -funwind-tables -no-canonical-prefixes  --sysroot /home/babak/.buildozer/android/platform/android-ndk-r27c/toolchains/llvm/prebuilt/linux-x86_64/sysroot -g -Wno-invalid-command-line-argument -Wno-unused-command-line-argument  -D_FORTIFY_SOURCE=2 -fpic -O0 -UNDEBUG -fno-limit-debug-info  -I/home/babak/abg_analyzer_pro/.buildozer/android/platform/build-arm64-v8a/build/bootstrap_builds/sdl2/jni/SDL/include -I/home/babak/.buildozer/android/platform/android-ndk-r27c/sources/android/cpufeatures -I/home/babak/abg_analyzer_pro/.buildozer/android/platform/build-arm64-v8a/build/bootstrap_builds/sdl2/jni/SDL   -DANDROID -DGL_GLEXT_PROTOTYPES -Wall -Wextra -Wdocumentation -Wmissing-prototypes -Wunreachable-code-break -Wunneeded-internal-declaration -Wmissing-variable-declarations -Wfloat-conversion -Wshorten-64-to-32 -Wunreachable-code-return -Wshift-sign-overflow -Wstrict-prototypes -Wkeyword-macro -Wno-unused-parameter -Wno-sign-compare -Wformat -Werror=format-security  -c  /home/babak/abg_analyzer_pro/.buildozer/android/platform/build-arm64-v8a/build/bootstrap_builds/sdl2/jni/SDL/src/joystick/SDL_joystick.c -o /home/babak/abg_analyzer_pro/.buildozer/android/platform/build-arm64-v8a/build/bootstrap_builds/sdl2/obj/local/arm64-v8a/objs-debug/SDL2/src/joystick/SDL_joystick.o
/home/babak/abg_analyzer_pro/.buildozer/android/platform/build-arm64-v8a/build/bootstrap_builds/sdl2/jni/SDL/src/joystick/SDL_joystick.c:216:35: warning: a function declaration without a prototype is deprecated in all versions of C [-Wstrict-prototypes]
  216 | static int SDL_FindFreePlayerIndex()
      |                                   ^
      |                                    void
/home/babak/abg_analyzer_pro/.buildozer/android/platform/build-arm64-v8a/build/bootstrap_builds/sdl2/jni/SDL/src/joystick/SDL_joystick.c:371:45: warning: a function declaration without a prototype is deprecated in all versions of C [-Wstrict-prototypes]
  371 | SDL_JoystickID SDL_GetNextJoystickInstanceID()
      |                                             ^
      |                                              void
/home/babak/abg_analyzer_pro/.buildozer/android/platform/build-arm64-v8a/build/bootstrap_builds/sdl2/jni/SDL/src/joystick/SDL_joystick.c:1357:53: warning: a function declaration without a prototype is deprecated in all versions of C [-Wstrict-prototypes]
 1357 | static SDL_bool SDL_PrivateJoystickShouldIgnoreEvent()
      |                                                     ^
      |                                                      void
3 warnings generated.
[arm64-v8a] Compile        : SDL2 <= controller_type.c
rm -f /home/babak/abg_analyzer_pro/.buildozer/android/platform/build-arm64-v8a/build/bootstrap_builds/sdl2/obj/local/arm64-v8a/objs-debug/SDL2/src/joystick/controller_type.o
/usr/bin/ccache /home/babak/.buildozer/android/platform/android-ndk-r27c/toolchains/llvm/prebuilt/linux-x86_64/bin/clang -MMD -MP -MF /home/babak/abg_analyzer_pro/.buildozer/android/platform/build-arm64-v8a/build/bootstrap_builds/sdl2/obj/local/arm64-v8a/objs-debug/SDL2/src/joystick/controller_type.o.d -target aarch64-none-linux-android24 -fdata-sections -ffunction-sections -fstack-protector-strong -funwind-tables -no-canonical-prefixes  --sysroot /home/babak/.buildozer/android/platform/android-ndk-r27c/toolchains/llvm/prebuilt/linux-x86_64/sysroot -g -Wno-invalid-command-line-argument -Wno-unused-command-line-argument  -D_FORTIFY_SOURCE=2 -fpic -O0 -UNDEBUG -fno-limit-debug-info  -I/home/babak/abg_analyzer_pro/.buildozer/android/platform/build-arm64-v8a/build/bootstrap_builds/sdl2/jni/SDL/include -I/home/babak/.buildozer/android/platform/android-ndk-r27c/sources/android/cpufeatures -I/home/babak/abg_analyzer_pro/.buildozer/android/platform/build-arm64-v8a/build/bootstrap_builds/sdl2/jni/SDL   -DANDROID -DGL_GLEXT_PROTOTYPES -Wall -Wextra -Wdocumentation -Wmissing-prototypes -Wunreachable-code-break -Wunneeded-internal-declaration -Wmissing-variable-declarations -Wfloat-conversion -Wshorten-64-to-32 -Wunreachable-code-return -Wshift-sign-overflow -Wstrict-prototypes -Wkeyword-macro -Wno-unused-parameter -Wno-sign-compare -Wformat -Werror=format-security  -c  /home/babak/abg_analyzer_pro/.buildozer/android/platform/build-arm64-v8a/build/bootstrap_builds/sdl2/jni/SDL/src/joystick/controller_type.c -o /home/babak/abg_analyzer_pro/.buildozer/android/platform/build-arm64-v8a/build/bootstrap_builds/sdl2/obj/local/arm64-v8a/objs-debug/SDL2/src/joystick/controller_type.o
[arm64-v8a] Compile        : SDL2 <= SDL_sysjoystick.c
rm -f /home/babak/abg_analyzer_pro/.buildozer/android/platform/build-arm64-v8a/build/bootstrap_builds/sdl2/obj/local/arm64-v8a/objs-debug/SDL2/src/joystick/android/SDL_sysjoystick.o
/usr/bin/ccache /home/babak/.buildozer/android/platform/android-ndk-r27c/toolchains/llvm/prebuilt/linux-x86_64/bin/clang -MMD -MP -MF /home/babak/abg_analyzer_pro/.buildozer/android/platform/build-arm64-v8a/build/bootstrap_builds/sdl2/obj/local/arm64-v8a/objs-debug/SDL2/src/joystick/android/SDL_sysjoystick.o.d -target aarch64-none-linux-android24 -fdata-sections -ffunction-sections -fstack-protector-strong -funwind-tables -no-canonical-prefixes  --sysroot /home/babak/.buildozer/android/platform/android-ndk-r27c/toolchains/llvm/prebuilt/linux-x86_64/sysroot -g -Wno-invalid-command-line-argument -Wno-unused-command-line-argument  -D_FORTIFY_SOURCE=2 -fpic -O0 -UNDEBUG -fno-limit-debug-info  -I/home/babak/abg_analyzer_pro/.buildozer/android/platform/build-arm64-v8a/build/bootstrap_builds/sdl2/jni/SDL/include -I/home/babak/.buildozer/android/platform/android-ndk-r27c/sources/android/cpufeatures -I/home/babak/abg_analyzer_pro/.buildozer/android/platform/build-arm64-v8a/build/bootstrap_builds/sdl2/jni/SDL   -DANDROID -DGL_GLEXT_PROTOTYPES -Wall -Wextra -Wdocumentation -Wmissing-prototypes -Wunreachable-code-break -Wunneeded-internal-declaration -Wmissing-variable-declarations -Wfloat-conversion -Wshorten-64-to-32 -Wunreachable-code-return -Wshift-sign-overflow -Wstrict-prototypes -Wkeyword-macro -Wno-unused-parameter -Wno-sign-compare -Wformat -Werror=format-security  -c  /home/babak/abg_analyzer_pro/.buildozer/android/platform/build-arm64-v8a/build/bootstrap_builds/sdl2/jni/SDL/src/joystick/android/SDL_sysjoystick.c -o /home/babak/abg_analyzer_pro/.buildozer/android/platform/build-arm64-v8a/build/bootstrap_builds/sdl2/obj/local/arm64-v8a/objs-debug/SDL2/src/joystick/android/SDL_sysjoystick.o
[arm64-v8a] Compile        : SDL2 <= SDL_hidapi_combined.c
rm -f /home/babak/abg_analyzer_pro/.buildozer/android/platform/build-arm64-v8a/build/bootstrap_builds/sdl2/obj/local/arm64-v8a/objs-debug/SDL2/src/joystick/hidapi/SDL_hidapi_combined.o
/usr/bin/ccache /home/babak/.buildozer/android/platform/android-ndk-r27c/toolchains/llvm/prebuilt/linux-x86_64/bin/clang -MMD -MP -MF /home/babak/abg_analyzer_pro/.buildozer/android/platform/build-arm64-v8a/build/bootstrap_builds/sdl2/obj/local/arm64-v8a/objs-debug/SDL2/src/joystick/hidapi/SDL_hidapi_combined.o.d -target aarch64-none-linux-android24 -fdata-sections -ffunction-sections -fstack-protector-strong -funwind-tables -no-canonical-prefixes  --sysroot /home/babak/.buildozer/android/platform/android-ndk-r27c/toolchains/llvm/prebuilt/linux-x86_64/sysroot -g -Wno-invalid-command-line-argument -Wno-unused-command-line-argument  -D_FORTIFY_SOURCE=2 -fpic -O0 -UNDEBUG -fno-limit-debug-info  -I/home/babak/abg_analyzer_pro/.buildozer/android/platform/build-arm64-v8a/build/bootstrap_builds/sdl2/jni/SDL/include -I/home/babak/.buildozer/android/platform/android-ndk-r27c/sources/android/cpufeatures -I/home/babak/abg_analyzer_pro/.buildozer/android/platform/build-arm64-v8a/build/bootstrap_builds/sdl2/jni/SDL   -DANDROID -DGL_GLEXT_PROTOTYPES -Wall -Wextra -Wdocumentation -Wmissing-prototypes -Wunreachable-code-break -Wunneeded-internal-declaration -Wmissing-variable-declarations -Wfloat-conversion -Wshorten-64-to-32 -Wunreachable-code-return -Wshift-sign-overflow -Wstrict-prototypes -Wkeyword-macro -Wno-unused-parameter -Wno-sign-compare -Wformat -Werror=format-security  -c  /home/babak/abg_analyzer_pro/.buildozer/android/platform/build-arm64-v8a/build/bootstrap_builds/sdl2/jni/SDL/src/joystick/hidapi/SDL_hidapi_combined.c -o /home/babak/abg_analyzer_pro/.buildozer/android/platform/build-arm64-v8a/build/bootstrap_builds/sdl2/obj/local/arm64-v8a/objs-debug/SDL2/src/joystick/hidapi/SDL_hidapi_combined.o
[arm64-v8a] Compile        : SDL2 <= SDL_hidapi_gamecube.c
rm -f /home/babak/abg_analyzer_pro/.buildozer/android/platform/build-arm64-v8a/build/bootstrap_builds/sdl2/obj/local/arm64-v8a/objs-debug/SDL2/src/joystick/hidapi/SDL_hidapi_gamecube.o
/usr/bin/ccache /home/babak/.buildozer/android/platform/android-ndk-r27c/toolchains/llvm/prebuilt/linux-x86_64/bin/clang -MMD -MP -MF /home/babak/abg_analyzer_pro/.buildozer/android/platform/build-arm64-v8a/build/bootstrap_builds/sdl2/obj/local/arm64-v8a/objs-debug/SDL2/src/joystick/hidapi/SDL_hidapi_gamecube.o.d -target aarch64-none-linux-android24 -fdata-sections -ffunction-sections -fstack-protector-strong -funwind-tables -no-canonical-prefixes  --sysroot /home/babak/.buildozer/android/platform/android-ndk-r27c/toolchains/llvm/prebuilt/linux-x86_64/sysroot -g -Wno-invalid-command-line-argument -Wno-unused-command-line-argument  -D_FORTIFY_SOURCE=2 -fpic -O0 -UNDEBUG -fno-limit-debug-info  -I/home/babak/abg_analyzer_pro/.buildozer/android/platform/build-arm64-v8a/build/bootstrap_builds/sdl2/jni/SDL/include -I/home/babak/.buildozer/android/platform/android-ndk-r27c/sources/android/cpufeatures -I/home/babak/abg_analyzer_pro/.buildozer/android/platform/build-arm64-v8a/build/bootstrap_builds/sdl2/jni/SDL   -DANDROID -DGL_GLEXT_PROTOTYPES -Wall -Wextra -Wdocumentation -Wmissing-prototypes -Wunreachable-code-break -Wunneeded-internal-declaration -Wmissing-variable-declarations -Wfloat-conversion -Wshorten-64-to-32 -Wunreachable-code-return -Wshift-sign-overflow -Wstrict-prototypes -Wkeyword-macro -Wno-unused-parameter -Wno-sign-compare -Wformat -Werror=format-security  -c  /home/babak/abg_analyzer_pro/.buildozer/android/platform/build-arm64-v8a/build/bootstrap_builds/sdl2/jni/SDL/src/joystick/hidapi/SDL_hidapi_gamecube.c -o /home/babak/abg_analyzer_pro/.buildozer/android/platform/build-arm64-v8a/build/bootstrap_builds/sdl2/obj/local/arm64-v8a/objs-debug/SDL2/src/joystick/hidapi/SDL_hidapi_gamecube.o
[arm64-v8a] Compile        : SDL2 <= SDL_hidapi_luna.c
rm -f /home/babak/abg_analyzer_pro/.buildozer/android/platform/build-arm64-v8a/build/bootstrap_builds/sdl2/obj/local/arm64-v8a/objs-debug/SDL2/src/joystick/hidapi/SDL_hidapi_luna.o
/usr/bin/ccache /home/babak/.buildozer/android/platform/android-ndk-r27c/toolchains/llvm/prebuilt/linux-x86_64/bin/clang -MMD -MP -MF /home/babak/abg_analyzer_pro/.buildozer/android/platform/build-arm64-v8a/build/bootstrap_builds/sdl2/obj/local/arm64-v8a/objs-debug/SDL2/src/joystick/hidapi/SDL_hidapi_luna.o.d -target aarch64-none-linux-android24 -fdata-sections -ffunction-sections -fstack-protector-strong -funwind-tables -no-canonical-prefixes  --sysroot /home/babak/.buildozer/android/platform/android-ndk-r27c/toolchains/llvm/prebuilt/linux-x86_64/sysroot -g -Wno-invalid-command-line-argument -Wno-unused-command-line-argument  -D_FORTIFY_SOURCE=2 -fpic -O0 -UNDEBUG -fno-limit-debug-info  -I/home/babak/abg_analyzer_pro/.buildozer/android/platform/build-arm64-v8a/build/bootstrap_builds/sdl2/jni/SDL/include -I/home/babak/.buildozer/android/platform/android-ndk-r27c/sources/android/cpufeatures -I/home/babak/abg_analyzer_pro/.buildozer/android/platform/build-arm64-v8a/build/bootstrap_builds/sdl2/jni/SDL   -DANDROID -DGL_GLEXT_PROTOTYPES -Wall -Wextra -Wdocumentation -Wmissing-prototypes -Wunreachable-code-break -Wunneeded-internal-declaration -Wmissing-variable-declarations -Wfloat-conversion -Wshorten-64-to-32 -Wunreachable-code-return -Wshift-sign-overflow -Wstrict-prototypes -Wkeyword-macro -Wno-unused-parameter -Wno-sign-compare -Wformat -Werror=format-security  -c  /home/babak/abg_analyzer_pro/.buildozer/android/platform/build-arm64-v8a/build/bootstrap_builds/sdl2/jni/SDL/src/joystick/hidapi/SDL_hidapi_luna.c -o /home/babak/abg_analyzer_pro/.buildozer/android/platform/build-arm64-v8a/build/bootstrap_builds/sdl2/obj/local/arm64-v8a/objs-debug/SDL2/src/joystick/hidapi/SDL_hidapi_luna.o
[arm64-v8a] Compile        : SDL2 <= SDL_hidapi_ps3.c
rm -f /home/babak/abg_analyzer_pro/.buildozer/android/platform/build-arm64-v8a/build/bootstrap_builds/sdl2/obj/local/arm64-v8a/objs-debug/SDL2/src/joystick/hidapi/SDL_hidapi_ps3.o
/usr/bin/ccache /home/babak/.buildozer/android/platform/android-ndk-r27c/toolchains/llvm/prebuilt/linux-x86_64/bin/clang -MMD -MP -MF /home/babak/abg_analyzer_pro/.buildozer/android/platform/build-arm64-v8a/build/bootstrap_builds/sdl2/obj/local/arm64-v8a/objs-debug/SDL2/src/joystick/hidapi/SDL_hidapi_ps3.o.d -target aarch64-none-linux-android24 -fdata-sections -ffunction-sections -fstack-protector-strong -funwind-tables -no-canonical-prefixes  --sysroot /home/babak/.buildozer/android/platform/android-ndk-r27c/toolchains/llvm/prebuilt/linux-x86_64/sysroot -g -Wno-invalid-command-line-argument -Wno-unused-command-line-argument  -D_FORTIFY_SOURCE=2 -fpic -O0 -UNDEBUG -fno-limit-debug-info  -I/home/babak/abg_analyzer_pro/.buildozer/android/platform/build-arm64-v8a/build/bootstrap_builds/sdl2/jni/SDL/include -I/home/babak/.buildozer/android/platform/android-ndk-r27c/sources/android/cpufeatures -I/home/babak/abg_analyzer_pro/.buildozer/android/platform/build-arm64-v8a/build/bootstrap_builds/sdl2/jni/SDL   -DANDROID -DGL_GLEXT_PROTOTYPES -Wall -Wextra -Wdocumentation -Wmissing-prototypes -Wunreachable-code-break -Wunneeded-internal-declaration -Wmissing-variable-declarations -Wfloat-conversion -Wshorten-64-to-32 -Wunreachable-code-return -Wshift-sign-overflow -Wstrict-prototypes -Wkeyword-macro -Wno-unused-parameter -Wno-sign-compare -Wformat -Werror=format-security  -c  /home/babak/abg_analyzer_pro/.buildozer/android/platform/build-arm64-v8a/build/bootstrap_builds/sdl2/jni/SDL/src/joystick/hidapi/SDL_hidapi_ps3.c -o /home/babak/abg_analyzer_pro/.buildozer/android/platform/build-arm64-v8a/build/bootstrap_builds/sdl2/obj/local/arm64-v8a/objs-debug/SDL2/src/joystick/hidapi/SDL_hidapi_ps3.o
[arm64-v8a] Compile        : SDL2 <= SDL_hidapi_ps4.c
rm -f /home/babak/abg_analyzer_pro/.buildozer/android/platform/build-arm64-v8a/build/bootstrap_builds/sdl2/obj/local/arm64-v8a/objs-debug/SDL2/src/joystick/hidapi/SDL_hidapi_ps4.o
/usr/bin/ccache /home/babak/.buildozer/android/platform/android-ndk-r27c/toolchains/llvm/prebuilt/linux-x86_64/bin/clang -MMD -MP -MF /home/babak/abg_analyzer_pro/.buildozer/android/platform/build-arm64-v8a/build/bootstrap_builds/sdl2/obj/local/arm64-v8a/objs-debug/SDL2/src/joystick/hidapi/SDL_hidapi_ps4.o.d -target aarch64-none-linux-android24 -fdata-sections -ffunction-sections -fstack-protector-strong -funwind-tables -no-canonical-prefixes  --sysroot /home/babak/.buildozer/android/platform/android-ndk-r27c/toolchains/llvm/prebuilt/linux-x86_64/sysroot -g -Wno-invalid-command-line-argument -Wno-unused-command-line-argument  -D_FORTIFY_SOURCE=2 -fpic -O0 -UNDEBUG -fno-limit-debug-info  -I/home/babak/abg_analyzer_pro/.buildozer/android/platform/build-arm64-v8a/build/bootstrap_builds/sdl2/jni/SDL/include -I/home/babak/.buildozer/android/platform/android-ndk-r27c/sources/android/cpufeatures -I/home/babak/abg_analyzer_pro/.buildozer/android/platform/build-arm64-v8a/build/bootstrap_builds/sdl2/jni/SDL   -DANDROID -DGL_GLEXT_PROTOTYPES -Wall -Wextra -Wdocumentation -Wmissing-prototypes -Wunreachable-code-break -Wunneeded-internal-declaration -Wmissing-variable-declarations -Wfloat-conversion -Wshorten-64-to-32 -Wunreachable-code-return -Wshift-sign-overflow -Wstrict-prototypes -Wkeyword-macro -Wno-unused-parameter -Wno-sign-compare -Wformat -Werror=format-security  -c  /home/babak/abg_analyzer_pro/.buildozer/android/platform/build-arm64-v8a/build/bootstrap_builds/sdl2/jni/SDL/src/joystick/hidapi/SDL_hidapi_ps4.c -o /home/babak/abg_analyzer_pro/.buildozer/android/platform/build-arm64-v8a/build/bootstrap_builds/sdl2/obj/local/arm64-v8a/objs-debug/SDL2/src/joystick/hidapi/SDL_hidapi_ps4.o
[arm64-v8a] Compile        : SDL2 <= SDL_hidapi_ps5.c
rm -f /home/babak/abg_analyzer_pro/.buildozer/android/platform/build-arm64-v8a/build/bootstrap_builds/sdl2/obj/local/arm64-v8a/objs-debug/SDL2/src/joystick/hidapi/SDL_hidapi_ps5.o
/usr/bin/ccache /home/babak/.buildozer/android/platform/android-ndk-r27c/toolchains/llvm/prebuilt/linux-x86_64/bin/clang -MMD -MP -MF /home/babak/abg_analyzer_pro/.buildozer/android/platform/build-arm64-v8a/build/bootstrap_builds/sdl2/obj/local/arm64-v8a/objs-debug/SDL2/src/joystick/hidapi/SDL_hidapi_ps5.o.d -target aarch64-none-linux-android24 -fdata-sections -ffunction-sections -fstack-protector-strong -funwind-tables -no-canonical-prefixes  --sysroot /home/babak/.buildozer/android/platform/android-ndk-r27c/toolchains/llvm/prebuilt/linux-x86_64/sysroot -g -Wno-invalid-command-line-argument -Wno-unused-command-line-argument  -D_FORTIFY_SOURCE=2 -fpic -O0 -UNDEBUG -fno-limit-debug-info  -I/home/babak/abg_analyzer_pro/.buildozer/android/platform/build-arm64-v8a/build/bootstrap_builds/sdl2/jni/SDL/include -I/home/babak/.buildozer/android/platform/android-ndk-r27c/sources/android/cpufeatures -I/home/babak/abg_analyzer_pro/.buildozer/android/platform/build-arm64-v8a/build/bootstrap_builds/sdl2/jni/SDL   -DANDROID -DGL_GLEXT_PROTOTYPES -Wall -Wextra -Wdocumentation -Wmissing-prototypes -Wunreachable-code-break -Wunneeded-internal-declaration -Wmissing-variable-declarations -Wfloat-conversion -Wshorten-64-to-32 -Wunreachable-code-return -Wshift-sign-overflow -Wstrict-prototypes -Wkeyword-macro -Wno-unused-parameter -Wno-sign-compare -Wformat -Werror=format-security  -c  /home/babak/abg_analyzer_pro/.buildozer/android/platform/build-arm64-v8a/build/bootstrap_builds/sdl2/jni/SDL/src/joystick/hidapi/SDL_hidapi_ps5.c -o /home/babak/abg_analyzer_pro/.buildozer/android/platform/build-arm64-v8a/build/bootstrap_builds/sdl2/obj/local/arm64-v8a/objs-debug/SDL2/src/joystick/hidapi/SDL_hidapi_ps5.o
[arm64-v8a] Compile        : SDL2 <= SDL_hidapi_rumble.c
rm -f /home/babak/abg_analyzer_pro/.buildozer/android/platform/build-arm64-v8a/build/bootstrap_builds/sdl2/obj/local/arm64-v8a/objs-debug/SDL2/src/joystick/hidapi/SDL_hidapi_rumble.o
/usr/bin/ccache /home/babak/.buildozer/android/platform/android-ndk-r27c/toolchains/llvm/prebuilt/linux-x86_64/bin/clang -MMD -MP -MF /home/babak/abg_analyzer_pro/.buildozer/android/platform/build-arm64-v8a/build/bootstrap_builds/sdl2/obj/local/arm64-v8a/objs-debug/SDL2/src/joystick/hidapi/SDL_hidapi_rumble.o.d -target aarch64-none-linux-android24 -fdata-sections -ffunction-sections -fstack-protector-strong -funwind-tables -no-canonical-prefixes  --sysroot /home/babak/.buildozer/android/platform/android-ndk-r27c/toolchains/llvm/prebuilt/linux-x86_64/sysroot -g -Wno-invalid-command-line-argument -Wno-unused-command-line-argument  -D_FORTIFY_SOURCE=2 -fpic -O0 -UNDEBUG -fno-limit-debug-info  -I/home/babak/abg_analyzer_pro/.buildozer/android/platform/build-arm64-v8a/build/bootstrap_builds/sdl2/jni/SDL/include -I/home/babak/.buildozer/android/platform/android-ndk-r27c/sources/android/cpufeatures -I/home/babak/abg_analyzer_pro/.buildozer/android/platform/build-arm64-v8a/build/bootstrap_builds/sdl2/jni/SDL   -DANDROID -DGL_GLEXT_PROTOTYPES -Wall -Wextra -Wdocumentation -Wmissing-prototypes -Wunreachable-code-break -Wunneeded-internal-declaration -Wmissing-variable-declarations -Wfloat-conversion -Wshorten-64-to-32 -Wunreachable-code-return -Wshift-sign-overflow -Wstrict-prototypes -Wkeyword-macro -Wno-unused-parameter -Wno-sign-compare -Wformat -Werror=format-security  -c  /home/babak/abg_analyzer_pro/.buildozer/android/platform/build-arm64-v8a/build/bootstrap_builds/sdl2/jni/SDL/src/joystick/hidapi/SDL_hidapi_rumble.c -o /home/babak/abg_analyzer_pro/.buildozer/android/platform/build-arm64-v8a/build/bootstrap_builds/sdl2/obj/local/arm64-v8a/objs-debug/SDL2/src/joystick/hidapi/SDL_hidapi_rumble.o
[arm64-v8a] Compile        : SDL2 <= SDL_hidapi_shield.c
rm -f /home/babak/abg_analyzer_pro/.buildozer/android/platform/build-arm64-v8a/build/bootstrap_builds/sdl2/obj/local/arm64-v8a/objs-debug/SDL2/src/joystick/hidapi/SDL_hidapi_shield.o
/usr/bin/ccache /home/babak/.buildozer/android/platform/android-ndk-r27c/toolchains/llvm/prebuilt/linux-x86_64/bin/clang -MMD -MP -MF /home/babak/abg_analyzer_pro/.buildozer/android/platform/build-arm64-v8a/build/bootstrap_builds/sdl2/obj/local/arm64-v8a/objs-debug/SDL2/src/joystick/hidapi/SDL_hidapi_shield.o.d -target aarch64-none-linux-android24 -fdata-sections -ffunction-sections -fstack-protector-strong -funwind-tables -no-canonical-prefixes  --sysroot /home/babak/.buildozer/android/platform/android-ndk-r27c/toolchains/llvm/prebuilt/linux-x86_64/sysroot -g -Wno-invalid-command-line-argument -Wno-unused-command-line-argument  -D_FORTIFY_SOURCE=2 -fpic -O0 -UNDEBUG -fno-limit-debug-info  -I/home/babak/abg_analyzer_pro/.buildozer/android/platform/build-arm64-v8a/build/bootstrap_builds/sdl2/jni/SDL/include -I/home/babak/.buildozer/android/platform/android-ndk-r27c/sources/android/cpufeatures -I/home/babak/abg_analyzer_pro/.buildozer/android/platform/build-arm64-v8a/build/bootstrap_builds/sdl2/jni/SDL   -DANDROID -DGL_GLEXT_PROTOTYPES -Wall -Wextra -Wdocumentation -Wmissing-prototypes -Wunreachable-code-break -Wunneeded-internal-declaration -Wmissing-variable-declarations -Wfloat-conversion -Wshorten-64-to-32 -Wunreachable-code-return -Wshift-sign-overflow -Wstrict-prototypes -Wkeyword-macro -Wno-unused-parameter -Wno-sign-compare -Wformat -Werror=format-security  -c  /home/babak/abg_analyzer_pro/.buildozer/android/platform/build-arm64-v8a/build/bootstrap_builds/sdl2/jni/SDL/src/joystick/hidapi/SDL_hidapi_shield.c -o /home/babak/abg_analyzer_pro/.buildozer/android/platform/build-arm64-v8a/build/bootstrap_builds/sdl2/obj/local/arm64-v8a/objs-debug/SDL2/src/joystick/hidapi/SDL_hidapi_shield.o
[arm64-v8a] Compile        : SDL2 <= SDL_hidapi_stadia.c
rm -f /home/babak/abg_analyzer_pro/.buildozer/android/platform/build-arm64-v8a/build/bootstrap_builds/sdl2/obj/local/arm64-v8a/objs-debug/SDL2/src/joystick/hidapi/SDL_hidapi_stadia.o
/usr/bin/ccache /home/babak/.buildozer/android/platform/android-ndk-r27c/toolchains/llvm/prebuilt/linux-x86_64/bin/clang -MMD -MP -MF /home/babak/abg_analyzer_pro/.buildozer/android/platform/build-arm64-v8a/build/bootstrap_builds/sdl2/obj/local/arm64-v8a/objs-debug/SDL2/src/joystick/hidapi/SDL_hidapi_stadia.o.d -target aarch64-none-linux-android24 -fdata-sections -ffunction-sections -fstack-protector-strong -funwind-tables -no-canonical-prefixes  --sysroot /home/babak/.buildozer/android/platform/android-ndk-r27c/toolchains/llvm/prebuilt/linux-x86_64/sysroot -g -Wno-invalid-command-line-argument -Wno-unused-command-line-argument  -D_FORTIFY_SOURCE=2 -fpic -O0 -UNDEBUG -fno-limit-debug-info  -I/home/babak/abg_analyzer_pro/.buildozer/android/platform/build-arm64-v8a/build/bootstrap_builds/sdl2/jni/SDL/include -I/home/babak/.buildozer/android/platform/android-ndk-r27c/sources/android/cpufeatures -I/home/babak/abg_analyzer_pro/.buildozer/android/platform/build-arm64-v8a/build/bootstrap_builds/sdl2/jni/SDL   -DANDROID -DGL_GLEXT_PROTOTYPES -Wall -Wextra -Wdocumentation -Wmissing-prototypes -Wunreachable-code-break -Wunneeded-internal-declaration -Wmissing-variable-declarations -Wfloat-conversion -Wshorten-64-to-32 -Wunreachable-code-return -Wshift-sign-overflow -Wstrict-prototypes -Wkeyword-macro -Wno-unused-parameter -Wno-sign-compare -Wformat -Werror=format-security  -c  /home/babak/abg_analyzer_pro/.buildozer/android/platform/build-arm64-v8a/build/bootstrap_builds/sdl2/jni/SDL/src/joystick/hidapi/SDL_hidapi_stadia.c -o /home/babak/abg_analyzer_pro/.buildozer/android/platform/build-arm64-v8a/build/bootstrap_builds/sdl2/obj/local/arm64-v8a/objs-debug/SDL2/src/joystick/hidapi/SDL_hidapi_stadia.o
[arm64-v8a] Compile        : SDL2 <= SDL_hidapi_steam.c
rm -f /home/babak/abg_analyzer_pro/.buildozer/android/platform/build-arm64-v8a/build/bootstrap_builds/sdl2/obj/local/arm64-v8a/objs-debug/SDL2/src/joystick/hidapi/SDL_hidapi_steam.o
/usr/bin/ccache /home/babak/.buildozer/android/platform/android-ndk-r27c/toolchains/llvm/prebuilt/linux-x86_64/bin/clang -MMD -MP -MF /home/babak/abg_analyzer_pro/.buildozer/android/platform/build-arm64-v8a/build/bootstrap_builds/sdl2/obj/local/arm64-v8a/objs-debug/SDL2/src/joystick/hidapi/SDL_hidapi_steam.o.d -target aarch64-none-linux-android24 -fdata-sections -ffunction-sections -fstack-protector-strong -funwind-tables -no-canonical-prefixes  --sysroot /home/babak/.buildozer/android/platform/android-ndk-r27c/toolchains/llvm/prebuilt/linux-x86_64/sysroot -g -Wno-invalid-command-line-argument -Wno-unused-command-line-argument  -D_FORTIFY_SOURCE=2 -fpic -O0 -UNDEBUG -fno-limit-debug-info  -I/home/babak/abg_analyzer_pro/.buildozer/android/platform/build-arm64-v8a/build/bootstrap_builds/sdl2/jni/SDL/include -I/home/babak/.buildozer/android/platform/android-ndk-r27c/sources/android/cpufeatures -I/home/babak/abg_analyzer_pro/.buildozer/android/platform/build-arm64-v8a/build/bootstrap_builds/sdl2/jni/SDL   -DANDROID -DGL_GLEXT_PROTOTYPES -Wall -Wextra -Wdocumentation -Wmissing-prototypes -Wunreachable-code-break -Wunneeded-internal-declaration -Wmissing-variable-declarations -Wfloat-conversion -Wshorten-64-to-32 -Wunreachable-code-return -Wshift-sign-overflow -Wstrict-prototypes -Wkeyword-macro -Wno-unused-parameter -Wno-sign-compare -Wformat -Werror=format-security  -c  /home/babak/abg_analyzer_pro/.buildozer/android/platform/build-arm64-v8a/build/bootstrap_builds/sdl2/jni/SDL/src/joystick/hidapi/SDL_hidapi_steam.c -o /home/babak/abg_analyzer_pro/.buildozer/android/platform/build-arm64-v8a/build/bootstrap_builds/sdl2/obj/local/arm64-v8a/objs-debug/SDL2/src/joystick/hidapi/SDL_hidapi_steam.o
[arm64-v8a] Compile        : SDL2 <= SDL_hidapi_switch.c
rm -f /home/babak/abg_analyzer_pro/.buildozer/android/platform/build-arm64-v8a/build/bootstrap_builds/sdl2/obj/local/arm64-v8a/objs-debug/SDL2/src/joystick/hidapi/SDL_hidapi_switch.o
/usr/bin/ccache /home/babak/.buildozer/android/platform/android-ndk-r27c/toolchains/llvm/prebuilt/linux-x86_64/bin/clang -MMD -MP -MF /home/babak/abg_analyzer_pro/.buildozer/android/platform/build-arm64-v8a/build/bootstrap_builds/sdl2/obj/local/arm64-v8a/objs-debug/SDL2/src/joystick/hidapi/SDL_hidapi_switch.o.d -target aarch64-none-linux-android24 -fdata-sections -ffunction-sections -fstack-protector-strong -funwind-tables -no-canonical-prefixes  --sysroot /home/babak/.buildozer/android/platform/android-ndk-r27c/toolchains/llvm/prebuilt/linux-x86_64/sysroot -g -Wno-invalid-command-line-argument -Wno-unused-command-line-argument  -D_FORTIFY_SOURCE=2 -fpic -O0 -UNDEBUG -fno-limit-debug-info  -I/home/babak/abg_analyzer_pro/.buildozer/android/platform/build-arm64-v8a/build/bootstrap_builds/sdl2/jni/SDL/include -I/home/babak/.buildozer/android/platform/android-ndk-r27c/sources/android/cpufeatures -I/home/babak/abg_analyzer_pro/.buildozer/android/platform/build-arm64-v8a/build/bootstrap_builds/sdl2/jni/SDL   -DANDROID -DGL_GLEXT_PROTOTYPES -Wall -Wextra -Wdocumentation -Wmissing-prototypes -Wunreachable-code-break -Wunneeded-internal-declaration -Wmissing-variable-declarations -Wfloat-conversion -Wshorten-64-to-32 -Wunreachable-code-return -Wshift-sign-overflow -Wstrict-prototypes -Wkeyword-macro -Wno-unused-parameter -Wno-sign-compare -Wformat -Werror=format-security  -c  /home/babak/abg_analyzer_pro/.buildozer/android/platform/build-arm64-v8a/build/bootstrap_builds/sdl2/jni/SDL/src/joystick/hidapi/SDL_hidapi_switch.c -o /home/babak/abg_analyzer_pro/.buildozer/android/platform/build-arm64-v8a/build/bootstrap_builds/sdl2/obj/local/arm64-v8a/objs-debug/SDL2/src/joystick/hidapi/SDL_hidapi_switch.o
[arm64-v8a] Compile        : SDL2 <= SDL_hidapi_wii.c
rm -f /home/babak/abg_analyzer_pro/.buildozer/android/platform/build-arm64-v8a/build/bootstrap_builds/sdl2/obj/local/arm64-v8a/objs-debug/SDL2/src/joystick/hidapi/SDL_hidapi_wii.o
/usr/bin/ccache /home/babak/.buildozer/android/platform/android-ndk-r27c/toolchains/llvm/prebuilt/linux-x86_64/bin/clang -MMD -MP -MF /home/babak/abg_analyzer_pro/.buildozer/android/platform/build-arm64-v8a/build/bootstrap_builds/sdl2/obj/local/arm64-v8a/objs-debug/SDL2/src/joystick/hidapi/SDL_hidapi_wii.o.d -target aarch64-none-linux-android24 -fdata-sections -ffunction-sections -fstack-protector-strong -funwind-tables -no-canonical-prefixes  --sysroot /home/babak/.buildozer/android/platform/android-ndk-r27c/toolchains/llvm/prebuilt/linux-x86_64/sysroot -g -Wno-invalid-command-line-argument -Wno-unused-command-line-argument  -D_FORTIFY_SOURCE=2 -fpic -O0 -UNDEBUG -fno-limit-debug-info  -I/home/babak/abg_analyzer_pro/.buildozer/android/platform/build-arm64-v8a/build/bootstrap_builds/sdl2/jni/SDL/include -I/home/babak/.buildozer/android/platform/android-ndk-r27c/sources/android/cpufeatures -I/home/babak/abg_analyzer_pro/.buildozer/android/platform/build-arm64-v8a/build/bootstrap_builds/sdl2/jni/SDL   -DANDROID -DGL_GLEXT_PROTOTYPES -Wall -Wextra -Wdocumentation -Wmissing-prototypes -Wunreachable-code-break -Wunneeded-internal-declaration -Wmissing-variable-declarations -Wfloat-conversion -Wshorten-64-to-32 -Wunreachable-code-return -Wshift-sign-overflow -Wstrict-prototypes -Wkeyword-macro -Wno-unused-parameter -Wno-sign-compare -Wformat -Werror=format-security  -c  /home/babak/abg_analyzer_pro/.buildozer/android/platform/build-arm64-v8a/build/bootstrap_builds/sdl2/jni/SDL/src/joystick/hidapi/SDL_hidapi_wii.c -o /home/babak/abg_analyzer_pro/.buildozer/android/platform/build-arm64-v8a/build/bootstrap_builds/sdl2/obj/local/arm64-v8a/objs-debug/SDL2/src/joystick/hidapi/SDL_hidapi_wii.o
[arm64-v8a] Compile        : SDL2 <= SDL_hidapi_xbox360.c
rm -f /home/babak/abg_analyzer_pro/.buildozer/android/platform/build-arm64-v8a/build/bootstrap_builds/sdl2/obj/local/arm64-v8a/objs-debug/SDL2/src/joystick/hidapi/SDL_hidapi_xbox360.o
/usr/bin/ccache /home/babak/.buildozer/android/platform/android-ndk-r27c/toolchains/llvm/prebuilt/linux-x86_64/bin/clang -MMD -MP -MF /home/babak/abg_analyzer_pro/.buildozer/android/platform/build-arm64-v8a/build/bootstrap_builds/sdl2/obj/local/arm64-v8a/objs-debug/SDL2/src/joystick/hidapi/SDL_hidapi_xbox360.o.d -target aarch64-none-linux-android24 -fdata-sections -ffunction-sections -fstack-protector-strong -funwind-tables -no-canonical-prefixes  --sysroot /home/babak/.buildozer/android/platform/android-ndk-r27c/toolchains/llvm/prebuilt/linux-x86_64/sysroot -g -Wno-invalid-command-line-argument -Wno-unused-command-line-argument  -D_FORTIFY_SOURCE=2 -fpic -O0 -UNDEBUG -fno-limit-debug-info  -I/home/babak/abg_analyzer_pro/.buildozer/android/platform/build-arm64-v8a/build/bootstrap_builds/sdl2/jni/SDL/include -I/home/babak/.buildozer/android/platform/android-ndk-r27c/sources/android/cpufeatures -I/home/babak/abg_analyzer_pro/.buildozer/android/platform/build-arm64-v8a/build/bootstrap_builds/sdl2/jni/SDL   -DANDROID -DGL_GLEXT_PROTOTYPES -Wall -Wextra -Wdocumentation -Wmissing-prototypes -Wunreachable-code-break -Wunneeded-internal-declaration -Wmissing-variable-declarations -Wfloat-conversion -Wshorten-64-to-32 -Wunreachable-code-return -Wshift-sign-overflow -Wstrict-prototypes -Wkeyword-macro -Wno-unused-parameter -Wno-sign-compare -Wformat -Werror=format-security  -c  /home/babak/abg_analyzer_pro/.buildozer/android/platform/build-arm64-v8a/build/bootstrap_builds/sdl2/jni/SDL/src/joystick/hidapi/SDL_hidapi_xbox360.c -o /home/babak/abg_analyzer_pro/.buildozer/android/platform/build-arm64-v8a/build/bootstrap_builds/sdl2/obj/local/arm64-v8a/objs-debug/SDL2/src/joystick/hidapi/SDL_hidapi_xbox360.o
[arm64-v8a] Compile        : SDL2 <= SDL_hidapi_xbox360w.c
rm -f /home/babak/abg_analyzer_pro/.buildozer/android/platform/build-arm64-v8a/build/bootstrap_builds/sdl2/obj/local/arm64-v8a/objs-debug/SDL2/src/joystick/hidapi/SDL_hidapi_xbox360w.o
/usr/bin/ccache /home/babak/.buildozer/android/platform/android-ndk-r27c/toolchains/llvm/prebuilt/linux-x86_64/bin/clang -MMD -MP -MF /home/babak/abg_analyzer_pro/.buildozer/android/platform/build-arm64-v8a/build/bootstrap_builds/sdl2/obj/local/arm64-v8a/objs-debug/SDL2/src/joystick/hidapi/SDL_hidapi_xbox360w.o.d -target aarch64-none-linux-android24 -fdata-sections -ffunction-sections -fstack-protector-strong -funwind-tables -no-canonical-prefixes  --sysroot /home/babak/.buildozer/android/platform/android-ndk-r27c/toolchains/llvm/prebuilt/linux-x86_64/sysroot -g -Wno-invalid-command-line-argument -Wno-unused-command-line-argument  -D_FORTIFY_SOURCE=2 -fpic -O0 -UNDEBUG -fno-limit-debug-info  -I/home/babak/abg_analyzer_pro/.buildozer/android/platform/build-arm64-v8a/build/bootstrap_builds/sdl2/jni/SDL/include -I/home/babak/.buildozer/android/platform/android-ndk-r27c/sources/android/cpufeatures -I/home/babak/abg_analyzer_pro/.buildozer/android/platform/build-arm64-v8a/build/bootstrap_builds/sdl2/jni/SDL   -DANDROID -DGL_GLEXT_PROTOTYPES -Wall -Wextra -Wdocumentation -Wmissing-prototypes -Wunreachable-code-break -Wunneeded-internal-declaration -Wmissing-variable-declarations -Wfloat-conversion -Wshorten-64-to-32 -Wunreachable-code-return -Wshift-sign-overflow -Wstrict-prototypes -Wkeyword-macro -Wno-unused-parameter -Wno-sign-compare -Wformat -Werror=format-security  -c  /home/babak/abg_analyzer_pro/.buildozer/android/platform/build-arm64-v8a/build/bootstrap_builds/sdl2/jni/SDL/src/joystick/hidapi/SDL_hidapi_xbox360w.c -o /home/babak/abg_analyzer_pro/.buildozer/android/platform/build-arm64-v8a/build/bootstrap_builds/sdl2/obj/local/arm64-v8a/objs-debug/SDL2/src/joystick/hidapi/SDL_hidapi_xbox360w.o
[arm64-v8a] Compile        : SDL2 <= SDL_hidapi_xboxone.c
rm -f /home/babak/abg_analyzer_pro/.buildozer/android/platform/build-arm64-v8a/build/bootstrap_builds/sdl2/obj/local/arm64-v8a/objs-debug/SDL2/src/joystick/hidapi/SDL_hidapi_xboxone.o
/usr/bin/ccache /home/babak/.buildozer/android/platform/android-ndk-r27c/toolchains/llvm/prebuilt/linux-x86_64/bin/clang -MMD -MP -MF /home/babak/abg_analyzer_pro/.buildozer/android/platform/build-arm64-v8a/build/bootstrap_builds/sdl2/obj/local/arm64-v8a/objs-debug/SDL2/src/joystick/hidapi/SDL_hidapi_xboxone.o.d -target aarch64-none-linux-android24 -fdata-sections -ffunction-sections -fstack-protector-strong -funwind-tables -no-canonical-prefixes  --sysroot /home/babak/.buildozer/android/platform/android-ndk-r27c/toolchains/llvm/prebuilt/linux-x86_64/sysroot -g -Wno-invalid-command-line-argument -Wno-unused-command-line-argument  -D_FORTIFY_SOURCE=2 -fpic -O0 -UNDEBUG -fno-limit-debug-info  -I/home/babak/abg_analyzer_pro/.buildozer/android/platform/build-arm64-v8a/build/bootstrap_builds/sdl2/jni/SDL/include -I/home/babak/.buildozer/android/platform/android-ndk-r27c/sources/android/cpufeatures -I/home/babak/abg_analyzer_pro/.buildozer/android/platform/build-arm64-v8a/build/bootstrap_builds/sdl2/jni/SDL   -DANDROID -DGL_GLEXT_PROTOTYPES -Wall -Wextra -Wdocumentation -Wmissing-prototypes -Wunreachable-code-break -Wunneeded-internal-declaration -Wmissing-variable-declarations -Wfloat-conversion -Wshorten-64-to-32 -Wunreachable-code-return -Wshift-sign-overflow -Wstrict-prototypes -Wkeyword-macro -Wno-unused-parameter -Wno-sign-compare -Wformat -Werror=format-security  -c  /home/babak/abg_analyzer_pro/.buildozer/android/platform/build-arm64-v8a/build/bootstrap_builds/sdl2/jni/SDL/src/joystick/hidapi/SDL_hidapi_xboxone.c -o /home/babak/abg_analyzer_pro/.buildozer/android/platform/build-arm64-v8a/build/bootstrap_builds/sdl2/obj/local/arm64-v8a/objs-debug/SDL2/src/joystick/hidapi/SDL_hidapi_xboxone.o
[arm64-v8a] Compile        : SDL2 <= SDL_hidapijoystick.c
rm -f /home/babak/abg_analyzer_pro/.buildozer/android/platform/build-arm64-v8a/build/bootstrap_builds/sdl2/obj/local/arm64-v8a/objs-debug/SDL2/src/joystick/hidapi/SDL_hidapijoystick.o
/usr/bin/ccache /home/babak/.buildozer/android/platform/android-ndk-r27c/toolchains/llvm/prebuilt/linux-x86_64/bin/clang -MMD -MP -MF /home/babak/abg_analyzer_pro/.buildozer/android/platform/build-arm64-v8a/build/bootstrap_builds/sdl2/obj/local/arm64-v8a/objs-debug/SDL2/src/joystick/hidapi/SDL_hidapijoystick.o.d -target aarch64-none-linux-android24 -fdata-sections -ffunction-sections -fstack-protector-strong -funwind-tables -no-canonical-prefixes  --sysroot /home/babak/.buildozer/android/platform/android-ndk-r27c/toolchains/llvm/prebuilt/linux-x86_64/sysroot -g -Wno-invalid-command-line-argument -Wno-unused-command-line-argument  -D_FORTIFY_SOURCE=2 -fpic -O0 -UNDEBUG -fno-limit-debug-info  -I/home/babak/abg_analyzer_pro/.buildozer/android/platform/build-arm64-v8a/build/bootstrap_builds/sdl2/jni/SDL/include -I/home/babak/.buildozer/android/platform/android-ndk-r27c/sources/android/cpufeatures -I/home/babak/abg_analyzer_pro/.buildozer/android/platform/build-arm64-v8a/build/bootstrap_builds/sdl2/jni/SDL   -DANDROID -DGL_GLEXT_PROTOTYPES -Wall -Wextra -Wdocumentation -Wmissing-prototypes -Wunreachable-code-break -Wunneeded-internal-declaration -Wmissing-variable-declarations -Wfloat-conversion -Wshorten-64-to-32 -Wunreachable-code-return -Wshift-sign-overflow -Wstrict-prototypes -Wkeyword-macro -Wno-unused-parameter -Wno-sign-compare -Wformat -Werror=format-security  -c  /home/babak/abg_analyzer_pro/.buildozer/android/platform/build-arm64-v8a/build/bootstrap_builds/sdl2/jni/SDL/src/joystick/hidapi/SDL_hidapijoystick.c -o /home/babak/abg_analyzer_pro/.buildozer/android/platform/build-arm64-v8a/build/bootstrap_builds/sdl2/obj/local/arm64-v8a/objs-debug/SDL2/src/joystick/hidapi/SDL_hidapijoystick.o
/home/babak/abg_analyzer_pro/.buildozer/android/platform/build-arm64-v8a/build/bootstrap_builds/sdl2/jni/SDL/src/joystick/hidapi/SDL_hidapijoystick.c:997:45: warning: a function declaration without a prototype is deprecated in all versions of C [-Wstrict-prototypes]
  997 | static SDL_bool HIDAPI_CreateCombinedJoyCons()
      |                                             ^
      |                                              void
1 warning generated.
[arm64-v8a] Compile        : SDL2 <= SDL_virtualjoystick.c
rm -f /home/babak/abg_analyzer_pro/.buildozer/android/platform/build-arm64-v8a/build/bootstrap_builds/sdl2/obj/local/arm64-v8a/objs-debug/SDL2/src/joystick/virtual/SDL_virtualjoystick.o
/usr/bin/ccache /home/babak/.buildozer/android/platform/android-ndk-r27c/toolchains/llvm/prebuilt/linux-x86_64/bin/clang -MMD -MP -MF /home/babak/abg_analyzer_pro/.buildozer/android/platform/build-arm64-v8a/build/bootstrap_builds/sdl2/obj/local/arm64-v8a/objs-debug/SDL2/src/joystick/virtual/SDL_virtualjoystick.o.d -target aarch64-none-linux-android24 -fdata-sections -ffunction-sections -fstack-protector-strong -funwind-tables -no-canonical-prefixes  --sysroot /home/babak/.buildozer/android/platform/android-ndk-r27c/toolchains/llvm/prebuilt/linux-x86_64/sysroot -g -Wno-invalid-command-line-argument -Wno-unused-command-line-argument  -D_FORTIFY_SOURCE=2 -fpic -O0 -UNDEBUG -fno-limit-debug-info  -I/home/babak/abg_analyzer_pro/.buildozer/android/platform/build-arm64-v8a/build/bootstrap_builds/sdl2/jni/SDL/include -I/home/babak/.buildozer/android/platform/android-ndk-r27c/sources/android/cpufeatures -I/home/babak/abg_analyzer_pro/.buildozer/android/platform/build-arm64-v8a/build/bootstrap_builds/sdl2/jni/SDL   -DANDROID -DGL_GLEXT_PROTOTYPES -Wall -Wextra -Wdocumentation -Wmissing-prototypes -Wunreachable-code-break -Wunneeded-internal-declaration -Wmissing-variable-declarations -Wfloat-conversion -Wshorten-64-to-32 -Wunreachable-code-return -Wshift-sign-overflow -Wstrict-prototypes -Wkeyword-macro -Wno-unused-parameter -Wno-sign-compare -Wformat -Werror=format-security  -c  /home/babak/abg_analyzer_pro/.buildozer/android/platform/build-arm64-v8a/build/bootstrap_builds/sdl2/jni/SDL/src/joystick/virtual/SDL_virtualjoystick.c -o /home/babak/abg_analyzer_pro/.buildozer/android/platform/build-arm64-v8a/build/bootstrap_builds/sdl2/obj/local/arm64-v8a/objs-debug/SDL2/src/joystick/virtual/SDL_virtualjoystick.o
[arm64-v8a] Compile        : SDL2 <= SDL_sysloadso.c
rm -f /home/babak/abg_analyzer_pro/.buildozer/android/platform/build-arm64-v8a/build/bootstrap_builds/sdl2/obj/local/arm64-v8a/objs-debug/SDL2/src/loadso/dlopen/SDL_sysloadso.o
/usr/bin/ccache /home/babak/.buildozer/android/platform/android-ndk-r27c/toolchains/llvm/prebuilt/linux-x86_64/bin/clang -MMD -MP -MF /home/babak/abg_analyzer_pro/.buildozer/android/platform/build-arm64-v8a/build/bootstrap_builds/sdl2/obj/local/arm64-v8a/objs-debug/SDL2/src/loadso/dlopen/SDL_sysloadso.o.d -target aarch64-none-linux-android24 -fdata-sections -ffunction-sections -fstack-protector-strong -funwind-tables -no-canonical-prefixes  --sysroot /home/babak/.buildozer/android/platform/android-ndk-r27c/toolchains/llvm/prebuilt/linux-x86_64/sysroot -g -Wno-invalid-command-line-argument -Wno-unused-command-line-argument  -D_FORTIFY_SOURCE=2 -fpic -O0 -UNDEBUG -fno-limit-debug-info  -I/home/babak/abg_analyzer_pro/.buildozer/android/platform/build-arm64-v8a/build/bootstrap_builds/sdl2/jni/SDL/include -I/home/babak/.buildozer/android/platform/android-ndk-r27c/sources/android/cpufeatures -I/home/babak/abg_analyzer_pro/.buildozer/android/platform/build-arm64-v8a/build/bootstrap_builds/sdl2/jni/SDL   -DANDROID -DGL_GLEXT_PROTOTYPES -Wall -Wextra -Wdocumentation -Wmissing-prototypes -Wunreachable-code-break -Wunneeded-internal-declaration -Wmissing-variable-declarations -Wfloat-conversion -Wshorten-64-to-32 -Wunreachable-code-return -Wshift-sign-overflow -Wstrict-prototypes -Wkeyword-macro -Wno-unused-parameter -Wno-sign-compare -Wformat -Werror=format-security  -c  /home/babak/abg_analyzer_pro/.buildozer/android/platform/build-arm64-v8a/build/bootstrap_builds/sdl2/jni/SDL/src/loadso/dlopen/SDL_sysloadso.c -o /home/babak/abg_analyzer_pro/.buildozer/android/platform/build-arm64-v8a/build/bootstrap_builds/sdl2/obj/local/arm64-v8a/objs-debug/SDL2/src/loadso/dlopen/SDL_sysloadso.o
[arm64-v8a] Compile        : SDL2 <= SDL_locale.c
rm -f /home/babak/abg_analyzer_pro/.buildozer/android/platform/build-arm64-v8a/build/bootstrap_builds/sdl2/obj/local/arm64-v8a/objs-debug/SDL2/src/locale/SDL_locale.o
/usr/bin/ccache /home/babak/.buildozer/android/platform/android-ndk-r27c/toolchains/llvm/prebuilt/linux-x86_64/bin/clang -MMD -MP -MF /home/babak/abg_analyzer_pro/.buildozer/android/platform/build-arm64-v8a/build/bootstrap_builds/sdl2/obj/local/arm64-v8a/objs-debug/SDL2/src/locale/SDL_locale.o.d -target aarch64-none-linux-android24 -fdata-sections -ffunction-sections -fstack-protector-strong -funwind-tables -no-canonical-prefixes  --sysroot /home/babak/.buildozer/android/platform/android-ndk-r27c/toolchains/llvm/prebuilt/linux-x86_64/sysroot -g -Wno-invalid-command-line-argument -Wno-unused-command-line-argument  -D_FORTIFY_SOURCE=2 -fpic -O0 -UNDEBUG -fno-limit-debug-info  -I/home/babak/abg_analyzer_pro/.buildozer/android/platform/build-arm64-v8a/build/bootstrap_builds/sdl2/jni/SDL/include -I/home/babak/.buildozer/android/platform/android-ndk-r27c/sources/android/cpufeatures -I/home/babak/abg_analyzer_pro/.buildozer/android/platform/build-arm64-v8a/build/bootstrap_builds/sdl2/jni/SDL   -DANDROID -DGL_GLEXT_PROTOTYPES -Wall -Wextra -Wdocumentation -Wmissing-prototypes -Wunreachable-code-break -Wunneeded-internal-declaration -Wmissing-variable-declarations -Wfloat-conversion -Wshorten-64-to-32 -Wunreachable-code-return -Wshift-sign-overflow -Wstrict-prototypes -Wkeyword-macro -Wno-unused-parameter -Wno-sign-compare -Wformat -Werror=format-security  -c  /home/babak/abg_analyzer_pro/.buildozer/android/platform/build-arm64-v8a/build/bootstrap_builds/sdl2/jni/SDL/src/locale/SDL_locale.c -o /home/babak/abg_analyzer_pro/.buildozer/android/platform/build-arm64-v8a/build/bootstrap_builds/sdl2/obj/local/arm64-v8a/objs-debug/SDL2/src/locale/SDL_locale.o
[arm64-v8a] Compile        : SDL2 <= SDL_syslocale.c
rm -f /home/babak/abg_analyzer_pro/.buildozer/android/platform/build-arm64-v8a/build/bootstrap_builds/sdl2/obj/local/arm64-v8a/objs-debug/SDL2/src/locale/android/SDL_syslocale.o
/usr/bin/ccache /home/babak/.buildozer/android/platform/android-ndk-r27c/toolchains/llvm/prebuilt/linux-x86_64/bin/clang -MMD -MP -MF /home/babak/abg_analyzer_pro/.buildozer/android/platform/build-arm64-v8a/build/bootstrap_builds/sdl2/obj/local/arm64-v8a/objs-debug/SDL2/src/locale/android/SDL_syslocale.o.d -target aarch64-none-linux-android24 -fdata-sections -ffunction-sections -fstack-protector-strong -funwind-tables -no-canonical-prefixes  --sysroot /home/babak/.buildozer/android/platform/android-ndk-r27c/toolchains/llvm/prebuilt/linux-x86_64/sysroot -g -Wno-invalid-command-line-argument -Wno-unused-command-line-argument  -D_FORTIFY_SOURCE=2 -fpic -O0 -UNDEBUG -fno-limit-debug-info  -I/home/babak/abg_analyzer_pro/.buildozer/android/platform/build-arm64-v8a/build/bootstrap_builds/sdl2/jni/SDL/include -I/home/babak/.buildozer/android/platform/android-ndk-r27c/sources/android/cpufeatures -I/home/babak/abg_analyzer_pro/.buildozer/android/platform/build-arm64-v8a/build/bootstrap_builds/sdl2/jni/SDL   -DANDROID -DGL_GLEXT_PROTOTYPES -Wall -Wextra -Wdocumentation -Wmissing-prototypes -Wunreachable-code-break -Wunneeded-internal-declaration -Wmissing-variable-declarations -Wfloat-conversion -Wshorten-64-to-32 -Wunreachable-code-return -Wshift-sign-overflow -Wstrict-prototypes -Wkeyword-macro -Wno-unused-parameter -Wno-sign-compare -Wformat -Werror=format-security  -c  /home/babak/abg_analyzer_pro/.buildozer/android/platform/build-arm64-v8a/build/bootstrap_builds/sdl2/jni/SDL/src/locale/android/SDL_syslocale.c -o /home/babak/abg_analyzer_pro/.buildozer/android/platform/build-arm64-v8a/build/bootstrap_builds/sdl2/obj/local/arm64-v8a/objs-debug/SDL2/src/locale/android/SDL_syslocale.o
[arm64-v8a] Compile        : SDL2 <= SDL_url.c
rm -f /home/babak/abg_analyzer_pro/.buildozer/android/platform/build-arm64-v8a/build/bootstrap_builds/sdl2/obj/local/arm64-v8a/objs-debug/SDL2/src/misc/SDL_url.o
/usr/bin/ccache /home/babak/.buildozer/android/platform/android-ndk-r27c/toolchains/llvm/prebuilt/linux-x86_64/bin/clang -MMD -MP -MF /home/babak/abg_analyzer_pro/.buildozer/android/platform/build-arm64-v8a/build/bootstrap_builds/sdl2/obj/local/arm64-v8a/objs-debug/SDL2/src/misc/SDL_url.o.d -target aarch64-none-linux-android24 -fdata-sections -ffunction-sections -fstack-protector-strong -funwind-tables -no-canonical-prefixes  --sysroot /home/babak/.buildozer/android/platform/android-ndk-r27c/toolchains/llvm/prebuilt/linux-x86_64/sysroot -g -Wno-invalid-command-line-argument -Wno-unused-command-line-argument  -D_FORTIFY_SOURCE=2 -fpic -O0 -UNDEBUG -fno-limit-debug-info  -I/home/babak/abg_analyzer_pro/.buildozer/android/platform/build-arm64-v8a/build/bootstrap_builds/sdl2/jni/SDL/include -I/home/babak/.buildozer/android/platform/android-ndk-r27c/sources/android/cpufeatures -I/home/babak/abg_analyzer_pro/.buildozer/android/platform/build-arm64-v8a/build/bootstrap_builds/sdl2/jni/SDL   -DANDROID -DGL_GLEXT_PROTOTYPES -Wall -Wextra -Wdocumentation -Wmissing-prototypes -Wunreachable-code-break -Wunneeded-internal-declaration -Wmissing-variable-declarations -Wfloat-conversion -Wshorten-64-to-32 -Wunreachable-code-return -Wshift-sign-overflow -Wstrict-prototypes -Wkeyword-macro -Wno-unused-parameter -Wno-sign-compare -Wformat -Werror=format-security  -c  /home/babak/abg_analyzer_pro/.buildozer/android/platform/build-arm64-v8a/build/bootstrap_builds/sdl2/jni/SDL/src/misc/SDL_url.c -o /home/babak/abg_analyzer_pro/.buildozer/android/platform/build-arm64-v8a/build/bootstrap_builds/sdl2/obj/local/arm64-v8a/objs-debug/SDL2/src/misc/SDL_url.o
[arm64-v8a] Compile        : SDL2 <= SDL_sysurl.c
rm -f /home/babak/abg_analyzer_pro/.buildozer/android/platform/build-arm64-v8a/build/bootstrap_builds/sdl2/obj/local/arm64-v8a/objs-debug/SDL2/src/misc/android/SDL_sysurl.o
/usr/bin/ccache /home/babak/.buildozer/android/platform/android-ndk-r27c/toolchains/llvm/prebuilt/linux-x86_64/bin/clang -MMD -MP -MF /home/babak/abg_analyzer_pro/.buildozer/android/platform/build-arm64-v8a/build/bootstrap_builds/sdl2/obj/local/arm64-v8a/objs-debug/SDL2/src/misc/android/SDL_sysurl.o.d -target aarch64-none-linux-android24 -fdata-sections -ffunction-sections -fstack-protector-strong -funwind-tables -no-canonical-prefixes  --sysroot /home/babak/.buildozer/android/platform/android-ndk-r27c/toolchains/llvm/prebuilt/linux-x86_64/sysroot -g -Wno-invalid-command-line-argument -Wno-unused-command-line-argument  -D_FORTIFY_SOURCE=2 -fpic -O0 -UNDEBUG -fno-limit-debug-info  -I/home/babak/abg_analyzer_pro/.buildozer/android/platform/build-arm64-v8a/build/bootstrap_builds/sdl2/jni/SDL/include -I/home/babak/.buildozer/android/platform/android-ndk-r27c/sources/android/cpufeatures -I/home/babak/abg_analyzer_pro/.buildozer/android/platform/build-arm64-v8a/build/bootstrap_builds/sdl2/jni/SDL   -DANDROID -DGL_GLEXT_PROTOTYPES -Wall -Wextra -Wdocumentation -Wmissing-prototypes -Wunreachable-code-break -Wunneeded-internal-declaration -Wmissing-variable-declarations -Wfloat-conversion -Wshorten-64-to-32 -Wunreachable-code-return -Wshift-sign-overflow -Wstrict-prototypes -Wkeyword-macro -Wno-unused-parameter -Wno-sign-compare -Wformat -Werror=format-security  -c  /home/babak/abg_analyzer_pro/.buildozer/android/platform/build-arm64-v8a/build/bootstrap_builds/sdl2/jni/SDL/src/misc/android/SDL_sysurl.c -o /home/babak/abg_analyzer_pro/.buildozer/android/platform/build-arm64-v8a/build/bootstrap_builds/sdl2/obj/local/arm64-v8a/objs-debug/SDL2/src/misc/android/SDL_sysurl.o
[arm64-v8a] Compile        : SDL2 <= SDL_power.c
rm -f /home/babak/abg_analyzer_pro/.buildozer/android/platform/build-arm64-v8a/build/bootstrap_builds/sdl2/obj/local/arm64-v8a/objs-debug/SDL2/src/power/SDL_power.o
/usr/bin/ccache /home/babak/.buildozer/android/platform/android-ndk-r27c/toolchains/llvm/prebuilt/linux-x86_64/bin/clang -MMD -MP -MF /home/babak/abg_analyzer_pro/.buildozer/android/platform/build-arm64-v8a/build/bootstrap_builds/sdl2/obj/local/arm64-v8a/objs-debug/SDL2/src/power/SDL_power.o.d -target aarch64-none-linux-android24 -fdata-sections -ffunction-sections -fstack-protector-strong -funwind-tables -no-canonical-prefixes  --sysroot /home/babak/.buildozer/android/platform/android-ndk-r27c/toolchains/llvm/prebuilt/linux-x86_64/sysroot -g -Wno-invalid-command-line-argument -Wno-unused-command-line-argument  -D_FORTIFY_SOURCE=2 -fpic -O0 -UNDEBUG -fno-limit-debug-info  -I/home/babak/abg_analyzer_pro/.buildozer/android/platform/build-arm64-v8a/build/bootstrap_builds/sdl2/jni/SDL/include -I/home/babak/.buildozer/android/platform/android-ndk-r27c/sources/android/cpufeatures -I/home/babak/abg_analyzer_pro/.buildozer/android/platform/build-arm64-v8a/build/bootstrap_builds/sdl2/jni/SDL   -DANDROID -DGL_GLEXT_PROTOTYPES -Wall -Wextra -Wdocumentation -Wmissing-prototypes -Wunreachable-code-break -Wunneeded-internal-declaration -Wmissing-variable-declarations -Wfloat-conversion -Wshorten-64-to-32 -Wunreachable-code-return -Wshift-sign-overflow -Wstrict-prototypes -Wkeyword-macro -Wno-unused-parameter -Wno-sign-compare -Wformat -Werror=format-security  -c  /home/babak/abg_analyzer_pro/.buildozer/android/platform/build-arm64-v8a/build/bootstrap_builds/sdl2/jni/SDL/src/power/SDL_power.c -o /home/babak/abg_analyzer_pro/.buildozer/android/platform/build-arm64-v8a/build/bootstrap_builds/sdl2/obj/local/arm64-v8a/objs-debug/SDL2/src/power/SDL_power.o
[arm64-v8a] Compile        : SDL2 <= SDL_syspower.c
rm -f /home/babak/abg_analyzer_pro/.buildozer/android/platform/build-arm64-v8a/build/bootstrap_builds/sdl2/obj/local/arm64-v8a/objs-debug/SDL2/src/power/android/SDL_syspower.o
/usr/bin/ccache /home/babak/.buildozer/android/platform/android-ndk-r27c/toolchains/llvm/prebuilt/linux-x86_64/bin/clang -MMD -MP -MF /home/babak/abg_analyzer_pro/.buildozer/android/platform/build-arm64-v8a/build/bootstrap_builds/sdl2/obj/local/arm64-v8a/objs-debug/SDL2/src/power/android/SDL_syspower.o.d -target aarch64-none-linux-android24 -fdata-sections -ffunction-sections -fstack-protector-strong -funwind-tables -no-canonical-prefixes  --sysroot /home/babak/.buildozer/android/platform/android-ndk-r27c/toolchains/llvm/prebuilt/linux-x86_64/sysroot -g -Wno-invalid-command-line-argument -Wno-unused-command-line-argument  -D_FORTIFY_SOURCE=2 -fpic -O0 -UNDEBUG -fno-limit-debug-info  -I/home/babak/abg_analyzer_pro/.buildozer/android/platform/build-arm64-v8a/build/bootstrap_builds/sdl2/jni/SDL/include -I/home/babak/.buildozer/android/platform/android-ndk-r27c/sources/android/cpufeatures -I/home/babak/abg_analyzer_pro/.buildozer/android/platform/build-arm64-v8a/build/bootstrap_builds/sdl2/jni/SDL   -DANDROID -DGL_GLEXT_PROTOTYPES -Wall -Wextra -Wdocumentation -Wmissing-prototypes -Wunreachable-code-break -Wunneeded-internal-declaration -Wmissing-variable-declarations -Wfloat-conversion -Wshorten-64-to-32 -Wunreachable-code-return -Wshift-sign-overflow -Wstrict-prototypes -Wkeyword-macro -Wno-unused-parameter -Wno-sign-compare -Wformat -Werror=format-security  -c  /home/babak/abg_analyzer_pro/.buildozer/android/platform/build-arm64-v8a/build/bootstrap_builds/sdl2/jni/SDL/src/power/android/SDL_syspower.c -o /home/babak/abg_analyzer_pro/.buildozer/android/platform/build-arm64-v8a/build/bootstrap_builds/sdl2/obj/local/arm64-v8a/objs-debug/SDL2/src/power/android/SDL_syspower.o
[arm64-v8a] Compile        : SDL2 <= SDL_sysfilesystem.c
rm -f /home/babak/abg_analyzer_pro/.buildozer/android/platform/build-arm64-v8a/build/bootstrap_builds/sdl2/obj/local/arm64-v8a/objs-debug/SDL2/src/filesystem/android/SDL_sysfilesystem.o
/usr/bin/ccache /home/babak/.buildozer/android/platform/android-ndk-r27c/toolchains/llvm/prebuilt/linux-x86_64/bin/clang -MMD -MP -MF /home/babak/abg_analyzer_pro/.buildozer/android/platform/build-arm64-v8a/build/bootstrap_builds/sdl2/obj/local/arm64-v8a/objs-debug/SDL2/src/filesystem/android/SDL_sysfilesystem.o.d -target aarch64-none-linux-android24 -fdata-sections -ffunction-sections -fstack-protector-strong -funwind-tables -no-canonical-prefixes  --sysroot /home/babak/.buildozer/android/platform/android-ndk-r27c/toolchains/llvm/prebuilt/linux-x86_64/sysroot -g -Wno-invalid-command-line-argument -Wno-unused-command-line-argument  -D_FORTIFY_SOURCE=2 -fpic -O0 -UNDEBUG -fno-limit-debug-info  -I/home/babak/abg_analyzer_pro/.buildozer/android/platform/build-arm64-v8a/build/bootstrap_builds/sdl2/jni/SDL/include -I/home/babak/.buildozer/android/platform/android-ndk-r27c/sources/android/cpufeatures -I/home/babak/abg_analyzer_pro/.buildozer/android/platform/build-arm64-v8a/build/bootstrap_builds/sdl2/jni/SDL   -DANDROID -DGL_GLEXT_PROTOTYPES -Wall -Wextra -Wdocumentation -Wmissing-prototypes -Wunreachable-code-break -Wunneeded-internal-declaration -Wmissing-variable-declarations -Wfloat-conversion -Wshorten-64-to-32 -Wunreachable-code-return -Wshift-sign-overflow -Wstrict-prototypes -Wkeyword-macro -Wno-unused-parameter -Wno-sign-compare -Wformat -Werror=format-security  -c  /home/babak/abg_analyzer_pro/.buildozer/android/platform/build-arm64-v8a/build/bootstrap_builds/sdl2/jni/SDL/src/filesystem/android/SDL_sysfilesystem.c -o /home/babak/abg_analyzer_pro/.buildozer/android/platform/build-arm64-v8a/build/bootstrap_builds/sdl2/obj/local/arm64-v8a/objs-debug/SDL2/src/filesystem/android/SDL_sysfilesystem.o
[arm64-v8a] Compile        : SDL2 <= SDL_sensor.c
rm -f /home/babak/abg_analyzer_pro/.buildozer/android/platform/build-arm64-v8a/build/bootstrap_builds/sdl2/obj/local/arm64-v8a/objs-debug/SDL2/src/sensor/SDL_sensor.o
/usr/bin/ccache /home/babak/.buildozer/android/platform/android-ndk-r27c/toolchains/llvm/prebuilt/linux-x86_64/bin/clang -MMD -MP -MF /home/babak/abg_analyzer_pro/.buildozer/android/platform/build-arm64-v8a/build/bootstrap_builds/sdl2/obj/local/arm64-v8a/objs-debug/SDL2/src/sensor/SDL_sensor.o.d -target aarch64-none-linux-android24 -fdata-sections -ffunction-sections -fstack-protector-strong -funwind-tables -no-canonical-prefixes  --sysroot /home/babak/.buildozer/android/platform/android-ndk-r27c/toolchains/llvm/prebuilt/linux-x86_64/sysroot -g -Wno-invalid-command-line-argument -Wno-unused-command-line-argument  -D_FORTIFY_SOURCE=2 -fpic -O0 -UNDEBUG -fno-limit-debug-info  -I/home/babak/abg_analyzer_pro/.buildozer/android/platform/build-arm64-v8a/build/bootstrap_builds/sdl2/jni/SDL/include -I/home/babak/.buildozer/android/platform/android-ndk-r27c/sources/android/cpufeatures -I/home/babak/abg_analyzer_pro/.buildozer/android/platform/build-arm64-v8a/build/bootstrap_builds/sdl2/jni/SDL   -DANDROID -DGL_GLEXT_PROTOTYPES -Wall -Wextra -Wdocumentation -Wmissing-prototypes -Wunreachable-code-break -Wunneeded-internal-declaration -Wmissing-variable-declarations -Wfloat-conversion -Wshorten-64-to-32 -Wunreachable-code-return -Wshift-sign-overflow -Wstrict-prototypes -Wkeyword-macro -Wno-unused-parameter -Wno-sign-compare -Wformat -Werror=format-security  -c  /home/babak/abg_analyzer_pro/.buildozer/android/platform/build-arm64-v8a/build/bootstrap_builds/sdl2/jni/SDL/src/sensor/SDL_sensor.c -o /home/babak/abg_analyzer_pro/.buildozer/android/platform/build-arm64-v8a/build/bootstrap_builds/sdl2/obj/local/arm64-v8a/objs-debug/SDL2/src/sensor/SDL_sensor.o
/home/babak/abg_analyzer_pro/.buildozer/android/platform/build-arm64-v8a/build/bootstrap_builds/sdl2/jni/SDL/src/sensor/SDL_sensor.c:111:41: warning: a function declaration without a prototype is deprecated in all versions of C [-Wstrict-prototypes]
  111 | SDL_SensorID SDL_GetNextSensorInstanceID()
      |                                         ^
      |                                          void
1 warning generated.
[arm64-v8a] Compile        : SDL2 <= SDL_androidsensor.c
rm -f /home/babak/abg_analyzer_pro/.buildozer/android/platform/build-arm64-v8a/build/bootstrap_builds/sdl2/obj/local/arm64-v8a/objs-debug/SDL2/src/sensor/android/SDL_androidsensor.o
/usr/bin/ccache /home/babak/.buildozer/android/platform/android-ndk-r27c/toolchains/llvm/prebuilt/linux-x86_64/bin/clang -MMD -MP -MF /home/babak/abg_analyzer_pro/.buildozer/android/platform/build-arm64-v8a/build/bootstrap_builds/sdl2/obj/local/arm64-v8a/objs-debug/SDL2/src/sensor/android/SDL_androidsensor.o.d -target aarch64-none-linux-android24 -fdata-sections -ffunction-sections -fstack-protector-strong -funwind-tables -no-canonical-prefixes  --sysroot /home/babak/.buildozer/android/platform/android-ndk-r27c/toolchains/llvm/prebuilt/linux-x86_64/sysroot -g -Wno-invalid-command-line-argument -Wno-unused-command-line-argument  -D_FORTIFY_SOURCE=2 -fpic -O0 -UNDEBUG -fno-limit-debug-info  -I/home/babak/abg_analyzer_pro/.buildozer/android/platform/build-arm64-v8a/build/bootstrap_builds/sdl2/jni/SDL/include -I/home/babak/.buildozer/android/platform/android-ndk-r27c/sources/android/cpufeatures -I/home/babak/abg_analyzer_pro/.buildozer/android/platform/build-arm64-v8a/build/bootstrap_builds/sdl2/jni/SDL   -DANDROID -DGL_GLEXT_PROTOTYPES -Wall -Wextra -Wdocumentation -Wmissing-prototypes -Wunreachable-code-break -Wunneeded-internal-declaration -Wmissing-variable-declarations -Wfloat-conversion -Wshorten-64-to-32 -Wunreachable-code-return -Wshift-sign-overflow -Wstrict-prototypes -Wkeyword-macro -Wno-unused-parameter -Wno-sign-compare -Wformat -Werror=format-security  -c  /home/babak/abg_analyzer_pro/.buildozer/android/platform/build-arm64-v8a/build/bootstrap_builds/sdl2/jni/SDL/src/sensor/android/SDL_androidsensor.c -o /home/babak/abg_analyzer_pro/.buildozer/android/platform/build-arm64-v8a/build/bootstrap_builds/sdl2/obj/local/arm64-v8a/objs-debug/SDL2/src/sensor/android/SDL_androidsensor.o
/home/babak/abg_analyzer_pro/.buildozer/android/platform/build-arm64-v8a/build/bootstrap_builds/sdl2/jni/SDL/src/sensor/android/SDL_androidsensor.c:164:9: error: 'ALooper_pollAll' is unavailable: obsoleted in Android 1 - ALooper_pollAll may ignore wakes. Use ALooper_pollOnce instead. See The API documentation for more information
  164 |     if (ALooper_pollAll(0, NULL, &events, (void **)&source) == LOOPER_ID_USER) {
      |         ^
/home/babak/.buildozer/android/platform/android-ndk-r27c/toolchains/llvm/prebuilt/linux-x86_64/sysroot/usr/include/android/looper.h:228:5: note: 'ALooper_pollAll' has been explicitly marked unavailable here
  228 | int ALooper_pollAll(int timeoutMillis, int* outFd, int* outEvents, void** outData)
      |     ^
1 error generated.
make: *** [/home/babak/.buildozer/android/platform/android-ndk-r27c/build/core/build-binary.mk:420: /home/babak/abg_analyzer_pro/.buildozer/android/platform/build-arm64-v8a/build/bootstrap_builds/sdl2/obj/local/arm64-v8a/objs-debug/SDL2/src/sensor/android/SDL_androidsensor.o] Error 1


  STDERR:

Traceback (most recent call last):
  File "/usr/lib/python3.10/runpy.py", line 196, in _run_module_as_main
    return _run_code(code, main_globals, None,
  File "/usr/lib/python3.10/runpy.py", line 86, in _run_code
    exec(code, run_globals)
  File "/home/babak/abg_analyzer_pro/.buildozer/android/platform/python-for-android/pythonforandroid/toolchain.py", line 1256, in <module>
    main()
  File "/home/babak/abg_analyzer_pro/.buildozer/android/platform/python-for-android/pythonforandroid/entrypoints.py", line 18, in main
    ToolchainCL()
  File "/home/babak/abg_analyzer_pro/.buildozer/android/platform/python-for-android/pythonforandroid/toolchain.py", line 685, in __init__
    getattr(self, command)(args)
  File "/home/babak/abg_analyzer_pro/.buildozer/android/platform/python-for-android/pythonforandroid/toolchain.py", line 104, in wrapper_func
    build_dist_from_args(ctx, dist, args)
  File "/home/babak/abg_analyzer_pro/.buildozer/android/platform/python-for-android/pythonforandroid/toolchain.py", line 163, in build_dist_from_args
    build_recipes(build_order, python_modules, ctx,
  File "/home/babak/abg_analyzer_pro/.buildozer/android/platform/python-for-android/pythonforandroid/build.py", line 504, in build_recipes
    recipe.build_arch(arch)
  File "/home/babak/abg_analyzer_pro/.buildozer/android/platform/python-for-android/pythonforandroid/recipes/sdl2/__init__.py", line 32, in build_arch
    shprint(
  File "/home/babak/abg_analyzer_pro/.buildozer/android/platform/python-for-android/pythonforandroid/logger.py", line 167, in shprint
    for line in output:
  File "/home/babak/.local/lib/python3.10/site-packages/sh.py", line 915, in next
    self.wait()
  File "/home/babak/.local/lib/python3.10/site-packages/sh.py", line 845, in wait
    self.handle_command_exit_code(exit_code)
  File "/home/babak/.local/lib/python3.10/site-packages/sh.py", line 869, in handle_command_exit_code
    raise exc
sh.ErrorReturnCode_2: 

  RAN: /home/babak/.buildozer/android/platform/android-ndk-r27c/ndk-build V=1 NDK_DEBUG=1

  STDOUT:
Android NDK: WARNING:/home/babak/abg_analyzer_pro/.buildozer/android/platform/build-arm64-v8a/build/bootstrap_builds/sdl2/jni/application/src/Android.mk:main: non-system libraries in linker flags: -lpython3.11    
Android NDK:     This is likely to result in incorrect builds. Try using LOCAL_STATIC_LIBRARIES    
Android NDK:     or LOCAL_SHARED_LIBRARIES instead to list the library dependencies of the    
Android NDK:     current module    
/home/babak/.buildozer/android/platform/android-ndk-r27c/build/core/build-binary.mk:590: Android NDK: Module main depends on undefined modules: python_shared    
rm -f /home/babak/abg_analyzer_pro/.buildozer/android/platform/build-arm64-v8a/build/bootstrap_builds/sdl2/libs/arm64-v8a/*
[arm64-v8a] Compile        : SDL2 <= SDL.c
rm -f /home/babak/abg_analyzer_pro/.buildozer/android/platform/build-arm64-v8a/build/bootstrap_builds/sdl2/obj/local/arm64-v8a/objs-debug/SDL2/src/SDL.o
/usr/bin/ccache /home/babak/.buildozer/android/platform/android-ndk-r27c/toolchains/llvm/prebuilt/linux-x86_64/bin/clang -MMD -MP -MF /home/babak/abg_analyzer_pro/.buildozer/android/platform/build-arm64-v8a/build/bootstrap_builds/sdl2/obj/local/arm64-v8a/objs-debug/SDL2/src/SDL.o.d -target aarch64-none-linux-android24 -fdata-sections -ffunction-sections -fstack-protector-strong -funwind-tables -no-canonical-prefixes  --sysroot /home/babak/.buildozer/android/platform/android-ndk-r27c/toolchains/llvm/prebuilt/linux-x86_64/sysroot -g -Wno-invalid-command-line-argument -Wno-unused-command-line-argument  -D_FORTIFY_SOURCE=2 -fpic -O0 -UNDEBUG -fno-limit-debug-info  -I/home/babak/abg_analyzer_pro/.buildozer/android/platform/build-arm64-v8a/build/bootstrap_builds/sdl2/jni/SDL/include -I/home/babak/.buildozer/android/platform/android-ndk-r27c/sources/android/cpufeatures -I/home/babak/abg_analyzer_pro/.buildozer/android/platform/build-arm64-v8a/build/bootstrap_builds/sdl2/jni/SDL   -DANDROID -DGL_GLEXT_PROTOTYPES -Wall -Wextra -Wdocumentation -Wmissing-prototypes -Wunreachable-code-break -Wunneeded-internal-declaration -Wmissing-variable-declarations -Wfloat-conversion -Wshorten-64-to-32 -Wunreachable-code-return -Wshift-sign-overflow -Wstrict-prototypes -Wkeyword-macro -Wno-unused-parameter -Wno-sign-compare -Wformat -Werror=format-security  -c  /home/babak/abg_analyzer_pro/.buildozer/android/platform/build-arm64-v8a/build/bootstrap_builds/sdl2/jni/SDL/src/SDL.c -o /home/babak/abg_analyzer_pro/.buildozer/android/platform/build-arm64-v8a/build/bootstrap_builds/sdl2/obj/local/arm64-v8a/objs-debug/SDL2/src/SDL.o
[arm64-v8a] Compile        : SDL2 <= SDL_assert.c
rm -f /home/babak/abg_analyzer_pro/.buildozer/android/platform/build-arm64-v8a/build/bootstrap_builds/sdl2/obj/local/arm64-v8a/objs-debug/SDL2/src/SDL_assert.o
/usr/bin/ccache /home/babak/.buildozer/android/platform/android-ndk-r27c/toolchains/llvm/prebuilt/linux-x86_64/bin/clang -MMD -MP -MF /home/babak/abg_analyzer_pro/.buildozer/android/platform/build-arm64-v8a/build/bootstrap_builds/sdl2/obj/local/arm64-v8a/objs-debug/SDL2/src/SDL_assert.o.d -target aarch64-none-linux-android24 -fdata-sections -ffunction-sections -fstack-protector-strong -funwind-tables -no-canonical-prefixes  --sysroot /home/babak/.buildozer/android/platform/android-ndk-r27c/toolchains/llvm/prebuilt/linux-x86_64/sysroot -g -Wno-invalid-command-line-argument -Wno-unused-command-line-argument  -D_FORTIFY_SOURCE=2 -fpic -O0 -UNDEBUG -fno-limit-debug-info  -I/home/babak/abg_analyzer_pro/.buildozer/android/platform/build-arm64-v8a/build/bootstrap_builds/sdl2/jni/SDL/include -I/home/babak/.buildozer/android/platform/android-ndk-r27c/sources/android/cpufeatures -I/home/babak/abg_analyzer_pro/.buildozer/android/platform/build-arm64-v8a/build/bootstrap_builds/sdl2/jni/SDL   -DANDROID -DGL_GLEXT_PROTOTYPES -Wall -Wextra -Wdocumentation -Wmissing-prototypes -Wunreachable-code-break -Wunneeded-internal-declaration -Wmissing-variable-declarations -Wfloat-conversion -Wshorten-64-to-32 -Wunreachable-code-return -Wshift-sign-overflow -Wstrict-prototypes -Wkeyword-macro -Wno-unused-parameter -Wno-sign-compare -Wformat -Werror=format-security  -c  /home/babak/abg_analyzer_pro/.buildozer/android/platform/build-arm64-v8a/build/bootstrap_builds/sdl2/jni/SDL/src/SDL_assert.c -o /home/babak/abg_analyzer_pro/.buildozer/android/platform/build-arm64-v8a/build/bootstrap_builds/sdl2/obj/local/arm64-v8a/objs-debug/SDL2/src/SDL_assert.o
[arm64-v8a] Compile        : SDL2 <= SDL_dataqueue.c
rm -f /home/babak/abg_analyzer_pro/.buildozer/android/platform/build-arm64-v8a/build/bootstrap_builds/sdl2/obj/local/arm64-v8a/objs-debug/SDL2/src/SDL_dataqueue.o
/usr/bin/ccache /home/babak/.buildozer/android/platform/android-ndk-r27c/toolchains/llvm/prebuilt/linux-x86_64/bin/clang -MMD -MP -MF /home/babak/abg_analyzer_pro/.buildozer/android/platform/build-arm64-v8a/build/bootstrap_builds/sdl2/obj/local/arm64-v8a/objs-debug/SDL2/src/SDL_dataqueue.o.d -target aarch64-none-linux-android24 -fdata-sections -ffunction-sections -fstack-protector-strong -funwind-tables -no-canonical-prefixes  --sysroot /home/babak/.buildozer/android/platform/android-ndk-r27c/toolchains/llvm/prebuilt/linux-x86_64/sysroot -g -Wno-invalid-command-line-argument -Wno-unused-command-line-argument  -D_FORTIFY_SOURCE=2 -fpic -O0 -UNDEBUG -fno-limit-debug-info  -I/home/babak/abg_analyzer_pro/.buildozer/android/platform/build-arm64-v8a/build/bootstrap_builds/sdl2/jni/SDL/include -I/home/babak/.buildozer/android/platform/android-ndk-r27c/sources/android/cpufeatures -I/home/babak/abg_analyzer_pro/.buildozer/android/platform/build-arm64-v8a/build/bootstrap_builds/sdl2/jni/SDL   -DANDROID -DGL_GLEXT_PROTOTYPES -Wall -Wextra -Wdocumentation -Wmissing-prototypes -Wunreachable-code-break -Wunneeded-internal-declaration -Wmissing-variable-declarations -Wfloat-conversion -Wshorten-64-to-32 -Wunreachable-code-return -Wshift-sign-overflow -Wstrict-prototypes -Wkeyword-macro -Wno-unused-parameter -Wno-sign-compare -Wformat -Werror=format-security  -c  /home/babak/abg_analyzer_pro/.buildozer/android/platform/build-arm64-v8a/build/bootstrap_builds/sdl2/jni/SDL/src/SDL_dataqueue.c -o /home/babak/abg_analyzer_pro/.buildozer/android/platform/build-arm64-v8a/build/bootstrap_builds/sdl2/obj/local/arm64-v8a/objs-debug/SDL2/src/SDL_dataqueue.o
[arm64-v8a] Compile        : SDL2 <= SDL_error.c
rm -f /home/babak/abg_analyzer_pro/.buildozer/android/platform/build-arm64-v8a/build/bootstrap_builds/sdl2/obj/local/arm64-v8a/objs-debug/SDL2/src/SDL_error.o
/usr/bin/ccache /home/babak/.buildozer/android/platform/android-ndk-r27c/toolchains/llvm/prebuilt/linux-x86_64/bin/clang -MMD -MP -MF /home/babak/abg_analyzer_pro/.buildozer/android/platform/build-arm64-v8a/build/bootstrap_builds/sdl2/obj/local/arm64-v8a/objs-debug/SDL2/src/SDL_error.o.d -target aarch64-none-linux-android24 -fdata-sections -ffunction-sections -fstack-protector-strong -funwind-tables -no-canonical-prefixes  --sysroot /home/babak/.buildozer/android/platform/android-ndk-r27c/toolchains/llvm/prebuilt/linux-x86_64/sysroot -g -Wno-invalid-command-line-argument -Wno-unused-command-line-argument  -D_FORTIFY_SOURCE=2 -fpic -O0 -UNDEBUG -fno-limit-debug-info  -I/home/babak/abg_analyzer_pro/.buildozer/android/platform/build-arm64-v8a/build/bootstrap_builds/sdl2/jni/SDL/include -I/home/babak/.buildozer/android/platform/android-ndk-r27c/sources/android/cpufeatures -I/home/babak/abg_analyzer_pro/.buildozer/android/platform/build-arm64-v8a/build/bootstrap_builds/sdl2/jni/SDL   -DANDROID -DGL_GLEXT_PROTOTYPES -Wall -Wextra -Wdocumentation -Wmissing-prototypes -Wunreachable-code-break -Wunneeded-internal-declaration -Wmissing-variable-declarations -Wfloat-conversion -Wshorten-64-to-32 -Wunreachable-code-return -Wshift-sign-overflow -Wstrict-prototypes -Wkeyword-macro -Wno-unused-parameter -Wno-sign-compare -Wformat -Werror=format-security  -c  /home/babak/abg_analyzer_pro/.buildozer/android/platform/build-arm64-v8a/build/bootstrap_builds/sdl2/jni/SDL/src/SDL_error.c -o /home/babak/abg_analyzer_pro/.buildozer/android/platform/build-arm64-v8a/build/bootstrap_builds/sdl2/obj/local/arm64-v8a/objs-debug/SDL2/src/SDL_error.o
[arm64-v8a] Compile        : SDL2 <= SDL_guid.c
rm -f /home/babak/abg_analyzer_pro/.buildozer/android/platform/build-arm64-v8a/build/bootstrap_builds/sdl2/obj/local/arm64-v8a/objs-debug/SDL2/src/SDL_guid.o
/usr/bin/ccache /home/babak/.buildozer/android/platform/android-ndk-r27c/toolchains/llvm/prebuilt/linux-x86_64/bin/clang -MMD -MP -MF /home/babak/abg_analyzer_pro/.buildozer/android/platform/build-arm64-v8a/build/bootstrap_builds/sdl2/obj/local/arm64-v8a/objs-debug/SDL2/src/SDL_guid.o.d -target aarch64-none-linux-android24 -fdata-sections -ffunction-sections -fstack-protector-strong -funwind-tables -no-canonical-prefixes  --sysroot /home/babak/.buildozer/android/platform/android-ndk-r27c/toolchains/llvm/prebuilt/linux-x86_64/sysroot -g -Wno-invalid-command-line-argument -Wno-unused-command-line-argument  -D_FORTIFY_SOURCE=2 -fpic -O0 -UNDEBUG -fno-limit-debug-info  -I/home/babak/abg_analyzer_pro/.buildozer/android/platform/build-arm64-v8a/build/bootstrap_builds/sdl2/jni/SDL/include -I/home/babak/.buildozer/android/platform/android-ndk-r27c/sources/android/cpufeatures -I/home/babak/abg_analyzer_pro/.buildozer/android/platform/build-arm64-v8a/build/bootstrap_builds/sdl2/jni/SDL   -DANDROID -DGL_GLEXT_PROTOTYPES -Wall -Wextra -Wdocumentation -Wmissing-prototypes -Wunreachable-code-break -Wunneeded-internal-declaration -Wmissing-variable-declarations -Wfloat-conversion -Wshorten-64-to-32 -Wunreachable-code-return -Wshift-sign-overflow -Wstrict-prototypes -Wkeyword-macro -Wno-unused-parameter -Wno-sign-compare -Wformat -Werror=format-security  -c  /home/babak/abg_analyzer_pro/.buildozer/android/platform/build-arm64-v8a/build/bootstrap_builds/sdl2/jni/SDL/src/SDL_guid.c -o /home/babak/abg_analyzer_pro/.buildozer/android/platform/build-arm64-v8a/build/bootstrap_builds/sdl2/obj/local/arm64-v8a/objs-debug/SDL2/src/SDL_guid.o
[arm64-v8a] Compile        : SDL2 <= SDL_hints.c
rm -f /home/babak/abg_analyzer_pro/.buildozer/android/platform/build-arm64-v8a/build/bootstrap_builds/sdl2/obj/local/arm64-v8a/objs-debug/SDL2/src/SDL_hints.o
/usr/bin/ccache /home/babak/.buildozer/android/platform/android-ndk-r27c/toolchains/llvm/prebuilt/linux-x86_64/bin/clang -MMD -MP -MF /home/babak/abg_analyzer_pro/.buildozer/android/platform/build-arm64-v8a/build/bootstrap_builds/sdl2/obj/local/arm64-v8a/objs-debug/SDL2/src/SDL_hints.o.d -target aarch64-none-linux-android24 -fdata-sections -ffunction-sections -fstack-protector-strong -funwind-tables -no-canonical-prefixes  --sysroot /home/babak/.buildozer/android/platform/android-ndk-r27c/toolchains/llvm/prebuilt/linux-x86_64/sysroot -g -Wno-invalid-command-line-argument -Wno-unused-command-line-argument  -D_FORTIFY_SOURCE=2 -fpic -O0 -UNDEBUG -fno-limit-debug-info  -I/home/babak/abg_analyzer_pro/.buildozer/android/platform/build-arm64-v8a/build/bootstrap_builds/sdl2/jni/SDL/include -I/home/babak/.buildozer/android/platform/android-ndk-r27c/sources/android/cpufeatures -I/home/babak/abg_analyzer_pro/.buildozer/android/platform/build-arm64-v8a/build/bootstrap_builds/sdl2/jni/SDL   -DANDROID -DGL_GLEXT_PROTOTYPES -Wall -Wextra -Wdocumentation -Wmissing-prototypes -Wunreachable-code-break -Wunneeded-internal-declaration -Wmissing-variable-declarations -Wfloat-conversion -Wshorten-64-to-32 -Wunreachable-code-return -Wshift-sign-overflow -Wstrict-prototypes -Wkeyword-macro -Wno-unused-parameter -Wno-sign-compare -Wformat -Werror=format-security  -c  /home/babak/abg_analyzer_pro/.buildozer/android/platform/build-arm64-v8a/build/bootstrap_builds/sdl2/jni/SDL/src/SDL_hints.c -o /home/babak/abg_analyzer_pro/.buildozer/android/platform/build-arm64-v8a/build/bootstrap_builds/sdl2/obj/local/arm64-v8a/objs-debug/SDL2/src/SDL_hints.o
[arm64-v8a] Compile        : SDL2 <= SDL_list.c
rm -f /home/babak/abg_analyzer_pro/.buildozer/android/platform/build-arm64-v8a/build/bootstrap_builds/sdl2/obj/local/arm64-v8a/objs-debug/SDL2/src/SDL_list.o
/usr/bin/ccache /home/babak/.buildozer/android/platform/android-ndk-r27c/toolchains/llvm/prebuilt/linux-x86_64/bin/clang -MMD -MP -MF /home/babak/abg_analyzer_pro/.buildozer/android/platform/build-arm64-v8a/build/bootstrap_builds/sdl2/obj/local/arm64-v8a/objs-debug/SDL2/src/SDL_list.o.d -target aarch64-none-linux-android24 -fdata-sections -ffunction-sections -fstack-protector-strong -funwind-tables -no-canonical-prefixes  --sysroot /home/babak/.buildozer/android/platform/android-ndk-r27c/toolchains/llvm/prebuilt/linux-x86_64/sysroot -g -Wno-invalid-command-line-argument -Wno-unused-command-line-argument  -D_FORTIFY_SOURCE=2 -fpic -O0 -UNDEBUG -fno-limit-debug-info  -I/home/babak/abg_analyzer_pro/.buildozer/android/platform/build-arm64-v8a/build/bootstrap_builds/sdl2/jni/SDL/include -I/home/babak/.buildozer/android/platform/android-ndk-r27c/sources/android/cpufeatures -I/home/babak/abg_analyzer_pro/.buildozer/android/platform/build-arm64-v8a/build/bootstrap_builds/sdl2/jni/SDL   -DANDROID -DGL_GLEXT_PROTOTYPES -Wall -Wextra -Wdocumentation -Wmissing-prototypes -Wunreachable-code-break -Wunneeded-internal-declaration -Wmissing-variable-declarations -Wfloat-conversion -Wshorten-64-to-32 -Wunreachable-code-return -Wshift-sign-overflow -Wstrict-prototypes -Wkeyword-macro -Wno-unused-parameter -Wno-sign-compare -Wformat -Werror=format-security  -c  /home/babak/abg_analyzer_pro/.buildozer/android/platform/build-arm64-v8a/build/bootstrap_builds/sdl2/jni/SDL/src/SDL_list.c -o /home/babak/abg_analyzer_pro/.buildozer/android/platform/build-arm64-v8a/build/bootstrap_builds/sdl2/obj/local/arm64-v8a/objs-debug/SDL2/src/SDL_list.o
[arm64-v8a] Compile        : SDL2 <= SDL_log.c
rm -f /home/babak/abg_analyzer_pro/.buildozer/android/platform/build-arm64-v8a/build/bootstrap_builds/sdl2/obj/local/arm64-v8a/objs-debug/SDL2/src/SDL_log.o
/usr/bin/ccache /home/babak/.buildozer/android/platform/android-ndk-r27c/toolchains/llvm/prebuilt/linux-x86_64/bin/clang -MMD -MP -MF /home/babak/abg_analyzer_pro/.buildozer/android/platform/build-arm64-v8a/build/bootstrap_builds/sdl2/obj/local/arm64-v8a/objs-debug/SDL2/src/SDL_log.o.d -target aarch64-none-linux-android24 -fdata-sections -ffunction-sections -fstack-protector-strong -funwind-tables -no-canonical-prefixes  --sysroot /home/babak/.buildozer/android/platform/android-ndk-r27c/toolchains/llvm/prebuilt/linux-x86_64/sysroot -g -Wno-invalid-command-line-argument -Wno-unused-command-line-argument  -D_FORTIFY_SOURCE=2 -fpic -O0 -UNDEBUG -fno-limit-debug-info  -I/home/babak/abg_analyzer_pro/.buildozer/android/platform/build-arm64-v8a/build/bootstrap_builds/sdl2/jni/SDL/include -I/home/babak/.buildozer/android/platform/android-ndk-r27c/sources/android/cpufeatures -I/home/babak/abg_analyzer_pro/.buildozer/android/platform/build-arm64-v8a/build/bootstrap_builds/sdl2/jni/SDL   -DANDROID -DGL_GLEXT_PROTOTYPES -Wall -Wextra -Wdocumentation -Wmissing-prototypes -Wunreachable-code-break -Wunneeded-internal-declaration -Wmissing-variable-declarations -Wfloat-conversion -Wshorten-64-to-32 -Wunreachable-code-return -Wshift-sign-overflow -Wstrict-prototypes -Wkeyword-macro -Wno-unused-parameter -Wno-sign-compare -Wformat -Werror=format-security  -c  /home/babak/abg_analyzer_pro/.buildozer/android/platform/build-arm64-v8a/build/bootstrap_builds/sdl2/jni/SDL/src/SDL_log.c -o /home/babak/abg_analyzer_pro/.buildozer/android/platform/build-arm64-v8a/build/bootstrap_builds/sdl2/obj/local/arm64-v8a/objs-debug/SDL2/src/SDL_log.o
[arm64-v8a] Compile        : SDL2 <= SDL_utils.c
rm -f /home/babak/abg_analyzer_pro/.buildozer/android/platform/build-arm64-v8a/build/bootstrap_builds/sdl2/obj/local/arm64-v8a/objs-debug/SDL2/src/SDL_utils.o
/usr/bin/ccache /home/babak/.buildozer/android/platform/android-ndk-r27c/toolchains/llvm/prebuilt/linux-x86_64/bin/clang -MMD -MP -MF /home/babak/abg_analyzer_pro/.buildozer/android/platform/build-arm64-v8a/build/bootstrap_builds/sdl2/obj/local/arm64-v8a/objs-debug/SDL2/src/SDL_utils.o.d -target aarch64-none-linux-android24 -fdata-sections -ffunction-sections -fstack-protector-strong -funwind-tables -no-canonical-prefixes  --sysroot /home/babak/.buildozer/android/platform/android-ndk-r27c/toolchains/llvm/prebuilt/linux-x86_64/sysroot -g -Wno-invalid-command-line-argument -Wno-unused-command-line-argument  -D_FORTIFY_SOURCE=2 -fpic -O0 -UNDEBUG -fno-limit-debug-info  -I/home/babak/abg_analyzer_pro/.buildozer/android/platform/build-arm64-v8a/build/bootstrap_builds/sdl2/jni/SDL/include -I/home/babak/.buildozer/android/platform/android-ndk-r27c/sources/android/cpufeatures -I/home/babak/abg_analyzer_pro/.buildozer/android/platform/build-arm64-v8a/build/bootstrap_builds/sdl2/jni/SDL   -DANDROID -DGL_GLEXT_PROTOTYPES -Wall -Wextra -Wdocumentation -Wmissing-prototypes -Wunreachable-code-break -Wunneeded-internal-declaration -Wmissing-variable-declarations -Wfloat-conversion -Wshorten-64-to-32 -Wunreachable-code-return -Wshift-sign-overflow -Wstrict-prototypes -Wkeyword-macro -Wno-unused-parameter -Wno-sign-compare -Wformat -Werror=format-security  -c  /home/babak/abg_analyzer_pro/.buildozer/android/platform/build-arm64-v8a/build/bootstrap_builds/sdl2/jni/SDL/src/SDL_utils.c -o /home/babak/abg_analyzer_pro/.buildozer/android/platform/build-arm64-v8a/build/bootstrap_builds/sdl2/obj/local/arm64-v8a/objs-debug/SDL2/src/SDL_utils.o
[arm64-v8a] Compile        : SDL2 <= SDL_audio.c
rm -f /home/babak/abg_analyzer_pro/.buildozer/android/platform/build-arm64-v8a/build/bootstrap_builds/sdl2/obj/local/arm64-v8a/objs-debug/SDL2/src/audio/SDL_audio.o
/usr/bin/ccache /home/babak/.buildozer/android/platform/android-ndk-r27c/toolchains/llvm/prebuilt/linux-x86_64/bin/clang -MMD -MP -MF /home/babak/abg_analyzer_pro/.buildozer/android/platform/build-arm64-v8a/build/bootstrap_builds/sdl2/obj/local/arm64-v8a/objs-debug/SDL2/src/audio/SDL_audio.o.d -target aarch64-none-linux-android24 -fdata-sections -ffunction-sections -fstack-protector-strong -funwind-tables -no-canonical-prefixes  --sysroot /home/babak/.buildozer/android/platform/android-ndk-r27c/toolchains/llvm/prebuilt/linux-x86_64/sysroot -g -Wno-invalid-command-line-argument -Wno-unused-command-line-argument  -D_FORTIFY_SOURCE=2 -fpic -O0 -UNDEBUG -fno-limit-debug-info  -I/home/babak/abg_analyzer_pro/.buildozer/android/platform/build-arm64-v8a/build/bootstrap_builds/sdl2/jni/SDL/include -I/home/babak/.buildozer/android/platform/android-ndk-r27c/sources/android/cpufeatures -I/home/babak/abg_analyzer_pro/.buildozer/android/platform/build-arm64-v8a/build/bootstrap_builds/sdl2/jni/SDL   -DANDROID -DGL_GLEXT_PROTOTYPES -Wall -Wextra -Wdocumentation -Wmissing-prototypes -Wunreachable-code-break -Wunneeded-internal-declaration -Wmissing-variable-declarations -Wfloat-conversion -Wshorten-64-to-32 -Wunreachable-code-return -Wshift-sign-overflow -Wstrict-prototypes -Wkeyword-macro -Wno-unused-parameter -Wno-sign-compare -Wformat -Werror=format-security  -c  /home/babak/abg_analyzer_pro/.buildozer/android/platform/build-arm64-v8a/build/bootstrap_builds/sdl2/jni/SDL/src/audio/SDL_audio.c -o /home/babak/abg_analyzer_pro/.buildozer/android/platform/build-arm64-v8a/build/bootstrap_builds/sdl2/obj/local/arm64-v8a/objs-debug/SDL2/src/audio/SDL_audio.o
/home/babak/abg_analyzer_pro/.buildozer/android/platform/build-arm64-v8a/build/bootstrap_builds/sdl2/jni/SDL/src/audio/SDL_audio.c:1012:38: warning: a function declaration without a prototype is deprecated in all versions of C [-Wstrict-prototypes]
 1012 | const char *SDL_GetCurrentAudioDriver()
      |                                      ^
      |                                       void
1 warning generated.
[arm64-v8a] Compile        : SDL2 <= SDL_audiocvt.c
rm -f /home/babak/abg_analyzer_pro/.buildozer/android/platform/build-arm64-v8a/build/bootstrap_builds/sdl2/obj/local/arm64-v8a/objs-debug/SDL2/src/audio/SDL_audiocvt.o
/usr/bin/ccache /home/babak/.buildozer/android/platform/android-ndk-r27c/toolchains/llvm/prebuilt/linux-x86_64/bin/clang -MMD -MP -MF /home/babak/abg_analyzer_pro/.buildozer/android/platform/build-arm64-v8a/build/bootstrap_builds/sdl2/obj/local/arm64-v8a/objs-debug/SDL2/src/audio/SDL_audiocvt.o.d -target aarch64-none-linux-android24 -fdata-sections -ffunction-sections -fstack-protector-strong -funwind-tables -no-canonical-prefixes  --sysroot /home/babak/.buildozer/android/platform/android-ndk-r27c/toolchains/llvm/prebuilt/linux-x86_64/sysroot -g -Wno-invalid-command-line-argument -Wno-unused-command-line-argument  -D_FORTIFY_SOURCE=2 -fpic -O0 -UNDEBUG -fno-limit-debug-info  -I/home/babak/abg_analyzer_pro/.buildozer/android/platform/build-arm64-v8a/build/bootstrap_builds/sdl2/jni/SDL/include -I/home/babak/.buildozer/android/platform/android-ndk-r27c/sources/android/cpufeatures -I/home/babak/abg_analyzer_pro/.buildozer/android/platform/build-arm64-v8a/build/bootstrap_builds/sdl2/jni/SDL   -DANDROID -DGL_GLEXT_PROTOTYPES -Wall -Wextra -Wdocumentation -Wmissing-prototypes -Wunreachable-code-break -Wunneeded-internal-declaration -Wmissing-variable-declarations -Wfloat-conversion -Wshorten-64-to-32 -Wunreachable-code-return -Wshift-sign-overflow -Wstrict-prototypes -Wkeyword-macro -Wno-unused-parameter -Wno-sign-compare -Wformat -Werror=format-security  -c  /home/babak/abg_analyzer_pro/.buildozer/android/platform/build-arm64-v8a/build/bootstrap_builds/sdl2/jni/SDL/src/audio/SDL_audiocvt.c -o /home/babak/abg_analyzer_pro/.buildozer/android/platform/build-arm64-v8a/build/bootstrap_builds/sdl2/obj/local/arm64-v8a/objs-debug/SDL2/src/audio/SDL_audiocvt.o
[arm64-v8a] Compile        : SDL2 <= SDL_audiodev.c
rm -f /home/babak/abg_analyzer_pro/.buildozer/android/platform/build-arm64-v8a/build/bootstrap_builds/sdl2/obj/local/arm64-v8a/objs-debug/SDL2/src/audio/SDL_audiodev.o
/usr/bin/ccache /home/babak/.buildozer/android/platform/android-ndk-r27c/toolchains/llvm/prebuilt/linux-x86_64/bin/clang -MMD -MP -MF /home/babak/abg_analyzer_pro/.buildozer/android/platform/build-arm64-v8a/build/bootstrap_builds/sdl2/obj/local/arm64-v8a/objs-debug/SDL2/src/audio/SDL_audiodev.o.d -target aarch64-none-linux-android24 -fdata-sections -ffunction-sections -fstack-protector-strong -funwind-tables -no-canonical-prefixes  --sysroot /home/babak/.buildozer/android/platform/android-ndk-r27c/toolchains/llvm/prebuilt/linux-x86_64/sysroot -g -Wno-invalid-command-line-argument -Wno-unused-command-line-argument  -D_FORTIFY_SOURCE=2 -fpic -O0 -UNDEBUG -fno-limit-debug-info  -I/home/babak/abg_analyzer_pro/.buildozer/android/platform/build-arm64-v8a/build/bootstrap_builds/sdl2/jni/SDL/include -I/home/babak/.buildozer/android/platform/android-ndk-r27c/sources/android/cpufeatures -I/home/babak/abg_analyzer_pro/.buildozer/android/platform/build-arm64-v8a/build/bootstrap_builds/sdl2/jni/SDL   -DANDROID -DGL_GLEXT_PROTOTYPES -Wall -Wextra -Wdocumentation -Wmissing-prototypes -Wunreachable-code-break -Wunneeded-internal-declaration -Wmissing-variable-declarations -Wfloat-conversion -Wshorten-64-to-32 -Wunreachable-code-return -Wshift-sign-overflow -Wstrict-prototypes -Wkeyword-macro -Wno-unused-parameter -Wno-sign-compare -Wformat -Werror=format-security  -c  /home/babak/abg_analyzer_pro/.buildozer/android/platform/build-arm64-v8a/build/bootstrap_builds/sdl2/jni/SDL/src/audio/SDL_audiodev.c -o /home/babak/abg_analyzer_pro/.buildozer/android/platform/build-arm64-v8a/build/bootstrap_builds/sdl2/obj/local/arm64-v8a/objs-debug/SDL2/src/audio/SDL_audiodev.o
[arm64-v8a] Compile        : SDL2 <= SDL_audiotypecvt.c
rm -f /home/babak/abg_analyzer_pro/.buildozer/android/platform/build-arm64-v8a/build/bootstrap_builds/sdl2/obj/local/arm64-v8a/objs-debug/SDL2/src/audio/SDL_audiotypecvt.o
/usr/bin/ccache /home/babak/.buildozer/android/platform/android-ndk-r27c/toolchains/llvm/prebuilt/linux-x86_64/bin/clang -MMD -MP -MF /home/babak/abg_analyzer_pro/.buildozer/android/platform/build-arm64-v8a/build/bootstrap_builds/sdl2/obj/local/arm64-v8a/objs-debug/SDL2/src/audio/SDL_audiotypecvt.o.d -target aarch64-none-linux-android24 -fdata-sections -ffunction-sections -fstack-protector-strong -funwind-tables -no-canonical-prefixes  --sysroot /home/babak/.buildozer/android/platform/android-ndk-r27c/toolchains/llvm/prebuilt/linux-x86_64/sysroot -g -Wno-invalid-command-line-argument -Wno-unused-command-line-argument  -D_FORTIFY_SOURCE=2 -fpic -O0 -UNDEBUG -fno-limit-debug-info  -I/home/babak/abg_analyzer_pro/.buildozer/android/platform/build-arm64-v8a/build/bootstrap_builds/sdl2/jni/SDL/include -I/home/babak/.buildozer/android/platform/android-ndk-r27c/sources/android/cpufeatures -I/home/babak/abg_analyzer_pro/.buildozer/android/platform/build-arm64-v8a/build/bootstrap_builds/sdl2/jni/SDL   -DANDROID -DGL_GLEXT_PROTOTYPES -Wall -Wextra -Wdocumentation -Wmissing-prototypes -Wunreachable-code-break -Wunneeded-internal-declaration -Wmissing-variable-declarations -Wfloat-conversion -Wshorten-64-to-32 -Wunreachable-code-return -Wshift-sign-overflow -Wstrict-prototypes -Wkeyword-macro -Wno-unused-parameter -Wno-sign-compare -Wformat -Werror=format-security  -c  /home/babak/abg_analyzer_pro/.buildozer/android/platform/build-arm64-v8a/build/bootstrap_builds/sdl2/jni/SDL/src/audio/SDL_audiotypecvt.c -o /home/babak/abg_analyzer_pro/.buildozer/android/platform/build-arm64-v8a/build/bootstrap_builds/sdl2/obj/local/arm64-v8a/objs-debug/SDL2/src/audio/SDL_audiotypecvt.o
[arm64-v8a] Compile        : SDL2 <= SDL_mixer.c
rm -f /home/babak/abg_analyzer_pro/.buildozer/android/platform/build-arm64-v8a/build/bootstrap_builds/sdl2/obj/local/arm64-v8a/objs-debug/SDL2/src/audio/SDL_mixer.o
/usr/bin/ccache /home/babak/.buildozer/android/platform/android-ndk-r27c/toolchains/llvm/prebuilt/linux-x86_64/bin/clang -MMD -MP -MF /home/babak/abg_analyzer_pro/.buildozer/android/platform/build-arm64-v8a/build/bootstrap_builds/sdl2/obj/local/arm64-v8a/objs-debug/SDL2/src/audio/SDL_mixer.o.d -target aarch64-none-linux-android24 -fdata-sections -ffunction-sections -fstack-protector-strong -funwind-tables -no-canonical-prefixes  --sysroot /home/babak/.buildozer/android/platform/android-ndk-r27c/toolchains/llvm/prebuilt/linux-x86_64/sysroot -g -Wno-invalid-command-line-argument -Wno-unused-command-line-argument  -D_FORTIFY_SOURCE=2 -fpic -O0 -UNDEBUG -fno-limit-debug-info  -I/home/babak/abg_analyzer_pro/.buildozer/android/platform/build-arm64-v8a/build/bootstrap_builds/sdl2/jni/SDL/include -I/home/babak/.buildozer/android/platform/android-ndk-r27c/sources/android/cpufeatures -I/home/babak/abg_analyzer_pro/.buildozer/android/platform/build-arm64-v8a/build/bootstrap_builds/sdl2/jni/SDL   -DANDROID -DGL_GLEXT_PROTOTYPES -Wall -Wextra -Wdocumentation -Wmissing-prototypes -Wunreachable-code-break -Wunneeded-internal-declaration -Wmissing-variable-declarations -Wfloat-conversion -Wshorten-64-to-32 -Wunreachable-code-return -Wshift-sign-overflow -Wstrict-prototypes -Wkeyword-macro -Wno-unused-parameter -Wno-sign-compare -Wformat -Werror=format-security  -c  /home/babak/abg_analyzer_pro/.buildozer/android/platform/build-arm64-v8a/build/bootstrap_builds/sdl2/jni/SDL/src/audio/SDL_mixer.c -o /home/babak/abg_analyzer_pro/.buildozer/android/platform/build-arm64-v8a/build/bootstrap_builds/sdl2/obj/local/arm64-v8a/objs-debug/SDL2/src/audio/SDL_mixer.o
[arm64-v8a] Compile        : SDL2 <= SDL_wave.c
rm -f /home/babak/abg_analyzer_pro/.buildozer/android/platform/build-arm64-v8a/build/bootstrap_builds/sdl2/obj/local/arm64-v8a/objs-debug/SDL2/src/audio/SDL_wave.o
/usr/bin/ccache /home/babak/.buildozer/android/platform/android-ndk-r27c/toolchains/llvm/prebuilt/linux-x86_64/bin/clang -MMD -MP -MF /home/babak/abg_analyzer_pro/.buildozer/android/platform/build-arm64-v8a/build/bootstrap_builds/sdl2/obj/local/arm64-v8a/objs-debug/SDL2/src/audio/SDL_wave.o.d -target aarch64-none-linux-android24 -fdata-sections -ffunction-sections -fstack-protector-strong -funwind-tables -no-canonical-prefixes  --sysroot /home/babak/.buildozer/android/platform/android-ndk-r27c/toolchains/llvm/prebuilt/linux-x86_64/sysroot -g -Wno-invalid-command-line-argument -Wno-unused-command-line-argument  -D_FORTIFY_SOURCE=2 -fpic -O0 -UNDEBUG -fno-limit-debug-info  -I/home/babak/abg_analyzer_pro/.buildozer/android/platform/build-arm64-v8a/build/bootstrap_builds/sdl2/jni/SDL/include -I/home/babak/.buildozer/android/platform/android-ndk-r27c/sources/android/cpufeatures -I/home/babak/abg_analyzer_pro/.buildozer/android/platform/build-arm64-v8a/build/bootstrap_builds/sdl2/jni/SDL   -DANDROID -DGL_GLEXT_PROTOTYPES -Wall -Wextra -Wdocumentation -Wmissing-prototypes -Wunreachable-code-break -Wunneeded-internal-declaration -Wmissing-variable-declarations -Wfloat-conversion -Wshorten-64-to-32 -Wunreachable-code-return -Wshift-sign-overflow -Wstrict-prototypes -Wkeyword-macro -Wno-unused-parameter -Wno-sign-compare -Wformat -Werror=format-security  -c  /home/babak/abg_analyzer_pro/.buildozer/android/platform/build-arm64-v8a/build/bootstrap_builds/sdl2/jni/SDL/src/audio/SDL_wave.c -o /home/babak/abg_analyzer_pro/.buildozer/android/platform/build-arm64-v8a/build/bootstrap_builds/sdl2/obj/local/arm64-v8a/objs-debug/SDL2/src/audio/SDL_wave.o
/home/babak/abg_analyzer_pro/.buildozer/android/platform/build-arm64-v8a/build/bootstrap_builds/sdl2/jni/SDL/src/audio/SDL_wave.c:1441:44: warning: a function declaration without a prototype is deprecated in all versions of C [-Wstrict-prototypes]
 1441 | static WaveRiffSizeHint WaveGetRiffSizeHint()
      |                                            ^
      |                                             void
/home/babak/abg_analyzer_pro/.buildozer/android/platform/build-arm64-v8a/build/bootstrap_builds/sdl2/jni/SDL/src/audio/SDL_wave.c:1460:48: warning: a function declaration without a prototype is deprecated in all versions of C [-Wstrict-prototypes]
 1460 | static WaveTruncationHint WaveGetTruncationHint()
      |                                                ^
      |                                                 void
/home/babak/abg_analyzer_pro/.buildozer/android/platform/build-arm64-v8a/build/bootstrap_builds/sdl2/jni/SDL/src/audio/SDL_wave.c:1479:46: warning: a function declaration without a prototype is deprecated in all versions of C [-Wstrict-prototypes]
 1479 | static WaveFactChunkHint WaveGetFactChunkHint()
      |                                              ^
      |                                               void
3 warnings generated.
[arm64-v8a] Compile        : SDL2 <= SDL_androidaudio.c
rm -f /home/babak/abg_analyzer_pro/.buildozer/android/platform/build-arm64-v8a/build/bootstrap_builds/sdl2/obj/local/arm64-v8a/objs-debug/SDL2/src/audio/android/SDL_androidaudio.o
/usr/bin/ccache /home/babak/.buildozer/android/platform/android-ndk-r27c/toolchains/llvm/prebuilt/linux-x86_64/bin/clang -MMD -MP -MF /home/babak/abg_analyzer_pro/.buildozer/android/platform/build-arm64-v8a/build/bootstrap_builds/sdl2/obj/local/arm64-v8a/objs-debug/SDL2/src/audio/android/SDL_androidaudio.o.d -target aarch64-none-linux-android24 -fdata-sections -ffunction-sections -fstack-protector-strong -funwind-tables -no-canonical-prefixes  --sysroot /home/babak/.buildozer/android/platform/android-ndk-r27c/toolchains/llvm/prebuilt/linux-x86_64/sysroot -g -Wno-invalid-command-line-argument -Wno-unused-command-line-argument  -D_FORTIFY_SOURCE=2 -fpic -O0 -UNDEBUG -fno-limit-debug-info  -I/home/babak/abg_analyzer_pro/.buildozer/android/platform/build-arm64-v8a/build/bootstrap_builds/sdl2/jni/SDL/include -I/home/babak/.buildozer/android/platform/android-ndk-r27c/sources/android/cpufeatures -I/home/babak/abg_analyzer_pro/.buildozer/android/platform/build-arm64-v8a/build/bootstrap_builds/sdl2/jni/SDL   -DANDROID -DGL_GLEXT_PROTOTYPES -Wall -Wextra -Wdocumentation -Wmissing-prototypes -Wunreachable-code-break -Wunneeded-internal-declaration -Wmissing-variable-declarations -Wfloat-conversion -Wshorten-64-to-32 -Wunreachable-code-return -Wshift-sign-overflow -Wstrict-prototypes -Wkeyword-macro -Wno-unused-parameter -Wno-sign-compare -Wformat -Werror=format-security  -c  /home/babak/abg_analyzer_pro/.buildozer/android/platform/build-arm64-v8a/build/bootstrap_builds/sdl2/jni/SDL/src/audio/android/SDL_androidaudio.c -o /home/babak/abg_analyzer_pro/.buildozer/android/platform/build-arm64-v8a/build/bootstrap_builds/sdl2/obj/local/arm64-v8a/objs-debug/SDL2/src/audio/android/SDL_androidaudio.o
[arm64-v8a] Compile        : SDL2 <= SDL_dummyaudio.c
rm -f /home/babak/abg_analyzer_pro/.buildozer/android/platform/build-arm64-v8a/build/bootstrap_builds/sdl2/obj/local/arm64-v8a/objs-debug/SDL2/src/audio/dummy/SDL_dummyaudio.o
/usr/bin/ccache /home/babak/.buildozer/android/platform/android-ndk-r27c/toolchains/llvm/prebuilt/linux-x86_64/bin/clang -MMD -MP -MF /home/babak/abg_analyzer_pro/.buildozer/android/platform/build-arm64-v8a/build/bootstrap_builds/sdl2/obj/local/arm64-v8a/objs-debug/SDL2/src/audio/dummy/SDL_dummyaudio.o.d -target aarch64-none-linux-android24 -fdata-sections -ffunction-sections -fstack-protector-strong -funwind-tables -no-canonical-prefixes  --sysroot /home/babak/.buildozer/android/platform/android-ndk-r27c/toolchains/llvm/prebuilt/linux-x86_64/sysroot -g -Wno-invalid-command-line-argument -Wno-unused-command-line-argument  -D_FORTIFY_SOURCE=2 -fpic -O0 -UNDEBUG -fno-limit-debug-info  -I/home/babak/abg_analyzer_pro/.buildozer/android/platform/build-arm64-v8a/build/bootstrap_builds/sdl2/jni/SDL/include -I/home/babak/.buildozer/android/platform/android-ndk-r27c/sources/android/cpufeatures -I/home/babak/abg_analyzer_pro/.buildozer/android/platform/build-arm64-v8a/build/bootstrap_builds/sdl2/jni/SDL   -DANDROID -DGL_GLEXT_PROTOTYPES -Wall -Wextra -Wdocumentation -Wmissing-prototypes -Wunreachable-code-break -Wunneeded-internal-declaration -Wmissing-variable-declarations -Wfloat-conversion -Wshorten-64-to-32 -Wunreachable-code-return -Wshift-sign-overflow -Wstrict-prototypes -Wkeyword-macro -Wno-unused-parameter -Wno-sign-compare -Wformat -Werror=format-security  -c  /home/babak/abg_analyzer_pro/.buildozer/android/platform/build-arm64-v8a/build/bootstrap_builds/sdl2/jni/SDL/src/audio/dummy/SDL_dummyaudio.c -o /home/babak/abg_analyzer_pro/.buildozer/android/platform/build-arm64-v8a/build/bootstrap_builds/sdl2/obj/local/arm64-v8a/objs-debug/SDL2/src/audio/dummy/SDL_dummyaudio.o
[arm64-v8a] Compile        : SDL2 <= SDL_aaudio.c
rm -f /home/babak/abg_analyzer_pro/.buildozer/android/platform/build-arm64-v8a/build/bootstrap_builds/sdl2/obj/local/arm64-v8a/objs-debug/SDL2/src/audio/aaudio/SDL_aaudio.o
/usr/bin/ccache /home/babak/.buildozer/android/platform/android-ndk-r27c/toolchains/llvm/prebuilt/linux-x86_64/bin/clang -MMD -MP -MF /home/babak/abg_analyzer_pro/.buildozer/android/platform/build-arm64-v8a/build/bootstrap_builds/sdl2/obj/local/arm64-v8a/objs-debug/SDL2/src/audio/aaudio/SDL_aaudio.o.d -target aarch64-none-linux-android24 -fdata-sections -ffunction-sections -fstack-protector-strong -funwind-tables -no-canonical-prefixes  --sysroot /home/babak/.buildozer/android/platform/android-ndk-r27c/toolchains/llvm/prebuilt/linux-x86_64/sysroot -g -Wno-invalid-command-line-argument -Wno-unused-command-line-argument  -D_FORTIFY_SOURCE=2 -fpic -O0 -UNDEBUG -fno-limit-debug-info  -I/home/babak/abg_analyzer_pro/.buildozer/android/platform/build-arm64-v8a/build/bootstrap_builds/sdl2/jni/SDL/include -I/home/babak/.buildozer/android/platform/android-ndk-r27c/sources/android/cpufeatures -I/home/babak/abg_analyzer_pro/.buildozer/android/platform/build-arm64-v8a/build/bootstrap_builds/sdl2/jni/SDL   -DANDROID -DGL_GLEXT_PROTOTYPES -Wall -Wextra -Wdocumentation -Wmissing-prototypes -Wunreachable-code-break -Wunneeded-internal-declaration -Wmissing-variable-declarations -Wfloat-conversion -Wshorten-64-to-32 -Wunreachable-code-return -Wshift-sign-overflow -Wstrict-prototypes -Wkeyword-macro -Wno-unused-parameter -Wno-sign-compare -Wformat -Werror=format-security  -c  /home/babak/abg_analyzer_pro/.buildozer/android/platform/build-arm64-v8a/build/bootstrap_builds/sdl2/jni/SDL/src/audio/aaudio/SDL_aaudio.c -o /home/babak/abg_analyzer_pro/.buildozer/android/platform/build-arm64-v8a/build/bootstrap_builds/sdl2/obj/local/arm64-v8a/objs-debug/SDL2/src/audio/aaudio/SDL_aaudio.o
[arm64-v8a] Compile        : SDL2 <= SDL_openslES.c
rm -f /home/babak/abg_analyzer_pro/.buildozer/android/platform/build-arm64-v8a/build/bootstrap_builds/sdl2/obj/local/arm64-v8a/objs-debug/SDL2/src/audio/openslES/SDL_openslES.o
/usr/bin/ccache /home/babak/.buildozer/android/platform/android-ndk-r27c/toolchains/llvm/prebuilt/linux-x86_64/bin/clang -MMD -MP -MF /home/babak/abg_analyzer_pro/.buildozer/android/platform/build-arm64-v8a/build/bootstrap_builds/sdl2/obj/local/arm64-v8a/objs-debug/SDL2/src/audio/openslES/SDL_openslES.o.d -target aarch64-none-linux-android24 -fdata-sections -ffunction-sections -fstack-protector-strong -funwind-tables -no-canonical-prefixes  --sysroot /home/babak/.buildozer/android/platform/android-ndk-r27c/toolchains/llvm/prebuilt/linux-x86_64/sysroot -g -Wno-invalid-command-line-argument -Wno-unused-command-line-argument  -D_FORTIFY_SOURCE=2 -fpic -O0 -UNDEBUG -fno-limit-debug-info  -I/home/babak/abg_analyzer_pro/.buildozer/android/platform/build-arm64-v8a/build/bootstrap_builds/sdl2/jni/SDL/include -I/home/babak/.buildozer/android/platform/android-ndk-r27c/sources/android/cpufeatures -I/home/babak/abg_analyzer_pro/.buildozer/android/platform/build-arm64-v8a/build/bootstrap_builds/sdl2/jni/SDL   -DANDROID -DGL_GLEXT_PROTOTYPES -Wall -Wextra -Wdocumentation -Wmissing-prototypes -Wunreachable-code-break -Wunneeded-internal-declaration -Wmissing-variable-declarations -Wfloat-conversion -Wshorten-64-to-32 -Wunreachable-code-return -Wshift-sign-overflow -Wstrict-prototypes -Wkeyword-macro -Wno-unused-parameter -Wno-sign-compare -Wformat -Werror=format-security  -c  /home/babak/abg_analyzer_pro/.buildozer/android/platform/build-arm64-v8a/build/bootstrap_builds/sdl2/jni/SDL/src/audio/openslES/SDL_openslES.c -o /home/babak/abg_analyzer_pro/.buildozer/android/platform/build-arm64-v8a/build/bootstrap_builds/sdl2/obj/local/arm64-v8a/objs-debug/SDL2/src/audio/openslES/SDL_openslES.o
[arm64-v8a] Compile        : SDL2 <= SDL_atomic.c
rm -f /home/babak/abg_analyzer_pro/.buildozer/android/platform/build-arm64-v8a/build/bootstrap_builds/sdl2/obj/local/arm64-v8a/objs-debug/SDL2/src/atomic/SDL_atomic.o
/usr/bin/ccache /home/babak/.buildozer/android/platform/android-ndk-r27c/toolchains/llvm/prebuilt/linux-x86_64/bin/clang -MMD -MP -MF /home/babak/abg_analyzer_pro/.buildozer/android/platform/build-arm64-v8a/build/bootstrap_builds/sdl2/obj/local/arm64-v8a/objs-debug/SDL2/src/atomic/SDL_atomic.o.d -target aarch64-none-linux-android24 -fdata-sections -ffunction-sections -fstack-protector-strong -funwind-tables -no-canonical-prefixes  --sysroot /home/babak/.buildozer/android/platform/android-ndk-r27c/toolchains/llvm/prebuilt/linux-x86_64/sysroot -g -Wno-invalid-command-line-argument -Wno-unused-command-line-argument  -D_FORTIFY_SOURCE=2 -fpic -O0 -UNDEBUG -fno-limit-debug-info  -I/home/babak/abg_analyzer_pro/.buildozer/android/platform/build-arm64-v8a/build/bootstrap_builds/sdl2/jni/SDL/include -I/home/babak/.buildozer/android/platform/android-ndk-r27c/sources/android/cpufeatures -I/home/babak/abg_analyzer_pro/.buildozer/android/platform/build-arm64-v8a/build/bootstrap_builds/sdl2/jni/SDL   -DANDROID -DGL_GLEXT_PROTOTYPES -Wall -Wextra -Wdocumentation -Wmissing-prototypes -Wunreachable-code-break -Wunneeded-internal-declaration -Wmissing-variable-declarations -Wfloat-conversion -Wshorten-64-to-32 -Wunreachable-code-return -Wshift-sign-overflow -Wstrict-prototypes -Wkeyword-macro -Wno-unused-parameter -Wno-sign-compare -Wformat -Werror=format-security  -c  /home/babak/abg_analyzer_pro/.buildozer/android/platform/build-arm64-v8a/build/bootstrap_builds/sdl2/jni/SDL/src/atomic/SDL_atomic.c -o /home/babak/abg_analyzer_pro/.buildozer/android/platform/build-arm64-v8a/build/bootstrap_builds/sdl2/obj/local/arm64-v8a/objs-debug/SDL2/src/atomic/SDL_atomic.o
[arm64-v8a] Compile        : SDL2 <= SDL_spinlock.c
rm -f /home/babak/abg_analyzer_pro/.buildozer/android/platform/build-arm64-v8a/build/bootstrap_builds/sdl2/obj/local/arm64-v8a/objs-debug/SDL2/src/atomic/SDL_spinlock.o
/usr/bin/ccache /home/babak/.buildozer/android/platform/android-ndk-r27c/toolchains/llvm/prebuilt/linux-x86_64/bin/clang -MMD -MP -MF /home/babak/abg_analyzer_pro/.buildozer/android/platform/build-arm64-v8a/build/bootstrap_builds/sdl2/obj/local/arm64-v8a/objs-debug/SDL2/src/atomic/SDL_spinlock.o.d -target aarch64-none-linux-android24 -fdata-sections -ffunction-sections -fstack-protector-strong -funwind-tables -no-canonical-prefixes  --sysroot /home/babak/.buildozer/android/platform/android-ndk-r27c/toolchains/llvm/prebuilt/linux-x86_64/sysroot -g -Wno-invalid-command-line-argument -Wno-unused-command-line-argument  -D_FORTIFY_SOURCE=2 -fpic -O0 -UNDEBUG -fno-limit-debug-info  -I/home/babak/abg_analyzer_pro/.buildozer/android/platform/build-arm64-v8a/build/bootstrap_builds/sdl2/jni/SDL/include -I/home/babak/.buildozer/android/platform/android-ndk-r27c/sources/android/cpufeatures -I/home/babak/abg_analyzer_pro/.buildozer/android/platform/build-arm64-v8a/build/bootstrap_builds/sdl2/jni/SDL   -DANDROID -DGL_GLEXT_PROTOTYPES -Wall -Wextra -Wdocumentation -Wmissing-prototypes -Wunreachable-code-break -Wunneeded-internal-declaration -Wmissing-variable-declarations -Wfloat-conversion -Wshorten-64-to-32 -Wunreachable-code-return -Wshift-sign-overflow -Wstrict-prototypes -Wkeyword-macro -Wno-unused-parameter -Wno-sign-compare -Wformat -Werror=format-security  -c  /home/babak/abg_analyzer_pro/.buildozer/android/platform/build-arm64-v8a/build/bootstrap_builds/sdl2/jni/SDL/src/atomic/SDL_spinlock.c -o /home/babak/abg_analyzer_pro/.buildozer/android/platform/build-arm64-v8a/build/bootstrap_builds/sdl2/obj/local/arm64-v8a/objs-debug/SDL2/src/atomic/SDL_spinlock.o
[arm64-v8a] Compile        : SDL2 <= SDL_android.c
rm -f /home/babak/abg_analyzer_pro/.buildozer/android/platform/build-arm64-v8a/build/bootstrap_builds/sdl2/obj/local/arm64-v8a/objs-debug/SDL2/src/core/android/SDL_android.o
/usr/bin/ccache /home/babak/.buildozer/android/platform/android-ndk-r27c/toolchains/llvm/prebuilt/linux-x86_64/bin/clang -MMD -MP -MF /home/babak/abg_analyzer_pro/.buildozer/android/platform/build-arm64-v8a/build/bootstrap_builds/sdl2/obj/local/arm64-v8a/objs-debug/SDL2/src/core/android/SDL_android.o.d -target aarch64-none-linux-android24 -fdata-sections -ffunction-sections -fstack-protector-strong -funwind-tables -no-canonical-prefixes  --sysroot /home/babak/.buildozer/android/platform/android-ndk-r27c/toolchains/llvm/prebuilt/linux-x86_64/sysroot -g -Wno-invalid-command-line-argument -Wno-unused-command-line-argument  -D_FORTIFY_SOURCE=2 -fpic -O0 -UNDEBUG -fno-limit-debug-info  -I/home/babak/abg_analyzer_pro/.buildozer/android/platform/build-arm64-v8a/build/bootstrap_builds/sdl2/jni/SDL/include -I/home/babak/.buildozer/android/platform/android-ndk-r27c/sources/android/cpufeatures -I/home/babak/abg_analyzer_pro/.buildozer/android/platform/build-arm64-v8a/build/bootstrap_builds/sdl2/jni/SDL   -DANDROID -DGL_GLEXT_PROTOTYPES -Wall -Wextra -Wdocumentation -Wmissing-prototypes -Wunreachable-code-break -Wunneeded-internal-declaration -Wmissing-variable-declarations -Wfloat-conversion -Wshorten-64-to-32 -Wunreachable-code-return -Wshift-sign-overflow -Wstrict-prototypes -Wkeyword-macro -Wno-unused-parameter -Wno-sign-compare -Wformat -Werror=format-security  -c  /home/babak/abg_analyzer_pro/.buildozer/android/platform/build-arm64-v8a/build/bootstrap_builds/sdl2/jni/SDL/src/core/android/SDL_android.c -o /home/babak/abg_analyzer_pro/.buildozer/android/platform/build-arm64-v8a/build/bootstrap_builds/sdl2/obj/local/arm64-v8a/objs-debug/SDL2/src/core/android/SDL_android.o
/home/babak/abg_analyzer_pro/.buildozer/android/platform/build-arm64-v8a/build/bootstrap_builds/sdl2/jni/SDL/src/core/android/SDL_android.c:845:32: warning: a function declaration without a prototype is deprecated in all versions of C [-Wstrict-prototypes]
  845 | void Android_ActivityMutex_Lock()
      |                                ^
      |                                 void
/home/babak/abg_analyzer_pro/.buildozer/android/platform/build-arm64-v8a/build/bootstrap_builds/sdl2/jni/SDL/src/core/android/SDL_android.c:850:34: warning: a function declaration without a prototype is deprecated in all versions of C [-Wstrict-prototypes]
  850 | void Android_ActivityMutex_Unlock()
      |                                  ^
      |                                   void
/home/babak/abg_analyzer_pro/.buildozer/android/platform/build-arm64-v8a/build/bootstrap_builds/sdl2/jni/SDL/src/core/android/SDL_android.c:856:40: warning: a function declaration without a prototype is deprecated in all versions of C [-Wstrict-prototypes]
  856 | void Android_ActivityMutex_Lock_Running()
      |                                        ^
      |                                         void
/home/babak/abg_analyzer_pro/.buildozer/android/platform/build-arm64-v8a/build/bootstrap_builds/sdl2/jni/SDL/src/core/android/SDL_android.c:1442:30: warning: a function declaration without a prototype is deprecated in all versions of C [-Wstrict-prototypes]
 1442 | void Android_JNI_MinizeWindow()
      |                              ^
      |                               void
/home/babak/abg_analyzer_pro/.buildozer/android/platform/build-arm64-v8a/build/bootstrap_builds/sdl2/jni/SDL/src/core/android/SDL_android.c:1448:47: warning: a function declaration without a prototype is deprecated in all versions of C [-Wstrict-prototypes]
 1448 | SDL_bool Android_JNI_ShouldMinimizeOnFocusLoss()
      |                                               ^
      |                                                void
/home/babak/abg_analyzer_pro/.buildozer/android/platform/build-arm64-v8a/build/bootstrap_builds/sdl2/jni/SDL/src/core/android/SDL_android.c:1882:49: warning: a function declaration without a prototype is deprecated in all versions of C [-Wstrict-prototypes]
 1882 | static void Internal_Android_Create_AssetManager()
      |                                                 ^
      |                                                  void
/home/babak/abg_analyzer_pro/.buildozer/android/platform/build-arm64-v8a/build/bootstrap_builds/sdl2/jni/SDL/src/core/android/SDL_android.c:1921:50: warning: a function declaration without a prototype is deprecated in all versions of C [-Wstrict-prototypes]
 1921 | static void Internal_Android_Destroy_AssetManager()
      |                                                  ^
      |                                                   void
/home/babak/abg_analyzer_pro/.buildozer/android/platform/build-arm64-v8a/build/bootstrap_builds/sdl2/jni/SDL/src/core/android/SDL_android.c:2156:27: warning: a function declaration without a prototype is deprecated in all versions of C [-Wstrict-prototypes]
 2156 | void Android_JNI_InitTouch()
      |                           ^
      |                            void
8 warnings generated.
[arm64-v8a] Compile        : SDL2 <= SDL_cpuinfo.c
rm -f /home/babak/abg_analyzer_pro/.buildozer/android/platform/build-arm64-v8a/build/bootstrap_builds/sdl2/obj/local/arm64-v8a/objs-debug/SDL2/src/cpuinfo/SDL_cpuinfo.o
/usr/bin/ccache /home/babak/.buildozer/android/platform/android-ndk-r27c/toolchains/llvm/prebuilt/linux-x86_64/bin/clang -MMD -MP -MF /home/babak/abg_analyzer_pro/.buildozer/android/platform/build-arm64-v8a/build/bootstrap_builds/sdl2/obj/local/arm64-v8a/objs-debug/SDL2/src/cpuinfo/SDL_cpuinfo.o.d -target aarch64-none-linux-android24 -fdata-sections -ffunction-sections -fstack-protector-strong -funwind-tables -no-canonical-prefixes  --sysroot /home/babak/.buildozer/android/platform/android-ndk-r27c/toolchains/llvm/prebuilt/linux-x86_64/sysroot -g -Wno-invalid-command-line-argument -Wno-unused-command-line-argument  -D_FORTIFY_SOURCE=2 -fpic -O0 -UNDEBUG -fno-limit-debug-info  -I/home/babak/abg_analyzer_pro/.buildozer/android/platform/build-arm64-v8a/build/bootstrap_builds/sdl2/jni/SDL/include -I/home/babak/.buildozer/android/platform/android-ndk-r27c/sources/android/cpufeatures -I/home/babak/abg_analyzer_pro/.buildozer/android/platform/build-arm64-v8a/build/bootstrap_builds/sdl2/jni/SDL   -DANDROID -DGL_GLEXT_PROTOTYPES -Wall -Wextra -Wdocumentation -Wmissing-prototypes -Wunreachable-code-break -Wunneeded-internal-declaration -Wmissing-variable-declarations -Wfloat-conversion -Wshorten-64-to-32 -Wunreachable-code-return -Wshift-sign-overflow -Wstrict-prototypes -Wkeyword-macro -Wno-unused-parameter -Wno-sign-compare -Wformat -Werror=format-security  -c  /home/babak/abg_analyzer_pro/.buildozer/android/platform/build-arm64-v8a/build/bootstrap_builds/sdl2/jni/SDL/src/cpuinfo/SDL_cpuinfo.c -o /home/babak/abg_analyzer_pro/.buildozer/android/platform/build-arm64-v8a/build/bootstrap_builds/sdl2/obj/local/arm64-v8a/objs-debug/SDL2/src/cpuinfo/SDL_cpuinfo.o
[arm64-v8a] Compile        : SDL2 <= SDL_dynapi.c
rm -f /home/babak/abg_analyzer_pro/.buildozer/android/platform/build-arm64-v8a/build/bootstrap_builds/sdl2/obj/local/arm64-v8a/objs-debug/SDL2/src/dynapi/SDL_dynapi.o
/usr/bin/ccache /home/babak/.buildozer/android/platform/android-ndk-r27c/toolchains/llvm/prebuilt/linux-x86_64/bin/clang -MMD -MP -MF /home/babak/abg_analyzer_pro/.buildozer/android/platform/build-arm64-v8a/build/bootstrap_builds/sdl2/obj/local/arm64-v8a/objs-debug/SDL2/src/dynapi/SDL_dynapi.o.d -target aarch64-none-linux-android24 -fdata-sections -ffunction-sections -fstack-protector-strong -funwind-tables -no-canonical-prefixes  --sysroot /home/babak/.buildozer/android/platform/android-ndk-r27c/toolchains/llvm/prebuilt/linux-x86_64/sysroot -g -Wno-invalid-command-line-argument -Wno-unused-command-line-argument  -D_FORTIFY_SOURCE=2 -fpic -O0 -UNDEBUG -fno-limit-debug-info  -I/home/babak/abg_analyzer_pro/.buildozer/android/platform/build-arm64-v8a/build/bootstrap_builds/sdl2/jni/SDL/include -I/home/babak/.buildozer/android/platform/android-ndk-r27c/sources/android/cpufeatures -I/home/babak/abg_analyzer_pro/.buildozer/android/platform/build-arm64-v8a/build/bootstrap_builds/sdl2/jni/SDL   -DANDROID -DGL_GLEXT_PROTOTYPES -Wall -Wextra -Wdocumentation -Wmissing-prototypes -Wunreachable-code-break -Wunneeded-internal-declaration -Wmissing-variable-declarations -Wfloat-conversion -Wshorten-64-to-32 -Wunreachable-code-return -Wshift-sign-overflow -Wstrict-prototypes -Wkeyword-macro -Wno-unused-parameter -Wno-sign-compare -Wformat -Werror=format-security  -c  /home/babak/abg_analyzer_pro/.buildozer/android/platform/build-arm64-v8a/build/bootstrap_builds/sdl2/jni/SDL/src/dynapi/SDL_dynapi.c -o /home/babak/abg_analyzer_pro/.buildozer/android/platform/build-arm64-v8a/build/bootstrap_builds/sdl2/obj/local/arm64-v8a/objs-debug/SDL2/src/dynapi/SDL_dynapi.o
[arm64-v8a] Compile        : SDL2 <= SDL_clipboardevents.c
rm -f /home/babak/abg_analyzer_pro/.buildozer/android/platform/build-arm64-v8a/build/bootstrap_builds/sdl2/obj/local/arm64-v8a/objs-debug/SDL2/src/events/SDL_clipboardevents.o
/usr/bin/ccache /home/babak/.buildozer/android/platform/android-ndk-r27c/toolchains/llvm/prebuilt/linux-x86_64/bin/clang -MMD -MP -MF /home/babak/abg_analyzer_pro/.buildozer/android/platform/build-arm64-v8a/build/bootstrap_builds/sdl2/obj/local/arm64-v8a/objs-debug/SDL2/src/events/SDL_clipboardevents.o.d -target aarch64-none-linux-android24 -fdata-sections -ffunction-sections -fstack-protector-strong -funwind-tables -no-canonical-prefixes  --sysroot /home/babak/.buildozer/android/platform/android-ndk-r27c/toolchains/llvm/prebuilt/linux-x86_64/sysroot -g -Wno-invalid-command-line-argument -Wno-unused-command-line-argument  -D_FORTIFY_SOURCE=2 -fpic -O0 -UNDEBUG -fno-limit-debug-info  -I/home/babak/abg_analyzer_pro/.buildozer/android/platform/build-arm64-v8a/build/bootstrap_builds/sdl2/jni/SDL/include -I/home/babak/.buildozer/android/platform/android-ndk-r27c/sources/android/cpufeatures -I/home/babak/abg_analyzer_pro/.buildozer/android/platform/build-arm64-v8a/build/bootstrap_builds/sdl2/jni/SDL   -DANDROID -DGL_GLEXT_PROTOTYPES -Wall -Wextra -Wdocumentation -Wmissing-prototypes -Wunreachable-code-break -Wunneeded-internal-declaration -Wmissing-variable-declarations -Wfloat-conversion -Wshorten-64-to-32 -Wunreachable-code-return -Wshift-sign-overflow -Wstrict-prototypes -Wkeyword-macro -Wno-unused-parameter -Wno-sign-compare -Wformat -Werror=format-security  -c  /home/babak/abg_analyzer_pro/.buildozer/android/platform/build-arm64-v8a/build/bootstrap_builds/sdl2/jni/SDL/src/events/SDL_clipboardevents.c -o /home/babak/abg_analyzer_pro/.buildozer/android/platform/build-arm64-v8a/build/bootstrap_builds/sdl2/obj/local/arm64-v8a/objs-debug/SDL2/src/events/SDL_clipboardevents.o
[arm64-v8a] Compile        : SDL2 <= SDL_displayevents.c
rm -f /home/babak/abg_analyzer_pro/.buildozer/android/platform/build-arm64-v8a/build/bootstrap_builds/sdl2/obj/local/arm64-v8a/objs-debug/SDL2/src/events/SDL_displayevents.o
/usr/bin/ccache /home/babak/.buildozer/android/platform/android-ndk-r27c/toolchains/llvm/prebuilt/linux-x86_64/bin/clang -MMD -MP -MF /home/babak/abg_analyzer_pro/.buildozer/android/platform/build-arm64-v8a/build/bootstrap_builds/sdl2/obj/local/arm64-v8a/objs-debug/SDL2/src/events/SDL_displayevents.o.d -target aarch64-none-linux-android24 -fdata-sections -ffunction-sections -fstack-protector-strong -funwind-tables -no-canonical-prefixes  --sysroot /home/babak/.buildozer/android/platform/android-ndk-r27c/toolchains/llvm/prebuilt/linux-x86_64/sysroot -g -Wno-invalid-command-line-argument -Wno-unused-command-line-argument  -D_FORTIFY_SOURCE=2 -fpic -O0 -UNDEBUG -fno-limit-debug-info  -I/home/babak/abg_analyzer_pro/.buildozer/android/platform/build-arm64-v8a/build/bootstrap_builds/sdl2/jni/SDL/include -I/home/babak/.buildozer/android/platform/android-ndk-r27c/sources/android/cpufeatures -I/home/babak/abg_analyzer_pro/.buildozer/android/platform/build-arm64-v8a/build/bootstrap_builds/sdl2/jni/SDL   -DANDROID -DGL_GLEXT_PROTOTYPES -Wall -Wextra -Wdocumentation -Wmissing-prototypes -Wunreachable-code-break -Wunneeded-internal-declaration -Wmissing-variable-declarations -Wfloat-conversion -Wshorten-64-to-32 -Wunreachable-code-return -Wshift-sign-overflow -Wstrict-prototypes -Wkeyword-macro -Wno-unused-parameter -Wno-sign-compare -Wformat -Werror=format-security  -c  /home/babak/abg_analyzer_pro/.buildozer/android/platform/build-arm64-v8a/build/bootstrap_builds/sdl2/jni/SDL/src/events/SDL_displayevents.c -o /home/babak/abg_analyzer_pro/.buildozer/android/platform/build-arm64-v8a/build/bootstrap_builds/sdl2/obj/local/arm64-v8a/objs-debug/SDL2/src/events/SDL_displayevents.o
[arm64-v8a] Compile        : SDL2 <= SDL_dropevents.c
rm -f /home/babak/abg_analyzer_pro/.buildozer/android/platform/build-arm64-v8a/build/bootstrap_builds/sdl2/obj/local/arm64-v8a/objs-debug/SDL2/src/events/SDL_dropevents.o
/usr/bin/ccache /home/babak/.buildozer/android/platform/android-ndk-r27c/toolchains/llvm/prebuilt/linux-x86_64/bin/clang -MMD -MP -MF /home/babak/abg_analyzer_pro/.buildozer/android/platform/build-arm64-v8a/build/bootstrap_builds/sdl2/obj/local/arm64-v8a/objs-debug/SDL2/src/events/SDL_dropevents.o.d -target aarch64-none-linux-android24 -fdata-sections -ffunction-sections -fstack-protector-strong -funwind-tables -no-canonical-prefixes  --sysroot /home/babak/.buildozer/android/platform/android-ndk-r27c/toolchains/llvm/prebuilt/linux-x86_64/sysroot -g -Wno-invalid-command-line-argument -Wno-unused-command-line-argument  -D_FORTIFY_SOURCE=2 -fpic -O0 -UNDEBUG -fno-limit-debug-info  -I/home/babak/abg_analyzer_pro/.buildozer/android/platform/build-arm64-v8a/build/bootstrap_builds/sdl2/jni/SDL/include -I/home/babak/.buildozer/android/platform/android-ndk-r27c/sources/android/cpufeatures -I/home/babak/abg_analyzer_pro/.buildozer/android/platform/build-arm64-v8a/build/bootstrap_builds/sdl2/jni/SDL   -DANDROID -DGL_GLEXT_PROTOTYPES -Wall -Wextra -Wdocumentation -Wmissing-prototypes -Wunreachable-code-break -Wunneeded-internal-declaration -Wmissing-variable-declarations -Wfloat-conversion -Wshorten-64-to-32 -Wunreachable-code-return -Wshift-sign-overflow -Wstrict-prototypes -Wkeyword-macro -Wno-unused-parameter -Wno-sign-compare -Wformat -Werror=format-security  -c  /home/babak/abg_analyzer_pro/.buildozer/android/platform/build-arm64-v8a/build/bootstrap_builds/sdl2/jni/SDL/src/events/SDL_dropevents.c -o /home/babak/abg_analyzer_pro/.buildozer/android/platform/build-arm64-v8a/build/bootstrap_builds/sdl2/obj/local/arm64-v8a/objs-debug/SDL2/src/events/SDL_dropevents.o
[arm64-v8a] Compile        : SDL2 <= SDL_events.c
rm -f /home/babak/abg_analyzer_pro/.buildozer/android/platform/build-arm64-v8a/build/bootstrap_builds/sdl2/obj/local/arm64-v8a/objs-debug/SDL2/src/events/SDL_events.o
/usr/bin/ccache /home/babak/.buildozer/android/platform/android-ndk-r27c/toolchains/llvm/prebuilt/linux-x86_64/bin/clang -MMD -MP -MF /home/babak/abg_analyzer_pro/.buildozer/android/platform/build-arm64-v8a/build/bootstrap_builds/sdl2/obj/local/arm64-v8a/objs-debug/SDL2/src/events/SDL_events.o.d -target aarch64-none-linux-android24 -fdata-sections -ffunction-sections -fstack-protector-strong -funwind-tables -no-canonical-prefixes  --sysroot /home/babak/.buildozer/android/platform/android-ndk-r27c/toolchains/llvm/prebuilt/linux-x86_64/sysroot -g -Wno-invalid-command-line-argument -Wno-unused-command-line-argument  -D_FORTIFY_SOURCE=2 -fpic -O0 -UNDEBUG -fno-limit-debug-info  -I/home/babak/abg_analyzer_pro/.buildozer/android/platform/build-arm64-v8a/build/bootstrap_builds/sdl2/jni/SDL/include -I/home/babak/.buildozer/android/platform/android-ndk-r27c/sources/android/cpufeatures -I/home/babak/abg_analyzer_pro/.buildozer/android/platform/build-arm64-v8a/build/bootstrap_builds/sdl2/jni/SDL   -DANDROID -DGL_GLEXT_PROTOTYPES -Wall -Wextra -Wdocumentation -Wmissing-prototypes -Wunreachable-code-break -Wunneeded-internal-declaration -Wmissing-variable-declarations -Wfloat-conversion -Wshorten-64-to-32 -Wunreachable-code-return -Wshift-sign-overflow -Wstrict-prototypes -Wkeyword-macro -Wno-unused-parameter -Wno-sign-compare -Wformat -Werror=format-security  -c  /home/babak/abg_analyzer_pro/.buildozer/android/platform/build-arm64-v8a/build/bootstrap_builds/sdl2/jni/SDL/src/events/SDL_events.c -o /home/babak/abg_analyzer_pro/.buildozer/android/platform/build-arm64-v8a/build/bootstrap_builds/sdl2/obj/local/arm64-v8a/objs-debug/SDL2/src/events/SDL_events.o
/home/babak/abg_analyzer_pro/.buildozer/android/platform/build-arm64-v8a/build/bootstrap_builds/sdl2/jni/SDL/src/events/SDL_events.c:740:31: warning: a function declaration without a prototype is deprecated in all versions of C [-Wstrict-prototypes]
  740 | static int SDL_SendWakeupEvent()
      |                               ^
      |                                void
/home/babak/abg_analyzer_pro/.buildozer/android/platform/build-arm64-v8a/build/bootstrap_builds/sdl2/jni/SDL/src/events/SDL_events.c:955:20: warning: a function declaration without a prototype is deprecated in all versions of C [-Wstrict-prototypes]
  955 | void SDL_PumpEvents()
      |                    ^
      |                     void
/home/babak/abg_analyzer_pro/.buildozer/android/platform/build-arm64-v8a/build/bootstrap_builds/sdl2/jni/SDL/src/events/SDL_events.c:967:46: warning: a function declaration without a prototype is deprecated in all versions of C [-Wstrict-prototypes]
  967 | static SDL_bool SDL_events_need_periodic_poll()
      |                                              ^
      |                                               void
/home/babak/abg_analyzer_pro/.buildozer/android/platform/build-arm64-v8a/build/bootstrap_builds/sdl2/jni/SDL/src/events/SDL_events.c:1052:40: warning: a function declaration without a prototype is deprecated in all versions of C [-Wstrict-prototypes]
 1052 | static SDL_bool SDL_events_need_polling()
      |                                        ^
      |                                         void
4 warnings generated.
[arm64-v8a] Compile        : SDL2 <= SDL_gesture.c
rm -f /home/babak/abg_analyzer_pro/.buildozer/android/platform/build-arm64-v8a/build/bootstrap_builds/sdl2/obj/local/arm64-v8a/objs-debug/SDL2/src/events/SDL_gesture.o
/usr/bin/ccache /home/babak/.buildozer/android/platform/android-ndk-r27c/toolchains/llvm/prebuilt/linux-x86_64/bin/clang -MMD -MP -MF /home/babak/abg_analyzer_pro/.buildozer/android/platform/build-arm64-v8a/build/bootstrap_builds/sdl2/obj/local/arm64-v8a/objs-debug/SDL2/src/events/SDL_gesture.o.d -target aarch64-none-linux-android24 -fdata-sections -ffunction-sections -fstack-protector-strong -funwind-tables -no-canonical-prefixes  --sysroot /home/babak/.buildozer/android/platform/android-ndk-r27c/toolchains/llvm/prebuilt/linux-x86_64/sysroot -g -Wno-invalid-command-line-argument -Wno-unused-command-line-argument  -D_FORTIFY_SOURCE=2 -fpic -O0 -UNDEBUG -fno-limit-debug-info  -I/home/babak/abg_analyzer_pro/.buildozer/android/platform/build-arm64-v8a/build/bootstrap_builds/sdl2/jni/SDL/include -I/home/babak/.buildozer/android/platform/android-ndk-r27c/sources/android/cpufeatures -I/home/babak/abg_analyzer_pro/.buildozer/android/platform/build-arm64-v8a/build/bootstrap_builds/sdl2/jni/SDL   -DANDROID -DGL_GLEXT_PROTOTYPES -Wall -Wextra -Wdocumentation -Wmissing-prototypes -Wunreachable-code-break -Wunneeded-internal-declaration -Wmissing-variable-declarations -Wfloat-conversion -Wshorten-64-to-32 -Wunreachable-code-return -Wshift-sign-overflow -Wstrict-prototypes -Wkeyword-macro -Wno-unused-parameter -Wno-sign-compare -Wformat -Werror=format-security  -c  /home/babak/abg_analyzer_pro/.buildozer/android/platform/build-arm64-v8a/build/bootstrap_builds/sdl2/jni/SDL/src/events/SDL_gesture.c -o /home/babak/abg_analyzer_pro/.buildozer/android/platform/build-arm64-v8a/build/bootstrap_builds/sdl2/obj/local/arm64-v8a/objs-debug/SDL2/src/events/SDL_gesture.o
/home/babak/abg_analyzer_pro/.buildozer/android/platform/build-arm64-v8a/build/bootstrap_builds/sdl2/jni/SDL/src/events/SDL_gesture.c:113:21: warning: a function declaration without a prototype is deprecated in all versions of C [-Wstrict-prototypes]
  113 | void SDL_GestureQuit()
      |                     ^
      |                      void
1 warning generated.
[arm64-v8a] Compile        : SDL2 <= SDL_keyboard.c
rm -f /home/babak/abg_analyzer_pro/.buildozer/android/platform/build-arm64-v8a/build/bootstrap_builds/sdl2/obj/local/arm64-v8a/objs-debug/SDL2/src/events/SDL_keyboard.o
/usr/bin/ccache /home/babak/.buildozer/android/platform/android-ndk-r27c/toolchains/llvm/prebuilt/linux-x86_64/bin/clang -MMD -MP -MF /home/babak/abg_analyzer_pro/.buildozer/android/platform/build-arm64-v8a/build/bootstrap_builds/sdl2/obj/local/arm64-v8a/objs-debug/SDL2/src/events/SDL_keyboard.o.d -target aarch64-none-linux-android24 -fdata-sections -ffunction-sections -fstack-protector-strong -funwind-tables -no-canonical-prefixes  --sysroot /home/babak/.buildozer/android/platform/android-ndk-r27c/toolchains/llvm/prebuilt/linux-x86_64/sysroot -g -Wno-invalid-command-line-argument -Wno-unused-command-line-argument  -D_FORTIFY_SOURCE=2 -fpic -O0 -UNDEBUG -fno-limit-debug-info  -I/home/babak/abg_analyzer_pro/.buildozer/android/platform/build-arm64-v8a/build/bootstrap_builds/sdl2/jni/SDL/include -I/home/babak/.buildozer/android/platform/android-ndk-r27c/sources/android/cpufeatures -I/home/babak/abg_analyzer_pro/.buildozer/android/platform/build-arm64-v8a/build/bootstrap_builds/sdl2/jni/SDL   -DANDROID -DGL_GLEXT_PROTOTYPES -Wall -Wextra -Wdocumentation -Wmissing-prototypes -Wunreachable-code-break -Wunneeded-internal-declaration -Wmissing-variable-declarations -Wfloat-conversion -Wshorten-64-to-32 -Wunreachable-code-return -Wshift-sign-overflow -Wstrict-prototypes -Wkeyword-macro -Wno-unused-parameter -Wno-sign-compare -Wformat -Werror=format-security  -c  /home/babak/abg_analyzer_pro/.buildozer/android/platform/build-arm64-v8a/build/bootstrap_builds/sdl2/jni/SDL/src/events/SDL_keyboard.c -o /home/babak/abg_analyzer_pro/.buildozer/android/platform/build-arm64-v8a/build/bootstrap_builds/sdl2/obj/local/arm64-v8a/objs-debug/SDL2/src/events/SDL_keyboard.o
[arm64-v8a] Compile        : SDL2 <= SDL_keysym_to_scancode.c
rm -f /home/babak/abg_analyzer_pro/.buildozer/android/platform/build-arm64-v8a/build/bootstrap_builds/sdl2/obj/local/arm64-v8a/objs-debug/SDL2/src/events/SDL_keysym_to_scancode.o
/usr/bin/ccache /home/babak/.buildozer/android/platform/android-ndk-r27c/toolchains/llvm/prebuilt/linux-x86_64/bin/clang -MMD -MP -MF /home/babak/abg_analyzer_pro/.buildozer/android/platform/build-arm64-v8a/build/bootstrap_builds/sdl2/obj/local/arm64-v8a/objs-debug/SDL2/src/events/SDL_keysym_to_scancode.o.d -target aarch64-none-linux-android24 -fdata-sections -ffunction-sections -fstack-protector-strong -funwind-tables -no-canonical-prefixes  --sysroot /home/babak/.buildozer/android/platform/android-ndk-r27c/toolchains/llvm/prebuilt/linux-x86_64/sysroot -g -Wno-invalid-command-line-argument -Wno-unused-command-line-argument  -D_FORTIFY_SOURCE=2 -fpic -O0 -UNDEBUG -fno-limit-debug-info  -I/home/babak/abg_analyzer_pro/.buildozer/android/platform/build-arm64-v8a/build/bootstrap_builds/sdl2/jni/SDL/include -I/home/babak/.buildozer/android/platform/android-ndk-r27c/sources/android/cpufeatures -I/home/babak/abg_analyzer_pro/.buildozer/android/platform/build-arm64-v8a/build/bootstrap_builds/sdl2/jni/SDL   -DANDROID -DGL_GLEXT_PROTOTYPES -Wall -Wextra -Wdocumentation -Wmissing-prototypes -Wunreachable-code-break -Wunneeded-internal-declaration -Wmissing-variable-declarations -Wfloat-conversion -Wshorten-64-to-32 -Wunreachable-code-return -Wshift-sign-overflow -Wstrict-prototypes -Wkeyword-macro -Wno-unused-parameter -Wno-sign-compare -Wformat -Werror=format-security  -c  /home/babak/abg_analyzer_pro/.buildozer/android/platform/build-arm64-v8a/build/bootstrap_builds/sdl2/jni/SDL/src/events/SDL_keysym_to_scancode.c -o /home/babak/abg_analyzer_pro/.buildozer/android/platform/build-arm64-v8a/build/bootstrap_builds/sdl2/obj/local/arm64-v8a/objs-debug/SDL2/src/events/SDL_keysym_to_scancode.o
[arm64-v8a] Compile        : SDL2 <= SDL_mouse.c
rm -f /home/babak/abg_analyzer_pro/.buildozer/android/platform/build-arm64-v8a/build/bootstrap_builds/sdl2/obj/local/arm64-v8a/objs-debug/SDL2/src/events/SDL_mouse.o
/usr/bin/ccache /home/babak/.buildozer/android/platform/android-ndk-r27c/toolchains/llvm/prebuilt/linux-x86_64/bin/clang -MMD -MP -MF /home/babak/abg_analyzer_pro/.buildozer/android/platform/build-arm64-v8a/build/bootstrap_builds/sdl2/obj/local/arm64-v8a/objs-debug/SDL2/src/events/SDL_mouse.o.d -target aarch64-none-linux-android24 -fdata-sections -ffunction-sections -fstack-protector-strong -funwind-tables -no-canonical-prefixes  --sysroot /home/babak/.buildozer/android/platform/android-ndk-r27c/toolchains/llvm/prebuilt/linux-x86_64/sysroot -g -Wno-invalid-command-line-argument -Wno-unused-command-line-argument  -D_FORTIFY_SOURCE=2 -fpic -O0 -UNDEBUG -fno-limit-debug-info  -I/home/babak/abg_analyzer_pro/.buildozer/android/platform/build-arm64-v8a/build/bootstrap_builds/sdl2/jni/SDL/include -I/home/babak/.buildozer/android/platform/android-ndk-r27c/sources/android/cpufeatures -I/home/babak/abg_analyzer_pro/.buildozer/android/platform/build-arm64-v8a/build/bootstrap_builds/sdl2/jni/SDL   -DANDROID -DGL_GLEXT_PROTOTYPES -Wall -Wextra -Wdocumentation -Wmissing-prototypes -Wunreachable-code-break -Wunneeded-internal-declaration -Wmissing-variable-declarations -Wfloat-conversion -Wshorten-64-to-32 -Wunreachable-code-return -Wshift-sign-overflow -Wstrict-prototypes -Wkeyword-macro -Wno-unused-parameter -Wno-sign-compare -Wformat -Werror=format-security  -c  /home/babak/abg_analyzer_pro/.buildozer/android/platform/build-arm64-v8a/build/bootstrap_builds/sdl2/jni/SDL/src/events/SDL_mouse.c -o /home/babak/abg_analyzer_pro/.buildozer/android/platform/build-arm64-v8a/build/bootstrap_builds/sdl2/obj/local/arm64-v8a/objs-debug/SDL2/src/events/SDL_mouse.o
/home/babak/abg_analyzer_pro/.buildozer/android/platform/build-arm64-v8a/build/bootstrap_builds/sdl2/jni/SDL/src/events/SDL_mouse.c:1130:34: warning: a function declaration without a prototype is deprecated in all versions of C [-Wstrict-prototypes]
 1130 | SDL_bool SDL_GetRelativeMouseMode()
      |                                  ^
      |                                   void
1 warning generated.
[arm64-v8a] Compile        : SDL2 <= SDL_quit.c
rm -f /home/babak/abg_analyzer_pro/.buildozer/android/platform/build-arm64-v8a/build/bootstrap_builds/sdl2/obj/local/arm64-v8a/objs-debug/SDL2/src/events/SDL_quit.o
/usr/bin/ccache /home/babak/.buildozer/android/platform/android-ndk-r27c/toolchains/llvm/prebuilt/linux-x86_64/bin/clang -MMD -MP -MF /home/babak/abg_analyzer_pro/.buildozer/android/platform/build-arm64-v8a/build/bootstrap_builds/sdl2/obj/local/arm64-v8a/objs-debug/SDL2/src/events/SDL_quit.o.d -target aarch64-none-linux-android24 -fdata-sections -ffunction-sections -fstack-protector-strong -funwind-tables -no-canonical-prefixes  --sysroot /home/babak/.buildozer/android/platform/android-ndk-r27c/toolchains/llvm/prebuilt/linux-x86_64/sysroot -g -Wno-invalid-command-line-argument -Wno-unused-command-line-argument  -D_FORTIFY_SOURCE=2 -fpic -O0 -UNDEBUG -fno-limit-debug-info  -I/home/babak/abg_analyzer_pro/.buildozer/android/platform/build-arm64-v8a/build/bootstrap_builds/sdl2/jni/SDL/include -I/home/babak/.buildozer/android/platform/android-ndk-r27c/sources/android/cpufeatures -I/home/babak/abg_analyzer_pro/.buildozer/android/platform/build-arm64-v8a/build/bootstrap_builds/sdl2/jni/SDL   -DANDROID -DGL_GLEXT_PROTOTYPES -Wall -Wextra -Wdocumentation -Wmissing-prototypes -Wunreachable-code-break -Wunneeded-internal-declaration -Wmissing-variable-declarations -Wfloat-conversion -Wshorten-64-to-32 -Wunreachable-code-return -Wshift-sign-overflow -Wstrict-prototypes -Wkeyword-macro -Wno-unused-parameter -Wno-sign-compare -Wformat -Werror=format-security  -c  /home/babak/abg_analyzer_pro/.buildozer/android/platform/build-arm64-v8a/build/bootstrap_builds/sdl2/jni/SDL/src/events/SDL_quit.c -o /home/babak/abg_analyzer_pro/.buildozer/android/platform/build-arm64-v8a/build/bootstrap_builds/sdl2/obj/local/arm64-v8a/objs-debug/SDL2/src/events/SDL_quit.o
[arm64-v8a] Compile        : SDL2 <= SDL_scancode_tables.c
rm -f /home/babak/abg_analyzer_pro/.buildozer/android/platform/build-arm64-v8a/build/bootstrap_builds/sdl2/obj/local/arm64-v8a/objs-debug/SDL2/src/events/SDL_scancode_tables.o
/usr/bin/ccache /home/babak/.buildozer/android/platform/android-ndk-r27c/toolchains/llvm/prebuilt/linux-x86_64/bin/clang -MMD -MP -MF /home/babak/abg_analyzer_pro/.buildozer/android/platform/build-arm64-v8a/build/bootstrap_builds/sdl2/obj/local/arm64-v8a/objs-debug/SDL2/src/events/SDL_scancode_tables.o.d -target aarch64-none-linux-android24 -fdata-sections -ffunction-sections -fstack-protector-strong -funwind-tables -no-canonical-prefixes  --sysroot /home/babak/.buildozer/android/platform/android-ndk-r27c/toolchains/llvm/prebuilt/linux-x86_64/sysroot -g -Wno-invalid-command-line-argument -Wno-unused-command-line-argument  -D_FORTIFY_SOURCE=2 -fpic -O0 -UNDEBUG -fno-limit-debug-info  -I/home/babak/abg_analyzer_pro/.buildozer/android/platform/build-arm64-v8a/build/bootstrap_builds/sdl2/jni/SDL/include -I/home/babak/.buildozer/android/platform/android-ndk-r27c/sources/android/cpufeatures -I/home/babak/abg_analyzer_pro/.buildozer/android/platform/build-arm64-v8a/build/bootstrap_builds/sdl2/jni/SDL   -DANDROID -DGL_GLEXT_PROTOTYPES -Wall -Wextra -Wdocumentation -Wmissing-prototypes -Wunreachable-code-break -Wunneeded-internal-declaration -Wmissing-variable-declarations -Wfloat-conversion -Wshorten-64-to-32 -Wunreachable-code-return -Wshift-sign-overflow -Wstrict-prototypes -Wkeyword-macro -Wno-unused-parameter -Wno-sign-compare -Wformat -Werror=format-security  -c  /home/babak/abg_analyzer_pro/.buildozer/android/platform/build-arm64-v8a/build/bootstrap_builds/sdl2/jni/SDL/src/events/SDL_scancode_tables.c -o /home/babak/abg_analyzer_pro/.buildozer/android/platform/build-arm64-v8a/build/bootstrap_builds/sdl2/obj/local/arm64-v8a/objs-debug/SDL2/src/events/SDL_scancode_tables.o
[arm64-v8a] Compile        : SDL2 <= SDL_touch.c
rm -f /home/babak/abg_analyzer_pro/.buildozer/android/platform/build-arm64-v8a/build/bootstrap_builds/sdl2/obj/local/arm64-v8a/objs-debug/SDL2/src/events/SDL_touch.o
/usr/bin/ccache /home/babak/.buildozer/android/platform/android-ndk-r27c/toolchains/llvm/prebuilt/linux-x86_64/bin/clang -MMD -MP -MF /home/babak/abg_analyzer_pro/.buildozer/android/platform/build-arm64-v8a/build/bootstrap_builds/sdl2/obj/local/arm64-v8a/objs-debug/SDL2/src/events/SDL_touch.o.d -target aarch64-none-linux-android24 -fdata-sections -ffunction-sections -fstack-protector-strong -funwind-tables -no-canonical-prefixes  --sysroot /home/babak/.buildozer/android/platform/android-ndk-r27c/toolchains/llvm/prebuilt/linux-x86_64/sysroot -g -Wno-invalid-command-line-argument -Wno-unused-command-line-argument  -D_FORTIFY_SOURCE=2 -fpic -O0 -UNDEBUG -fno-limit-debug-info  -I/home/babak/abg_analyzer_pro/.buildozer/android/platform/build-arm64-v8a/build/bootstrap_builds/sdl2/jni/SDL/include -I/home/babak/.buildozer/android/platform/android-ndk-r27c/sources/android/cpufeatures -I/home/babak/abg_analyzer_pro/.buildozer/android/platform/build-arm64-v8a/build/bootstrap_builds/sdl2/jni/SDL   -DANDROID -DGL_GLEXT_PROTOTYPES -Wall -Wextra -Wdocumentation -Wmissing-prototypes -Wunreachable-code-break -Wunneeded-internal-declaration -Wmissing-variable-declarations -Wfloat-conversion -Wshorten-64-to-32 -Wunreachable-code-return -Wshift-sign-overflow -Wstrict-prototypes -Wkeyword-macro -Wno-unused-parameter -Wno-sign-compare -Wformat -Werror=format-security  -c  /home/babak/abg_analyzer_pro/.buildozer/android/platform/build-arm64-v8a/build/bootstrap_builds/sdl2/jni/SDL/src/events/SDL_touch.c -o /home/babak/abg_analyzer_pro/.buildozer/android/platform/build-arm64-v8a/build/bootstrap_builds/sdl2/obj/local/arm64-v8a/objs-debug/SDL2/src/events/SDL_touch.o
[arm64-v8a] Compile        : SDL2 <= SDL_windowevents.c
rm -f /home/babak/abg_analyzer_pro/.buildozer/android/platform/build-arm64-v8a/build/bootstrap_builds/sdl2/obj/local/arm64-v8a/objs-debug/SDL2/src/events/SDL_windowevents.o
/usr/bin/ccache /home/babak/.buildozer/android/platform/android-ndk-r27c/toolchains/llvm/prebuilt/linux-x86_64/bin/clang -MMD -MP -MF /home/babak/abg_analyzer_pro/.buildozer/android/platform/build-arm64-v8a/build/bootstrap_builds/sdl2/obj/local/arm64-v8a/objs-debug/SDL2/src/events/SDL_windowevents.o.d -target aarch64-none-linux-android24 -fdata-sections -ffunction-sections -fstack-protector-strong -funwind-tables -no-canonical-prefixes  --sysroot /home/babak/.buildozer/android/platform/android-ndk-r27c/toolchains/llvm/prebuilt/linux-x86_64/sysroot -g -Wno-invalid-command-line-argument -Wno-unused-command-line-argument  -D_FORTIFY_SOURCE=2 -fpic -O0 -UNDEBUG -fno-limit-debug-info  -I/home/babak/abg_analyzer_pro/.buildozer/android/platform/build-arm64-v8a/build/bootstrap_builds/sdl2/jni/SDL/include -I/home/babak/.buildozer/android/platform/android-ndk-r27c/sources/android/cpufeatures -I/home/babak/abg_analyzer_pro/.buildozer/android/platform/build-arm64-v8a/build/bootstrap_builds/sdl2/jni/SDL   -DANDROID -DGL_GLEXT_PROTOTYPES -Wall -Wextra -Wdocumentation -Wmissing-prototypes -Wunreachable-code-break -Wunneeded-internal-declaration -Wmissing-variable-declarations -Wfloat-conversion -Wshorten-64-to-32 -Wunreachable-code-return -Wshift-sign-overflow -Wstrict-prototypes -Wkeyword-macro -Wno-unused-parameter -Wno-sign-compare -Wformat -Werror=format-security  -c  /home/babak/abg_analyzer_pro/.buildozer/android/platform/build-arm64-v8a/build/bootstrap_builds/sdl2/jni/SDL/src/events/SDL_windowevents.c -o /home/babak/abg_analyzer_pro/.buildozer/android/platform/build-arm64-v8a/build/bootstrap_builds/sdl2/obj/local/arm64-v8a/objs-debug/SDL2/src/events/SDL_windowevents.o
[arm64-v8a] Compile        : SDL2 <= imKStoUCS.c
rm -f /home/babak/abg_analyzer_pro/.buildozer/android/platform/build-arm64-v8a/build/bootstrap_builds/sdl2/obj/local/arm64-v8a/objs-debug/SDL2/src/events/imKStoUCS.o
/usr/bin/ccache /home/babak/.buildozer/android/platform/android-ndk-r27c/toolchains/llvm/prebuilt/linux-x86_64/bin/clang -MMD -MP -MF /home/babak/abg_analyzer_pro/.buildozer/android/platform/build-arm64-v8a/build/bootstrap_builds/sdl2/obj/local/arm64-v8a/objs-debug/SDL2/src/events/imKStoUCS.o.d -target aarch64-none-linux-android24 -fdata-sections -ffunction-sections -fstack-protector-strong -funwind-tables -no-canonical-prefixes  --sysroot /home/babak/.buildozer/android/platform/android-ndk-r27c/toolchains/llvm/prebuilt/linux-x86_64/sysroot -g -Wno-invalid-command-line-argument -Wno-unused-command-line-argument  -D_FORTIFY_SOURCE=2 -fpic -O0 -UNDEBUG -fno-limit-debug-info  -I/home/babak/abg_analyzer_pro/.buildozer/android/platform/build-arm64-v8a/build/bootstrap_builds/sdl2/jni/SDL/include -I/home/babak/.buildozer/android/platform/android-ndk-r27c/sources/android/cpufeatures -I/home/babak/abg_analyzer_pro/.buildozer/android/platform/build-arm64-v8a/build/bootstrap_builds/sdl2/jni/SDL   -DANDROID -DGL_GLEXT_PROTOTYPES -Wall -Wextra -Wdocumentation -Wmissing-prototypes -Wunreachable-code-break -Wunneeded-internal-declaration -Wmissing-variable-declarations -Wfloat-conversion -Wshorten-64-to-32 -Wunreachable-code-return -Wshift-sign-overflow -Wstrict-prototypes -Wkeyword-macro -Wno-unused-parameter -Wno-sign-compare -Wformat -Werror=format-security  -c  /home/babak/abg_analyzer_pro/.buildozer/android/platform/build-arm64-v8a/build/bootstrap_builds/sdl2/jni/SDL/src/events/imKStoUCS.c -o /home/babak/abg_analyzer_pro/.buildozer/android/platform/build-arm64-v8a/build/bootstrap_builds/sdl2/obj/local/arm64-v8a/objs-debug/SDL2/src/events/imKStoUCS.o
[arm64-v8a] Compile        : SDL2 <= SDL_rwops.c
rm -f /home/babak/abg_analyzer_pro/.buildozer/android/platform/build-arm64-v8a/build/bootstrap_builds/sdl2/obj/local/arm64-v8a/objs-debug/SDL2/src/file/SDL_rwops.o
/usr/bin/ccache /home/babak/.buildozer/android/platform/android-ndk-r27c/toolchains/llvm/prebuilt/linux-x86_64/bin/clang -MMD -MP -MF /home/babak/abg_analyzer_pro/.buildozer/android/platform/build-arm64-v8a/build/bootstrap_builds/sdl2/obj/local/arm64-v8a/objs-debug/SDL2/src/file/SDL_rwops.o.d -target aarch64-none-linux-android24 -fdata-sections -ffunction-sections -fstack-protector-strong -funwind-tables -no-canonical-prefixes  --sysroot /home/babak/.buildozer/android/platform/android-ndk-r27c/toolchains/llvm/prebuilt/linux-x86_64/sysroot -g -Wno-invalid-command-line-argument -Wno-unused-command-line-argument  -D_FORTIFY_SOURCE=2 -fpic -O0 -UNDEBUG -fno-limit-debug-info  -I/home/babak/abg_analyzer_pro/.buildozer/android/platform/build-arm64-v8a/build/bootstrap_builds/sdl2/jni/SDL/include -I/home/babak/.buildozer/android/platform/android-ndk-r27c/sources/android/cpufeatures -I/home/babak/abg_analyzer_pro/.buildozer/android/platform/build-arm64-v8a/build/bootstrap_builds/sdl2/jni/SDL   -DANDROID -DGL_GLEXT_PROTOTYPES -Wall -Wextra -Wdocumentation -Wmissing-prototypes -Wunreachable-code-break -Wunneeded-internal-declaration -Wmissing-variable-declarations -Wfloat-conversion -Wshorten-64-to-32 -Wunreachable-code-return -Wshift-sign-overflow -Wstrict-prototypes -Wkeyword-macro -Wno-unused-parameter -Wno-sign-compare -Wformat -Werror=format-security  -c  /home/babak/abg_analyzer_pro/.buildozer/android/platform/build-arm64-v8a/build/bootstrap_builds/sdl2/jni/SDL/src/file/SDL_rwops.c -o /home/babak/abg_analyzer_pro/.buildozer/android/platform/build-arm64-v8a/build/bootstrap_builds/sdl2/obj/local/arm64-v8a/objs-debug/SDL2/src/file/SDL_rwops.o
[arm64-v8a] Compile        : SDL2 <= SDL_haptic.c
rm -f /home/babak/abg_analyzer_pro/.buildozer/android/platform/build-arm64-v8a/build/bootstrap_builds/sdl2/obj/local/arm64-v8a/objs-debug/SDL2/src/haptic/SDL_haptic.o
/usr/bin/ccache /home/babak/.buildozer/android/platform/android-ndk-r27c/toolchains/llvm/prebuilt/linux-x86_64/bin/clang -MMD -MP -MF /home/babak/abg_analyzer_pro/.buildozer/android/platform/build-arm64-v8a/build/bootstrap_builds/sdl2/obj/local/arm64-v8a/objs-debug/SDL2/src/haptic/SDL_haptic.o.d -target aarch64-none-linux-android24 -fdata-sections -ffunction-sections -fstack-protector-strong -funwind-tables -no-canonical-prefixes  --sysroot /home/babak/.buildozer/android/platform/android-ndk-r27c/toolchains/llvm/prebuilt/linux-x86_64/sysroot -g -Wno-invalid-command-line-argument -Wno-unused-command-line-argument  -D_FORTIFY_SOURCE=2 -fpic -O0 -UNDEBUG -fno-limit-debug-info  -I/home/babak/abg_analyzer_pro/.buildozer/android/platform/build-arm64-v8a/build/bootstrap_builds/sdl2/jni/SDL/include -I/home/babak/.buildozer/android/platform/android-ndk-r27c/sources/android/cpufeatures -I/home/babak/abg_analyzer_pro/.buildozer/android/platform/build-arm64-v8a/build/bootstrap_builds/sdl2/jni/SDL   -DANDROID -DGL_GLEXT_PROTOTYPES -Wall -Wextra -Wdocumentation -Wmissing-prototypes -Wunreachable-code-break -Wunneeded-internal-declaration -Wmissing-variable-declarations -Wfloat-conversion -Wshorten-64-to-32 -Wunreachable-code-return -Wshift-sign-overflow -Wstrict-prototypes -Wkeyword-macro -Wno-unused-parameter -Wno-sign-compare -Wformat -Werror=format-security  -c  /home/babak/abg_analyzer_pro/.buildozer/android/platform/build-arm64-v8a/build/bootstrap_builds/sdl2/jni/SDL/src/haptic/SDL_haptic.c -o /home/babak/abg_analyzer_pro/.buildozer/android/platform/build-arm64-v8a/build/bootstrap_builds/sdl2/obj/local/arm64-v8a/objs-debug/SDL2/src/haptic/SDL_haptic.o
[arm64-v8a] Compile        : SDL2 <= SDL_syshaptic.c
rm -f /home/babak/abg_analyzer_pro/.buildozer/android/platform/build-arm64-v8a/build/bootstrap_builds/sdl2/obj/local/arm64-v8a/objs-debug/SDL2/src/haptic/android/SDL_syshaptic.o
/usr/bin/ccache /home/babak/.buildozer/android/platform/android-ndk-r27c/toolchains/llvm/prebuilt/linux-x86_64/bin/clang -MMD -MP -MF /home/babak/abg_analyzer_pro/.buildozer/android/platform/build-arm64-v8a/build/bootstrap_builds/sdl2/obj/local/arm64-v8a/objs-debug/SDL2/src/haptic/android/SDL_syshaptic.o.d -target aarch64-none-linux-android24 -fdata-sections -ffunction-sections -fstack-protector-strong -funwind-tables -no-canonical-prefixes  --sysroot /home/babak/.buildozer/android/platform/android-ndk-r27c/toolchains/llvm/prebuilt/linux-x86_64/sysroot -g -Wno-invalid-command-line-argument -Wno-unused-command-line-argument  -D_FORTIFY_SOURCE=2 -fpic -O0 -UNDEBUG -fno-limit-debug-info  -I/home/babak/abg_analyzer_pro/.buildozer/android/platform/build-arm64-v8a/build/bootstrap_builds/sdl2/jni/SDL/include -I/home/babak/.buildozer/android/platform/android-ndk-r27c/sources/android/cpufeatures -I/home/babak/abg_analyzer_pro/.buildozer/android/platform/build-arm64-v8a/build/bootstrap_builds/sdl2/jni/SDL   -DANDROID -DGL_GLEXT_PROTOTYPES -Wall -Wextra -Wdocumentation -Wmissing-prototypes -Wunreachable-code-break -Wunneeded-internal-declaration -Wmissing-variable-declarations -Wfloat-conversion -Wshorten-64-to-32 -Wunreachable-code-return -Wshift-sign-overflow -Wstrict-prototypes -Wkeyword-macro -Wno-unused-parameter -Wno-sign-compare -Wformat -Werror=format-security  -c  /home/babak/abg_analyzer_pro/.buildozer/android/platform/build-arm64-v8a/build/bootstrap_builds/sdl2/jni/SDL/src/haptic/android/SDL_syshaptic.c -o /home/babak/abg_analyzer_pro/.buildozer/android/platform/build-arm64-v8a/build/bootstrap_builds/sdl2/obj/local/arm64-v8a/objs-debug/SDL2/src/haptic/android/SDL_syshaptic.o
[arm64-v8a] Compile        : SDL2 <= SDL_hidapi.c
rm -f /home/babak/abg_analyzer_pro/.buildozer/android/platform/build-arm64-v8a/build/bootstrap_builds/sdl2/obj/local/arm64-v8a/objs-debug/SDL2/src/hidapi/SDL_hidapi.o
/usr/bin/ccache /home/babak/.buildozer/android/platform/android-ndk-r27c/toolchains/llvm/prebuilt/linux-x86_64/bin/clang -MMD -MP -MF /home/babak/abg_analyzer_pro/.buildozer/android/platform/build-arm64-v8a/build/bootstrap_builds/sdl2/obj/local/arm64-v8a/objs-debug/SDL2/src/hidapi/SDL_hidapi.o.d -target aarch64-none-linux-android24 -fdata-sections -ffunction-sections -fstack-protector-strong -funwind-tables -no-canonical-prefixes  --sysroot /home/babak/.buildozer/android/platform/android-ndk-r27c/toolchains/llvm/prebuilt/linux-x86_64/sysroot -g -Wno-invalid-command-line-argument -Wno-unused-command-line-argument  -D_FORTIFY_SOURCE=2 -fpic -O0 -UNDEBUG -fno-limit-debug-info  -I/home/babak/abg_analyzer_pro/.buildozer/android/platform/build-arm64-v8a/build/bootstrap_builds/sdl2/jni/SDL/include -I/home/babak/.buildozer/android/platform/android-ndk-r27c/sources/android/cpufeatures -I/home/babak/abg_analyzer_pro/.buildozer/android/platform/build-arm64-v8a/build/bootstrap_builds/sdl2/jni/SDL   -DANDROID -DGL_GLEXT_PROTOTYPES -Wall -Wextra -Wdocumentation -Wmissing-prototypes -Wunreachable-code-break -Wunneeded-internal-declaration -Wmissing-variable-declarations -Wfloat-conversion -Wshorten-64-to-32 -Wunreachable-code-return -Wshift-sign-overflow -Wstrict-prototypes -Wkeyword-macro -Wno-unused-parameter -Wno-sign-compare -Wformat -Werror=format-security  -c  /home/babak/abg_analyzer_pro/.buildozer/android/platform/build-arm64-v8a/build/bootstrap_builds/sdl2/jni/SDL/src/hidapi/SDL_hidapi.c -o /home/babak/abg_analyzer_pro/.buildozer/android/platform/build-arm64-v8a/build/bootstrap_builds/sdl2/obj/local/arm64-v8a/objs-debug/SDL2/src/hidapi/SDL_hidapi.o
/home/babak/abg_analyzer_pro/.buildozer/android/platform/build-arm64-v8a/build/bootstrap_builds/sdl2/jni/SDL/src/hidapi/SDL_hidapi.c:224:39: warning: a function declaration without a prototype is deprecated in all versions of C [-Wstrict-prototypes]
  224 | static void HIDAPI_InitializeDiscovery()
      |                                       ^
      |                                        void
/home/babak/abg_analyzer_pro/.buildozer/android/platform/build-arm64-v8a/build/bootstrap_builds/sdl2/jni/SDL/src/hidapi/SDL_hidapi.c:363:35: warning: a function declaration without a prototype is deprecated in all versions of C [-Wstrict-prototypes]
  363 | static void HIDAPI_UpdateDiscovery()
      |                                   ^
      |                                    void
/home/babak/abg_analyzer_pro/.buildozer/android/platform/build-arm64-v8a/build/bootstrap_builds/sdl2/jni/SDL/src/hidapi/SDL_hidapi.c:480:37: warning: a function declaration without a prototype is deprecated in all versions of C [-Wstrict-prototypes]
  480 | static void HIDAPI_ShutdownDiscovery()
      |                                     ^
      |                                      void
3 warnings generated.
[arm64-v8a] Compile++      : SDL2 <= hid.cpp
rm -f /home/babak/abg_analyzer_pro/.buildozer/android/platform/build-arm64-v8a/build/bootstrap_builds/sdl2/obj/local/arm64-v8a/objs-debug/SDL2/src/hidapi/android/hid.o
/usr/bin/ccache /home/babak/.buildozer/android/platform/android-ndk-r27c/toolchains/llvm/prebuilt/linux-x86_64/bin/clang++ -MMD -MP -MF /home/babak/abg_analyzer_pro/.buildozer/android/platform/build-arm64-v8a/build/bootstrap_builds/sdl2/obj/local/arm64-v8a/objs-debug/SDL2/src/hidapi/android/hid.o.d -target aarch64-none-linux-android24 -fdata-sections -ffunction-sections -fstack-protector-strong -funwind-tables -no-canonical-prefixes  --sysroot /home/babak/.buildozer/android/platform/android-ndk-r27c/toolchains/llvm/prebuilt/linux-x86_64/sysroot -g -Wno-invalid-command-line-argument -Wno-unused-command-line-argument  -D_FORTIFY_SOURCE=2 -fno-exceptions -fno-rtti -fpic -O0 -UNDEBUG -fno-limit-debug-info  -I/home/babak/abg_analyzer_pro/.buildozer/android/platform/build-arm64-v8a/build/bootstrap_builds/sdl2/jni/SDL/include -I/home/babak/.buildozer/android/platform/android-ndk-r27c/sources/android/cpufeatures -I/home/babak/abg_analyzer_pro/.buildozer/android/platform/build-arm64-v8a/build/bootstrap_builds/sdl2/jni/SDL    -DANDROID -DGL_GLEXT_PROTOTYPES -Wall -Wextra -Wdocumentation -Wmissing-prototypes -Wunreachable-code-break -Wunneeded-internal-declaration -Wmissing-variable-declarations -Wfloat-conversion -Wshorten-64-to-32 -Wunreachable-code-return -Wshift-sign-overflow -Wstrict-prototypes -Wkeyword-macro -Wno-unused-parameter -Wno-sign-compare -Wformat -Werror=format-security  -std=gnu++11 -c  /home/babak/abg_analyzer_pro/.buildozer/android/platform/build-arm64-v8a/build/bootstrap_builds/sdl2/jni/SDL/src/hidapi/android/hid.cpp -o /home/babak/abg_analyzer_pro/.buildozer/android/platform/build-arm64-v8a/build/bootstrap_builds/sdl2/obj/local/arm64-v8a/objs-debug/SDL2/src/hidapi/android/hid.o
[arm64-v8a] Compile        : SDL2 <= SDL_gamecontroller.c
rm -f /home/babak/abg_analyzer_pro/.buildozer/android/platform/build-arm64-v8a/build/bootstrap_builds/sdl2/obj/local/arm64-v8a/objs-debug/SDL2/src/joystick/SDL_gamecontroller.o
/usr/bin/ccache /home/babak/.buildozer/android/platform/android-ndk-r27c/toolchains/llvm/prebuilt/linux-x86_64/bin/clang -MMD -MP -MF /home/babak/abg_analyzer_pro/.buildozer/android/platform/build-arm64-v8a/build/bootstrap_builds/sdl2/obj/local/arm64-v8a/objs-debug/SDL2/src/joystick/SDL_gamecontroller.o.d -target aarch64-none-linux-android24 -fdata-sections -ffunction-sections -fstack-protector-strong -funwind-tables -no-canonical-prefixes  --sysroot /home/babak/.buildozer/android/platform/android-ndk-r27c/toolchains/llvm/prebuilt/linux-x86_64/sysroot -g -Wno-invalid-command-line-argument -Wno-unused-command-line-argument  -D_FORTIFY_SOURCE=2 -fpic -O0 -UNDEBUG -fno-limit-debug-info  -I/home/babak/abg_analyzer_pro/.buildozer/android/platform/build-arm64-v8a/build/bootstrap_builds/sdl2/jni/SDL/include -I/home/babak/.buildozer/android/platform/android-ndk-r27c/sources/android/cpufeatures -I/home/babak/abg_analyzer_pro/.buildozer/android/platform/build-arm64-v8a/build/bootstrap_builds/sdl2/jni/SDL   -DANDROID -DGL_GLEXT_PROTOTYPES -Wall -Wextra -Wdocumentation -Wmissing-prototypes -Wunreachable-code-break -Wunneeded-internal-declaration -Wmissing-variable-declarations -Wfloat-conversion -Wshorten-64-to-32 -Wunreachable-code-return -Wshift-sign-overflow -Wstrict-prototypes -Wkeyword-macro -Wno-unused-parameter -Wno-sign-compare -Wformat -Werror=format-security  -c  /home/babak/abg_analyzer_pro/.buildozer/android/platform/build-arm64-v8a/build/bootstrap_builds/sdl2/jni/SDL/src/joystick/SDL_gamecontroller.c -o /home/babak/abg_analyzer_pro/.buildozer/android/platform/build-arm64-v8a/build/bootstrap_builds/sdl2/obj/local/arm64-v8a/objs-debug/SDL2/src/joystick/SDL_gamecontroller.o
/home/babak/abg_analyzer_pro/.buildozer/android/platform/build-arm64-v8a/build/bootstrap_builds/sdl2/jni/SDL/src/joystick/SDL_gamecontroller.c:1823:40: warning: a function declaration without a prototype is deprecated in all versions of C [-Wstrict-prototypes]
 1823 | static void SDL_GameControllerLoadHints()
      |                                        ^
      |                                         void
1 warning generated.
[arm64-v8a] Compile        : SDL2 <= SDL_joystick.c
rm -f /home/babak/abg_analyzer_pro/.buildozer/android/platform/build-arm64-v8a/build/bootstrap_builds/sdl2/obj/local/arm64-v8a/objs-debug/SDL2/src/joystick/SDL_joystick.o
/usr/bin/ccache /home/babak/.buildozer/android/platform/android-ndk-r27c/toolchains/llvm/prebuilt/linux-x86_64/bin/clang -MMD -MP -MF /home/babak/abg_analyzer_pro/.buildozer/android/platform/build-arm64-v8a/build/bootstrap_builds/sdl2/obj/local/arm64-v8a/objs-debug/SDL2/src/joystick/SDL_joystick.o.d -target aarch64-none-linux-android24 -fdata-sections -ffunction-sections -fstack-protector-strong -funwind-tables -no-canonical-prefixes  --sysroot /home/babak/.buildozer/android/platform/android-ndk-r27c/toolchains/llvm/prebuilt/linux-x86_64/sysroot -g -Wno-invalid-command-line-argument -Wno-unused-command-line-argument  -D_FORTIFY_SOURCE=2 -fpic -O0 -UNDEBUG -fno-limit-debug-info  -I/home/babak/abg_analyzer_pro/.buildozer/android/platform/build-arm64-v8a/build/bootstrap_builds/sdl2/jni/SDL/include -I/home/babak/.buildozer/android/platform/android-ndk-r27c/sources/android/cpufeatures -I/home/babak/abg_analyzer_pro/.buildozer/android/platform/build-arm64-v8a/build/bootstrap_builds/sdl2/jni/SDL   -DANDROID -DGL_GLEXT_PROTOTYPES -Wall -Wextra -Wdocumentation -Wmissing-prototypes -Wunreachable-code-break -Wunneeded-internal-declaration -Wmissing-variable-declarations -Wfloat-conversion -Wshorten-64-to-32 -Wunreachable-code-return -Wshift-sign-overflow -Wstrict-prototypes -Wkeyword-macro -Wno-unused-parameter -Wno-sign-compare -Wformat -Werror=format-security  -c  /home/babak/abg_analyzer_pro/.buildozer/android/platform/build-arm64-v8a/build/bootstrap_builds/sdl2/jni/SDL/src/joystick/SDL_joystick.c -o /home/babak/abg_analyzer_pro/.buildozer/android/platform/build-arm64-v8a/build/bootstrap_builds/sdl2/obj/local/arm64-v8a/objs-debug/SDL2/src/joystick/SDL_joystick.o
/home/babak/abg_analyzer_pro/.buildozer/android/platform/build-arm64-v8a/build/bootstrap_builds/sdl2/jni/SDL/src/joystick/SDL_joystick.c:216:35: warning: a function declaration without a prototype is deprecated in all versions of C [-Wstrict-prototypes]
  216 | static int SDL_FindFreePlayerIndex()
      |                                   ^
      |                                    void
/home/babak/abg_analyzer_pro/.buildozer/android/platform/build-arm64-v8a/build/bootstrap_builds/sdl2/jni/SDL/src/joystick/SDL_joystick.c:371:45: warning: a function declaration without a prototype is deprecated in all versions of C [-Wstrict-prototypes]
  371 | SDL_JoystickID SDL_GetNextJoystickInstanceID()
      |                                             ^
      |                                              void
/home/babak/abg_analyzer_pro/.buildozer/android/platform/build-arm64-v8a/build/bootstrap_builds/sdl2/jni/SDL/src/joystick/SDL_joystick.c:1357:53: warning: a function declaration without a prototype is deprecated in all versions of C [-Wstrict-prototypes]
 1357 | static SDL_bool SDL_PrivateJoystickShouldIgnoreEvent()
      |                                                     ^
      |                                                      void
3 warnings generated.
[arm64-v8a] Compile        : SDL2 <= controller_type.c
rm -f /home/babak/abg_analyzer_pro/.buildozer/android/platform/build-arm64-v8a/build/bootstrap_builds/sdl2/obj/local/arm64-v8a/objs-debug/SDL2/src/joystick/controller_type.o
/usr/bin/ccache /home/babak/.buildozer/android/platform/android-ndk-r27c/toolchains/llvm/prebuilt/linux-x86_64/bin/clang -MMD -MP -MF /home/babak/abg_analyzer_pro/.buildozer/android/platform/build-arm64-v8a/build/bootstrap_builds/sdl2/obj/local/arm64-v8a/objs-debug/SDL2/src/joystick/controller_type.o.d -target aarch64-none-linux-android24 -fdata-sections -ffunction-sections -fstack-protector-strong -funwind-tables -no-canonical-prefixes  --sysroot /home/babak/.buildozer/android/platform/android-ndk-r27c/toolchains/llvm/prebuilt/linux-x86_64/sysroot -g -Wno-invalid-command-line-argument -Wno-unused-command-line-argument  -D_FORTIFY_SOURCE=2 -fpic -O0 -UNDEBUG -fno-limit-debug-info  -I/home/babak/abg_analyzer_pro/.buildozer/android/platform/build-arm64-v8a/build/bootstrap_builds/sdl2/jni/SDL/include -I/home/babak/.buildozer/android/platform/android-ndk-r27c/sources/android/cpufeatures -I/home/babak/abg_analyzer_pro/.buildozer/android/platform/build-arm64-v8a/build/bootstrap_builds/sdl2/jni/SDL   -DANDROID -DGL_GLEXT_PROTOTYPES -Wall -Wextra -Wdocumentation -Wmissing-prototypes -Wunreachable-code-break -Wunneeded-internal-declaration -Wmissing-variable-declarations -Wfloat-conversion -Wshorten-64-to-32 -Wunreachable-code-return -Wshift-sign-overflow -Wstrict-prototypes -Wkeyword-macro -Wno-unused-parameter -Wno-sign-compare -Wformat -Werror=format-security  -c  /home/babak/abg_analyzer_pro/.buildozer/android/platform/build-arm64-v8a/build/bootstrap_builds/sdl2/jni/SDL/src/joystick/controller_type.c -o /home/babak/abg_analyzer_pro/.buildozer/android/platform/build-arm64-v8a/build/bootstrap_builds/sdl2/obj/local/arm64-v8a/objs-debug/SDL2/src/joystick/controller_type.o
[arm64-v8a] Compile        : SDL2 <= SDL_sysjoystick.c
rm -f /home/babak/abg_analyzer_pro/.buildozer/android/platform/build-arm64-v8a/build/bootstrap_builds/sdl2/obj/local/arm64-v8a/objs-debug/SDL2/src/joystick/android/SDL_sysjoystick.o
/usr/bin/ccache /home/babak/.buildozer/android/platform/android-ndk-r27c/toolchains/llvm/prebuilt/linux-x86_64/bin/clang -MMD -MP -MF /home/babak/abg_analyzer_pro/.buildozer/android/platform/build-arm64-v8a/build/bootstrap_builds/sdl2/obj/local/arm64-v8a/objs-debug/SDL2/src/joystick/android/SDL_sysjoystick.o.d -target aarch64-none-linux-android24 -fdata-sections -ffunction-sections -fstack-protector-strong -funwind-tables -no-canonical-prefixes  --sysroot /home/babak/.buildozer/android/platform/android-ndk-r27c/toolchains/llvm/prebuilt/linux-x86_64/sysroot -g -Wno-invalid-command-line-argument -Wno-unused-command-line-argument  -D_FORTIFY_SOURCE=2 -fpic -O0 -UNDEBUG -fno-limit-debug-info  -I/home/babak/abg_analyzer_pro/.buildozer/android/platform/build-arm64-v8a/build/bootstrap_builds/sdl2/jni/SDL/include -I/home/babak/.buildozer/android/platform/android-ndk-r27c/sources/android/cpufeatures -I/home/babak/abg_analyzer_pro/.buildozer/android/platform/build-arm64-v8a/build/bootstrap_builds/sdl2/jni/SDL   -DANDROID -DGL_GLEXT_PROTOTYPES -Wall -Wextra -Wdocumentation -Wmissing-prototypes -Wunreachable-code-break -Wunneeded-internal-declaration -Wmissing-variable-declarations -Wfloat-conversion -Wshorten-64-to-32 -Wunreachable-code-return -Wshift-sign-overflow -Wstrict-prototypes -Wkeyword-macro -Wno-unused-parameter -Wno-sign-compare -Wformat -Werror=format-security  -c  /home/babak/abg_analyzer_pro/.buildozer/android/platform/build-arm64-v8a/build/bootstrap_builds/sdl2/jni/SDL/src/joystick/android/SDL_sysjoystick.c -o /home/babak/abg_analyzer_pro/.buildozer/android/platform/build-arm64-v8a/build/bootstrap_builds/sdl2/obj/local/arm64-v8a/objs-debug/SDL2/src/joystick/android/SDL_sysjoystick.o
[arm64-v8a] Compile        : SDL2 <= SDL_hidapi_combined.c
rm -f /home/babak/abg_analyzer_pro/.buildozer/android/platform/build-arm64-v8a/build/bootstrap_builds/sdl2/obj/local/arm64-v8a/objs-debug/SDL2/src/joystick/hidapi/SDL_hidapi_combined.o
/usr/bin/ccache /home/babak/.buildozer/android/platform/android-ndk-r27c/toolchains/llvm/prebuilt/linux-x86_64/bin/clang -MMD -MP -MF /home/babak/abg_analyzer_pro/.buildozer/android/platform/build-arm64-v8a/build/bootstrap_builds/sdl2/obj/local/arm64-v8a/objs-debug/SDL2/src/joystick/hidapi/SDL_hidapi_combined.o.d -target aarch64-none-linux-android24 -fdata-sections -ffunction-sections -fstack-protector-strong -funwind-tables -no-canonical-prefixes  --sysroot /home/babak/.buildozer/android/platform/android-ndk-r27c/toolchains/llvm/prebuilt/linux-x86_64/sysroot -g -Wno-invalid-command-line-argument -Wno-unused-command-line-argument  -D_FORTIFY_SOURCE=2 -fpic -O0 -UNDEBUG -fno-limit-debug-info  -I/home/babak/abg_analyzer_pro/.buildozer/android/platform/build-arm64-v8a/build/bootstrap_builds/sdl2/jni/SDL/include -I/home/babak/.buildozer/android/platform/android-ndk-r27c/sources/android/cpufeatures -I/home/babak/abg_analyzer_pro/.buildozer/android/platform/build-arm64-v8a/build/bootstrap_builds/sdl2/jni/SDL   -DANDROID -DGL_GLEXT_PROTOTYPES -Wall -Wextra -Wdocumentation -Wmissing-prototypes -Wunreachable-code-break -Wunneeded-internal-declaration -Wmissing-variable-declarations -Wfloat-conversion -Wshorten-64-to-32 -Wunreachable-code-return -Wshift-sign-overflow -Wstrict-prototypes -Wkeyword-macro -Wno-unused-parameter -Wno-sign-compare -Wformat -Werror=format-security  -c  /home/babak/abg_analyzer_pro/.buildozer/android/platform/build-arm64-v8a/build/bootstrap_builds/sdl2/jni/SDL/src/joystick/hidapi/SDL_hidapi_combined.c -o /home/babak/abg_analyzer_pro/.buildozer/android/platform/build-arm64-v8a/build/bootstrap_builds/sdl2/obj/local/arm64-v8a/objs-debug/SDL2/src/joystick/hidapi/SDL_hidapi_combined.o
[arm64-v8a] Compile        : SDL2 <= SDL_hidapi_gamecube.c
rm -f /home/babak/abg_analyzer_pro/.buildozer/android/platform/build-arm64-v8a/build/bootstrap_builds/sdl2/obj/local/arm64-v8a/objs-debug/SDL2/src/joystick/hidapi/SDL_hidapi_gamecube.o
/usr/bin/ccache /home/babak/.buildozer/android/platform/android-ndk-r27c/toolchains/llvm/prebuilt/linux-x86_64/bin/clang -MMD -MP -MF /home/babak/abg_analyzer_pro/.buildozer/android/platform/build-arm64-v8a/build/bootstrap_builds/sdl2/obj/local/arm64-v8a/objs-debug/SDL2/src/joystick/hidapi/SDL_hidapi_gamecube.o.d -target aarch64-none-linux-android24 -fdata-sections -ffunction-sections -fstack-protector-strong -funwind-tables -no-canonical-prefixes  --sysroot /home/babak/.buildozer/android/platform/android-ndk-r27c/toolchains/llvm/prebuilt/linux-x86_64/sysroot -g -Wno-invalid-command-line-argument -Wno-unused-command-line-argument  -D_FORTIFY_SOURCE=2 -fpic -O0 -UNDEBUG -fno-limit-debug-info  -I/home/babak/abg_analyzer_pro/.buildozer/android/platform/build-arm64-v8a/build/bootstrap_builds/sdl2/jni/SDL/include -I/home/babak/.buildozer/android/platform/android-ndk-r27c/sources/android/cpufeatures -I/home/babak/abg_analyzer_pro/.buildozer/android/platform/build-arm64-v8a/build/bootstrap_builds/sdl2/jni/SDL   -DANDROID -DGL_GLEXT_PROTOTYPES -Wall -Wextra -Wdocumentation -Wmissing-prototypes -Wunreachable-code-break -Wunneeded-internal-declaration -Wmissing-variable-declarations -Wfloat-conversion -Wshorten-64-to-32 -Wunreachable-code-return -Wshift-sign-overflow -Wstrict-prototypes -Wkeyword-macro -Wno-unused-parameter -Wno-sign-compare -Wformat -Werror=format-security  -c  /home/babak/abg_analyzer_pro/.buildozer/android/platform/build-arm64-v8a/build/bootstrap_builds/sdl2/jni/SDL/src/joystick/hidapi/SDL_hidapi_gamecube.c -o /home/babak/abg_analyzer_pro/.buildozer/android/platform/build-arm64-v8a/build/bootstrap_builds/sdl2/obj/local/arm64-v8a/objs-debug/SDL2/src/joystick/hidapi/SDL_hidapi_gamecube.o
[arm64-v8a] Compile        : SDL2 <= SDL_hidapi_luna.c
rm -f /home/babak/abg_analyzer_pro/.buildozer/android/platform/build-arm64-v8a/build/bootstrap_builds/sdl2/obj/local/arm64-v8a/objs-debug/SDL2/src/joystick/hidapi/SDL_hidapi_luna.o
/usr/bin/ccache /home/babak/.buildozer/android/platform/android-ndk-r27c/toolchains/llvm/prebuilt/linux-x86_64/bin/clang -MMD -MP -MF /home/babak/abg_analyzer_pro/.buildozer/android/platform/build-arm64-v8a/build/bootstrap_builds/sdl2/obj/local/arm64-v8a/objs-debug/SDL2/src/joystick/hidapi/SDL_hidapi_luna.o.d -target aarch64-none-linux-android24 -fdata-sections -ffunction-sections -fstack-protector-strong -funwind-tables -no-canonical-prefixes  --sysroot /home/babak/.buildozer/android/platform/android-ndk-r27c/toolchains/llvm/prebuilt/linux-x86_64/sysroot -g -Wno-invalid-command-line-argument -Wno-unused-command-line-argument  -D_FORTIFY_SOURCE=2 -fpic -O0 -UNDEBUG -fno-limit-debug-info  -I/home/babak/abg_analyzer_pro/.buildozer/android/platform/build-arm64-v8a/build/bootstrap_builds/sdl2/jni/SDL/include -I/home/babak/.buildozer/android/platform/android-ndk-r27c/sources/android/cpufeatures -I/home/babak/abg_analyzer_pro/.buildozer/android/platform/build-arm64-v8a/build/bootstrap_builds/sdl2/jni/SDL   -DANDROID -DGL_GLEXT_PROTOTYPES -Wall -Wextra -Wdocumentation -Wmissing-prototypes -Wunreachable-code-break -Wunneeded-internal-declaration -Wmissing-variable-declarations -Wfloat-conversion -Wshorten-64-to-32 -Wunreachable-code-return -Wshift-sign-overflow -Wstrict-prototypes -Wkeyword-macro -Wno-unused-parameter -Wno-sign-compare -Wformat -Werror=format-security  -c  /home/babak/abg_analyzer_pro/.buildozer/android/platform/build-arm64-v8a/build/bootstrap_builds/sdl2/jni/SDL/src/joystick/hidapi/SDL_hidapi_luna.c -o /home/babak/abg_analyzer_pro/.buildozer/android/platform/build-arm64-v8a/build/bootstrap_builds/sdl2/obj/local/arm64-v8a/objs-debug/SDL2/src/joystick/hidapi/SDL_hidapi_luna.o
[arm64-v8a] Compile        : SDL2 <= SDL_hidapi_ps3.c
rm -f /home/babak/abg_analyzer_pro/.buildozer/android/platform/build-arm64-v8a/build/bootstrap_builds/sdl2/obj/local/arm64-v8a/objs-debug/SDL2/src/joystick/hidapi/SDL_hidapi_ps3.o
/usr/bin/ccache /home/babak/.buildozer/android/platform/android-ndk-r27c/toolchains/llvm/prebuilt/linux-x86_64/bin/clang -MMD -MP -MF /home/babak/abg_analyzer_pro/.buildozer/android/platform/build-arm64-v8a/build/bootstrap_builds/sdl2/obj/local/arm64-v8a/objs-debug/SDL2/src/joystick/hidapi/SDL_hidapi_ps3.o.d -target aarch64-none-linux-android24 -fdata-sections -ffunction-sections -fstack-protector-strong -funwind-tables -no-canonical-prefixes  --sysroot /home/babak/.buildozer/android/platform/android-ndk-r27c/toolchains/llvm/prebuilt/linux-x86_64/sysroot -g -Wno-invalid-command-line-argument -Wno-unused-command-line-argument  -D_FORTIFY_SOURCE=2 -fpic -O0 -UNDEBUG -fno-limit-debug-info  -I/home/babak/abg_analyzer_pro/.buildozer/android/platform/build-arm64-v8a/build/bootstrap_builds/sdl2/jni/SDL/include -I/home/babak/.buildozer/android/platform/android-ndk-r27c/sources/android/cpufeatures -I/home/babak/abg_analyzer_pro/.buildozer/android/platform/build-arm64-v8a/build/bootstrap_builds/sdl2/jni/SDL   -DANDROID -DGL_GLEXT_PROTOTYPES -Wall -Wextra -Wdocumentation -Wmissing-prototypes -Wunreachable-code-break -Wunneeded-internal-declaration -Wmissing-variable-declarations -Wfloat-conversion -Wshorten-64-to-32 -Wunreachable-code-return -Wshift-sign-overflow -Wstrict-prototypes -Wkeyword-macro -Wno-unused-parameter -Wno-sign-compare -Wformat -Werror=format-security  -c  /home/babak/abg_analyzer_pro/.buildozer/android/platform/build-arm64-v8a/build/bootstrap_builds/sdl2/jni/SDL/src/joystick/hidapi/SDL_hidapi_ps3.c -o /home/babak/abg_analyzer_pro/.buildozer/android/platform/build-arm64-v8a/build/bootstrap_builds/sdl2/obj/local/arm64-v8a/objs-debug/SDL2/src/joystick/hidapi/SDL_hidapi_ps3.o
[arm64-v8a] Compile        : SDL2 <= SDL_hidapi_ps4.c
rm -f /home/babak/abg_analyzer_pro/.buildozer/android/platform/build-arm64-v8a/build/bootstrap_builds/sdl2/obj/local/arm64-v8a/objs-debug/SDL2/src/joystick/hidapi/SDL_hidapi_ps4.o
/usr/bin/ccache /home/babak/.buildozer/android/platform/android-ndk-r27c/toolchains/llvm/prebuilt/linux-x86_64/bin/clang -MMD -MP -MF /home/babak/abg_analyzer_pro/.buildozer/android/platform/build-arm64-v8a/build/bootstrap_builds/sdl2/obj/local/arm64-v8a/objs-debug/SDL2/src/joystick/hidapi/SDL_hidapi_ps4.o.d -target aarch64-none-linux-android24 -fdata-sections -ffunction-sections -fstack-protector-strong -funwind-tables -no-canonical-prefixes  --sysroot /home/babak/.buildozer/android/platform/android-ndk-r27c/toolchains/llvm/prebuilt/linux-x86_64/sysroot -g -Wno-invalid-command-line-argument -Wno-unused-command-line-argument  -D_FORTIFY_SOURCE=2 -fpic -O0 -UNDEBUG -fno-limit-debug-info  -I/home/babak/abg_analyzer_pro/.buildozer/android/platform/build-arm64-v8a/build/bootstrap_builds/sdl2/jni/SDL/include -I/home/babak/.buildozer/android/platform/android-ndk-r27c/sources/android/cpufeatures -I/home/babak/abg_analyzer_pro/.buildozer/android/platform/build-arm64-v8a/build/bootstrap_builds/sdl2/jni/SDL   -DANDROID -DGL_GLEXT_PROTOTYPES -Wall -Wextra -Wdocumentation -Wmissing-prototypes -Wunreachable-code-break -Wunneeded-internal-declaration -Wmissing-variable-declarations -Wfloat-conversion -Wshorten-64-to-32 -Wunreachable-code-return -Wshift-sign-overflow -Wstrict-prototypes -Wkeyword-macro -Wno-unused-parameter -Wno-sign-compare -Wformat -Werror=format-security  -c  /home/babak/abg_analyzer_pro/.buildozer/android/platform/build-arm64-v8a/build/bootstrap_builds/sdl2/jni/SDL/src/joystick/hidapi/SDL_hidapi_ps4.c -o /home/babak/abg_analyzer_pro/.buildozer/android/platform/build-arm64-v8a/build/bootstrap_builds/sdl2/obj/local/arm64-v8a/objs-debug/SDL2/src/joystick/hidapi/SDL_hidapi_ps4.o
[arm64-v8a] Compile        : SDL2 <= SDL_hidapi_ps5.c
rm -f /home/babak/abg_analyzer_pro/.buildozer/android/platform/build-arm64-v8a/build/bootstrap_builds/sdl2/obj/local/arm64-v8a/objs-debug/SDL2/src/joystick/hidapi/SDL_hidapi_ps5.o
/usr/bin/ccache /home/babak/.buildozer/android/platform/android-ndk-r27c/toolchains/llvm/prebuilt/linux-x86_64/bin/clang -MMD -MP -MF /home/babak/abg_analyzer_pro/.buildozer/android/platform/build-arm64-v8a/build/bootstrap_builds/sdl2/obj/local/arm64-v8a/objs-debug/SDL2/src/joystick/hidapi/SDL_hidapi_ps5.o.d -target aarch64-none-linux-android24 -fdata-sections -ffunction-sections -fstack-protector-strong -funwind-tables -no-canonical-prefixes  --sysroot /home/babak/.buildozer/android/platform/android-ndk-r27c/toolchains/llvm/prebuilt/linux-x86_64/sysroot -g -Wno-invalid-command-line-argument -Wno-unused-command-line-argument  -D_FORTIFY_SOURCE=2 -fpic -O0 -UNDEBUG -fno-limit-debug-info  -I/home/babak/abg_analyzer_pro/.buildozer/android/platform/build-arm64-v8a/build/bootstrap_builds/sdl2/jni/SDL/include -I/home/babak/.buildozer/android/platform/android-ndk-r27c/sources/android/cpufeatures -I/home/babak/abg_analyzer_pro/.buildozer/android/platform/build-arm64-v8a/build/bootstrap_builds/sdl2/jni/SDL   -DANDROID -DGL_GLEXT_PROTOTYPES -Wall -Wextra -Wdocumentation -Wmissing-prototypes -Wunreachable-code-break -Wunneeded-internal-declaration -Wmissing-variable-declarations -Wfloat-conversion -Wshorten-64-to-32 -Wunreachable-code-return -Wshift-sign-overflow -Wstrict-prototypes -Wkeyword-macro -Wno-unused-parameter -Wno-sign-compare -Wformat -Werror=format-security  -c  /home/babak/abg_analyzer_pro/.buildozer/android/platform/build-arm64-v8a/build/bootstrap_builds/sdl2/jni/SDL/src/joystick/hidapi/SDL_hidapi_ps5.c -o /home/babak/abg_analyzer_pro/.buildozer/android/platform/build-arm64-v8a/build/bootstrap_builds/sdl2/obj/local/arm64-v8a/objs-debug/SDL2/src/joystick/hidapi/SDL_hidapi_ps5.o
[arm64-v8a] Compile        : SDL2 <= SDL_hidapi_rumble.c
rm -f /home/babak/abg_analyzer_pro/.buildozer/android/platform/build-arm64-v8a/build/bootstrap_builds/sdl2/obj/local/arm64-v8a/objs-debug/SDL2/src/joystick/hidapi/SDL_hidapi_rumble.o
/usr/bin/ccache /home/babak/.buildozer/android/platform/android-ndk-r27c/toolchains/llvm/prebuilt/linux-x86_64/bin/clang -MMD -MP -MF /home/babak/abg_analyzer_pro/.buildozer/android/platform/build-arm64-v8a/build/bootstrap_builds/sdl2/obj/local/arm64-v8a/objs-debug/SDL2/src/joystick/hidapi/SDL_hidapi_rumble.o.d -target aarch64-none-linux-android24 -fdata-sections -ffunction-sections -fstack-protector-strong -funwind-tables -no-canonical-prefixes  --sysroot /home/babak/.buildozer/android/platform/android-ndk-r27c/toolchains/llvm/prebuilt/linux-x86_64/sysroot -g -Wno-invalid-command-line-argument -Wno-unused-command-line-argument  -D_FORTIFY_SOURCE=2 -fpic -O0 -UNDEBUG -fno-limit-debug-info  -I/home/babak/abg_analyzer_pro/.buildozer/android/platform/build-arm64-v8a/build/bootstrap_builds/sdl2/jni/SDL/include -I/home/babak/.buildozer/android/platform/android-ndk-r27c/sources/android/cpufeatures -I/home/babak/abg_analyzer_pro/.buildozer/android/platform/build-arm64-v8a/build/bootstrap_builds/sdl2/jni/SDL   -DANDROID -DGL_GLEXT_PROTOTYPES -Wall -Wextra -Wdocumentation -Wmissing-prototypes -Wunreachable-code-break -Wunneeded-internal-declaration -Wmissing-variable-declarations -Wfloat-conversion -Wshorten-64-to-32 -Wunreachable-code-return -Wshift-sign-overflow -Wstrict-prototypes -Wkeyword-macro -Wno-unused-parameter -Wno-sign-compare -Wformat -Werror=format-security  -c  /home/babak/abg_analyzer_pro/.buildozer/android/platform/build-arm64-v8a/build/bootstrap_builds/sdl2/jni/SDL/src/joystick/hidapi/SDL_hidapi_rumble.c -o /home/babak/abg_analyzer_pro/.buildozer/android/platform/build-arm64-v8a/build/bootstrap_builds/sdl2/obj/local/arm64-v8a/objs-debug/SDL2/src/joystick/hidapi/SDL_hidapi_rumble.o
[arm64-v8a] Compile        : SDL2 <= SDL_hidapi_shield.c
rm -f /home/babak/abg_analyzer_pro/.buildozer/android/platform/build-arm64-v8a/build/bootstrap_builds/sdl2/obj/local/arm64-v8a/objs-debug/SDL2/src/joystick/hidapi/SDL_hidapi_shield.o
/usr/bin/ccache /home/babak/.buildozer/android/platform/android-ndk-r27c/toolchains/llvm/prebuilt/linux-x86_64/bin/clang -MMD -MP -MF /home/babak/abg_analyzer_pro/.buildozer/android/platform/build-arm64-v8a/build/bootstrap_builds/sdl2/obj/local/arm64-v8a/objs-debug/SDL2/src/joystick/hidapi/SDL_hidapi_shield.o.d -target aarch64-none-linux-android24 -fdata-sections -ffunction-sections -fstack-protector-strong -funwind-tables -no-canonical-prefixes  --sysroot /home/babak/.buildozer/android/platform/android-ndk-r27c/toolchains/llvm/prebuilt/linux-x86_64/sysroot -g -Wno-invalid-command-line-argument -Wno-unused-command-line-argument  -D_FORTIFY_SOURCE=2 -fpic -O0 -UNDEBUG -fno-limit-debug-info  -I/home/babak/abg_analyzer_pro/.buildozer/android/platform/build-arm64-v8a/build/bootstrap_builds/sdl2/jni/SDL/include -I/home/babak/.buildozer/android/platform/android-ndk-r27c/sources/android/cpufeatures -I/home/babak/abg_analyzer_pro/.buildozer/android/platform/build-arm64-v8a/build/bootstrap_builds/sdl2/jni/SDL   -DANDROID -DGL_GLEXT_PROTOTYPES -Wall -Wextra -Wdocumentation -Wmissing-prototypes -Wunreachable-code-break -Wunneeded-internal-declaration -Wmissing-variable-declarations -Wfloat-conversion -Wshorten-64-to-32 -Wunreachable-code-return -Wshift-sign-overflow -Wstrict-prototypes -Wkeyword-macro -Wno-unused-parameter -Wno-sign-compare -Wformat -Werror=format-security  -c  /home/babak/abg_analyzer_pro/.buildozer/android/platform/build-arm64-v8a/build/bootstrap_builds/sdl2/jni/SDL/src/joystick/hidapi/SDL_hidapi_shield.c -o /home/babak/abg_analyzer_pro/.buildozer/android/platform/build-arm64-v8a/build/bootstrap_builds/sdl2/obj/local/arm64-v8a/objs-debug/SDL2/src/joystick/hidapi/SDL_hidapi_shield.o
[arm64-v8a] Compile        : SDL2 <= SDL_hidapi_stadia.c
rm -f /home/babak/abg_analyzer_pro/.buildozer/android/platform/build-arm64-v8a/build/bootstrap_builds/sdl2/obj/local/arm64-v8a/objs-debug/SDL2/src/joystick/hidapi/SDL_hidapi_stadia.o
/usr/bin/ccache /home/babak/.buildozer/android/platform/android-ndk-r27c/toolchains/llvm/prebuilt/linux-x86_64/bin/clang -MMD -MP -MF /home/babak/abg_analyzer_pro/.buildozer/android/platform/build-arm64-v8a/build/bootstrap_builds/sdl2/obj/local/arm64-v8a/objs-debug/SDL2/src/joystick/hidapi/SDL_hidapi_stadia.o.d -target aarch64-none-linux-android24 -fdata-sections -ffunction-sections -fstack-protector-strong -funwind-tables -no-canonical-prefixes  --sysroot /home/babak/.buildozer/android/platform/android-ndk-r27c/toolchains/llvm/prebuilt/linux-x86_64/sysroot -g -Wno-invalid-command-line-argument -Wno-unused-command-line-argument  -D_FORTIFY_SOURCE=2 -fpic -O0 -UNDEBUG -fno-limit-debug-info  -I/home/babak/abg_analyzer_pro/.buildozer/android/platform/build-arm64-v8a/build/bootstrap_builds/sdl2/jni/SDL/include -I/home/babak/.buildozer/android/platform/android-ndk-r27c/sources/android/cpufeatures -I/home/babak/abg_analyzer_pro/.buildozer/android/platform/build-arm64-v8a/build/bootstrap_builds/sdl2/jni/SDL   -DANDROID -DGL_GLEXT_PROTOTYPES -Wall -Wextra -Wdocumentation -Wmissing-prototypes -Wunreachable-code-break -Wunneeded-internal-declaration -Wmissing-variable-declarations -Wfloat-conversion -Wshorten-64-to-32 -Wunreachable-code-return -Wshift-sign-overflow -Wstrict-prototypes -Wkeyword-macro -Wno-unused-parameter -Wno-sign-compare -Wformat -Werror=format-security  -c  /home/babak/abg_analyzer_pro/.buildozer/android/platform/build-arm64-v8a/build/bootstrap_builds/sdl2/jni/SDL/src/joystick/hidapi/SDL_hidapi_stadia.c -o /home/babak/abg_analyzer_pro/.buildozer/android/platform/build-arm64-v8a/build/bootstrap_builds/sdl2/obj/local/arm64-v8a/objs-debug/SDL2/src/joystick/hidapi/SDL_hidapi_stadia.o
[arm64-v8a] Compile        : SDL2 <= SDL_hidapi_steam.c
rm -f /home/babak/abg_analyzer_pro/.buildozer/android/platform/build-arm64-v8a/build/bootstrap_builds/sdl2/obj/local/arm64-v8a/objs-debug/SDL2/src/joystick/hidapi/SDL_hidapi_steam.o
/usr/bin/ccache /home/babak/.buildozer/android/platform/android-ndk-r27c/toolchains/llvm/prebuilt/linux-x86_64/bin/clang -MMD -MP -MF /home/babak/abg_analyzer_pro/.buildozer/android/platform/build-arm64-v8a/build/bootstrap_builds/sdl2/obj/local/arm64-v8a/objs-debug/SDL2/src/joystick/hidapi/SDL_hidapi_steam.o.d -target aarch64-none-linux-android24 -fdata-sections -ffunction-sections -fstack-protector-strong -funwind-tables -no-canonical-prefixes  --sysroot /home/babak/.buildozer/android/platform/android-ndk-r27c/toolchains/llvm/prebuilt/linux-x86_64/sysroot -g -Wno-invalid-command-line-argument -Wno-unused-command-line-argument  -D_FORTIFY_SOURCE=2 -fpic -O0 -UNDEBUG -fno-limit-debug-info  -I/home/babak/abg_analyzer_pro/.buildozer/android/platform/build-arm64-v8a/build/bootstrap_builds/sdl2/jni/SDL/include -I/home/babak/.buildozer/android/platform/android-ndk-r27c/sources/android/cpufeatures -I/home/babak/abg_analyzer_pro/.buildozer/android/platform/build-arm64-v8a/build/bootstrap_builds/sdl2/jni/SDL   -DANDROID -DGL_GLEXT_PROTOTYPES -Wall -Wextra -Wdocumentation -Wmissing-prototypes -Wunreachable-code-break -Wunneeded-internal-declaration -Wmissing-variable-declarations -Wfloat-conversion -Wshorten-64-to-32 -Wunreachable-code-return -Wshift-sign-overflow -Wstrict-prototypes -Wkeyword-macro -Wno-unused-parameter -Wno-sign-compare -Wformat -Werror=format-security  -c  /home/babak/abg_analyzer_pro/.buildozer/android/platform/build-arm64-v8a/build/bootstrap_builds/sdl2/jni/SDL/src/joystick/hidapi/SDL_hidapi_steam.c -o /home/babak/abg_analyzer_pro/.buildozer/android/platform/build-arm64-v8a/build/bootstrap_builds/sdl2/obj/local/arm64-v8a/objs-debug/SDL2/src/joystick/hidapi/SDL_hidapi_steam.o
[arm64-v8a] Compile        : SDL2 <= SDL_hidapi_switch.c
rm -f /home/babak/abg_analyzer_pro/.buildozer/android/platform/build-arm64-v8a/build/bootstrap_builds/sdl2/obj/local/arm64-v8a/objs-debug/SDL2/src/joystick/hidapi/SDL_hidapi_switch.o
/usr/bin/ccache /home/babak/.buildozer/android/platform/android-ndk-r27c/toolchains/llvm/prebuilt/linux-x86_64/bin/clang -MMD -MP -MF /home/babak/abg_analyzer_pro/.buildozer/android/platform/build-arm64-v8a/build/bootstrap_builds/sdl2/obj/local/arm64-v8a/objs-debug/SDL2/src/joystick/hidapi/SDL_hidapi_switch.o.d -target aarch64-none-linux-android24 -fdata-sections -ffunction-sections -fstack-protector-strong -funwind-tables -no-canonical-prefixes  --sysroot /home/babak/.buildozer/android/platform/android-ndk-r27c/toolchains/llvm/prebuilt/linux-x86_64/sysroot -g -Wno-invalid-command-line-argument -Wno-unused-command-line-argument  -D_FORTIFY_SOURCE=2 -fpic -O0 -UNDEBUG -fno-limit-debug-info  -I/home/babak/abg_analyzer_pro/.buildozer/android/platform/build-arm64-v8a/build/bootstrap_builds/sdl2/jni/SDL/include -I/home/babak/.buildozer/android/platform/android-ndk-r27c/sources/android/cpufeatures -I/home/babak/abg_analyzer_pro/.buildozer/android/platform/build-arm64-v8a/build/bootstrap_builds/sdl2/jni/SDL   -DANDROID -DGL_GLEXT_PROTOTYPES -Wall -Wextra -Wdocumentation -Wmissing-prototypes -Wunreachable-code-break -Wunneeded-internal-declaration -Wmissing-variable-declarations -Wfloat-conversion -Wshorten-64-to-32 -Wunreachable-code-return -Wshift-sign-overflow -Wstrict-prototypes -Wkeyword-macro -Wno-unused-parameter -Wno-sign-compare -Wformat -Werror=format-security  -c  /home/babak/abg_analyzer_pro/.buildozer/android/platform/build-arm64-v8a/build/bootstrap_builds/sdl2/jni/SDL/src/joystick/hidapi/SDL_hidapi_switch.c -o /home/babak/abg_analyzer_pro/.buildozer/android/platform/build-arm64-v8a/build/bootstrap_builds/sdl2/obj/local/arm64-v8a/objs-debug/SDL2/src/joystick/hidapi/SDL_hidapi_switch.o
[arm64-v8a] Compile        : SDL2 <= SDL_hidapi_wii.c
rm -f /home/babak/abg_analyzer_pro/.buildozer/android/platform/build-arm64-v8a/build/bootstrap_builds/sdl2/obj/local/arm64-v8a/objs-debug/SDL2/src/joystick/hidapi/SDL_hidapi_wii.o
/usr/bin/ccache /home/babak/.buildozer/android/platform/android-ndk-r27c/toolchains/llvm/prebuilt/linux-x86_64/bin/clang -MMD -MP -MF /home/babak/abg_analyzer_pro/.buildozer/android/platform/build-arm64-v8a/build/bootstrap_builds/sdl2/obj/local/arm64-v8a/objs-debug/SDL2/src/joystick/hidapi/SDL_hidapi_wii.o.d -target aarch64-none-linux-android24 -fdata-sections -ffunction-sections -fstack-protector-strong -funwind-tables -no-canonical-prefixes  --sysroot /home/babak/.buildozer/android/platform/android-ndk-r27c/toolchains/llvm/prebuilt/linux-x86_64/sysroot -g -Wno-invalid-command-line-argument -Wno-unused-command-line-argument  -D_FORTIFY_SOURCE=2 -fpic -O0 -UNDEBUG -fno-limit-debug-info  -I/home/babak/abg_analyzer_pro/.buildozer/android/platform/build-arm64-v8a/build/bootstrap_builds/sdl2/jni/SDL/include -I/home/babak/.buildozer/android/platform/android-ndk-r27c/sources/android/cpufeatures -I/home/babak/abg_analyzer_pro/.buildozer/android/platform/build-arm64-v8a/build/bootstrap_builds/sdl2/jni/SDL   -DANDROID -DGL_GLEXT_PROTOTYPES -Wall -Wextra -Wdocumentation -Wmissing-prototypes -Wunreachable-code-break -Wunneeded-internal-declaration -Wmissing-variable-declarations -Wfloat-conversion -Wshorten-64-to-32 -Wunreachable-code-return -Wshift-sign-overflow -Wstrict-prototypes -Wkeyword-macro -Wno-unused-parameter -Wno-sign-compare -Wformat -Werror=format-security  -c  /home/babak/abg_analyzer_pro/.buildozer/android/platform/build-arm64-v8a/build/bootstrap_builds/sdl2/jni/SDL/src/joystick/hidapi/SDL_hidapi_wii.c -o /home/babak/abg_analyzer_pro/.buildozer/android/platform/build-arm64-v8a/build/bootstrap_builds/sdl2/obj/local/arm64-v8a/objs-debug/SDL2/src/joystick/hidapi/SDL_hidapi_wii.o
[arm64-v8a] Compile        : SDL2 <= SDL_hidapi_xbox360.c
rm -f /home/babak/abg_analyzer_pro/.buildozer/android/platform/build-arm64-v8a/build/bootstrap_builds/sdl2/obj/local/arm64-v8a/objs-debug/SDL2/src/joystick/hidapi/SDL_hidapi_xbox360.o
/usr/bin/ccache /home/babak/.buildozer/android/platform/android-ndk-r27c/toolchains/llvm/prebuilt/linux-x86_64/bin/clang -MMD -MP -MF /home/babak/abg_analyzer_pro/.buildozer/android/platform/build-arm64-v8a/build/bootstrap_builds/sdl2/obj/local/arm64-v8a/objs-debug/SDL2/src/joystick/hidapi/SDL_hidapi_xbox360.o.d -target aarch64-none-linux-android24 -fdata-sections -ffunction-sections -fstack-protector-strong -funwind-tables -no-canonical-prefixes  --sysroot /home/babak/.buildozer/android/platform/android-ndk-r27c/toolchains/llvm/prebuilt/linux-x86_64/sysroot -g -Wno-invalid-command-line-argument -Wno-unused-command-line-argument  -D_FORTIFY_SOURCE=2 -fpic -O0 -UNDEBUG -fno-limit-debug-info  -I/home/babak/abg_analyzer_pro/.buildozer/android/platform/build-arm64-v8a/build/bootstrap_builds/sdl2/jni/SDL/include -I/home/babak/.buildozer/android/platform/android-ndk-r27c/sources/android/cpufeatures -I/home/babak/abg_analyzer_pro/.buildozer/android/platform/build-arm64-v8a/build/bootstrap_builds/sdl2/jni/SDL   -DANDROID -DGL_GLEXT_PROTOTYPES -Wall -Wextra -Wdocumentation -Wmissing-prototypes -Wunreachable-code-break -Wunneeded-internal-declaration -Wmissing-variable-declarations -Wfloat-conversion -Wshorten-64-to-32 -Wunreachable-code-return -Wshift-sign-overflow -Wstrict-prototypes -Wkeyword-macro -Wno-unused-parameter -Wno-sign-compare -Wformat -Werror=format-security  -c  /home/babak/abg_analyzer_pro/.buildozer/android/platform/build-arm64-v8a/build/bootstrap_builds/sdl2/jni/SDL/src/joystick/hidapi/SDL_hidapi_xbox360.c -o /home/babak/abg_analyzer_pro/.buildozer/android/platform/build-arm64-v8a/build/bootstrap_builds/sdl2/obj/local/arm64-v8a/objs-debug/SDL2/src/joystick/hidapi/SDL_hidapi_xbox360.o
[arm64-v8a] Compile        : SDL2 <= SDL_hidapi_xbox360w.c
rm -f /home/babak/abg_analyzer_pro/.buildozer/android/platform/build-arm64-v8a/build/bootstrap_builds/sdl2/obj/local/arm64-v8a/objs-debug/SDL2/src/joystick/hidapi/SDL_hidapi_xbox360w.o
/usr/bin/ccache /home/babak/.buildozer/android/platform/android-ndk-r27c/toolchains/llvm/prebuilt/linux-x86_64/bin/clang -MMD -MP -MF /home/babak/abg_analyzer_pro/.buildozer/android/platform/build-arm64-v8a/build/bootstrap_builds/sdl2/obj/local/arm64-v8a/objs-debug/SDL2/src/joystick/hidapi/SDL_hidapi_xbox360w.o.d -target aarch64-none-linux-android24 -fdata-sections -ffunction-sections -fstack-protector-strong -funwind-tables -no-canonical-prefixes  --sysroot /home/babak/.buildozer/android/platform/android-ndk-r27c/toolchains/llvm/prebuilt/linux-x86_64/sysroot -g -Wno-invalid-command-line-argument -Wno-unused-command-line-argument  -D_FORTIFY_SOURCE=2 -fpic -O0 -UNDEBUG -fno-limit-debug-info  -I/home/babak/abg_analyzer_pro/.buildozer/android/platform/build-arm64-v8a/build/bootstrap_builds/sdl2/jni/SDL/include -I/home/babak/.buildozer/android/platform/android-ndk-r27c/sources/android/cpufeatures -I/home/babak/abg_analyzer_pro/.buildozer/android/platform/build-arm64-v8a/build/bootstrap_builds/sdl2/jni/SDL   -DANDROID -DGL_GLEXT_PROTOTYPES -Wall -Wextra -Wdocumentation -Wmissing-prototypes -Wunreachable-code-break -Wunneeded-internal-declaration -Wmissing-variable-declarations -Wfloat-conversion -Wshorten-64-to-32 -Wunreachable-code-return -Wshift-sign-overflow -Wstrict-prototypes -Wkeyword-macro -Wno-unused-parameter -Wno-sign-compare -Wformat -Werror=format-security  -c  /home/babak/abg_analyzer_pro/.buildozer/android/platform/build-arm64-v8a/build/bootstrap_builds/sdl2/jni/SDL/src/joystick/hidapi/SDL_hidapi_xbox360w.c -o /home/babak/abg_analyzer_pro/.buildozer/android/platform/build-arm64-v8a/build/bootstrap_builds/sdl2/obj/local/arm64-v8a/objs-debug/SDL2/src/joystick/hidapi/SDL_hidapi_xbox360w.o
[arm64-v8a] Compile        : SDL2 <= SDL_hidapi_xboxone.c
rm -f /home/babak/abg_analyzer_pro/.buildozer/android/platform/build-arm64-v8a/build/bootstrap_builds/sdl2/obj/local/arm64-v8a/objs-debug/SDL2/src/joystick/hidapi/SDL_hidapi_xboxone.o
/usr/bin/ccache /home/babak/.buildozer/android/platform/android-ndk-r27c/toolchains/llvm/prebuilt/linux-x86_64/bin/clang -MMD -MP -MF /home/babak/abg_analyzer_pro/.buildozer/android/platform/build-arm64-v8a/build/bootstrap_builds/sdl2/obj/local/arm64-v8a/objs-debug/SDL2/src/joystick/hidapi/SDL_hidapi_xboxone.o.d -target aarch64-none-linux-android24 -fdata-sections -ffunction-sections -fstack-protector-strong -funwind-tables -no-canonical-prefixes  --sysroot /home/babak/.buildozer/android/platform/android-ndk-r27c/toolchains/llvm/prebuilt/linux-x86_64/sysroot -g -Wno-invalid-command-line-argument -Wno-unused-command-line-argument  -D_FORTIFY_SOURCE=2 -fpic -O0 -UNDEBUG -fno-limit-debug-info  -I/home/babak/abg_analyzer_pro/.buildozer/android/platform/build-arm64-v8a/build/bootstrap_builds/sdl2/jni/SDL/include -I/home/babak/.buildozer/android/platform/android-ndk-r27c/sources/android/cpufeatures -I/home/babak/abg_analyzer_pro/.buildozer/android/platform/build-arm64-v8a/build/bootstrap_builds/sdl2/jni/SDL   -DANDROID -DGL_GLEXT_PROTOTYPES -Wall -Wextra -Wdocumentation -Wmissing-prototypes -Wunreachable-code-break -Wunneeded-internal-declaration -Wmissing-variable-declarations -Wfloat-conversion -Wshorten-64-to-32 -Wunreachable-code-return -Wshift-sign-overflow -Wstrict-prototypes -Wkeyword-macro -Wno-unused-parameter -Wno-sign-compare -Wformat -Werror=format-security  -c  /home/babak/abg_analyzer_pro/.buildozer/android/platform/build-arm64-v8a/build/bootstrap_builds/sdl2/jni/SDL/src/joystick/hidapi/SDL_hidapi_xboxone.c -o /home/babak/abg_analyzer_pro/.buildozer/android/platform/build-arm64-v8a/build/bootstrap_builds/sdl2/obj/local/arm64-v8a/objs-debug/SDL2/src/joystick/hidapi/SDL_hidapi_xboxone.o
[arm64-v8a] Compile        : SDL2 <= SDL_hidapijoystick.c
rm -f /home/babak/abg_analyzer_pro/.buildozer/android/platform/build-arm64-v8a/build/bootstrap_builds/sdl2/obj/local/arm64-v8a/objs-debug/SDL2/src/joystick/hidapi/SDL_hidapijoystick.o
/usr/bin/ccache /home/babak/.buildozer/android/platform/android-ndk-r27c/toolchains/llvm/prebuilt/linux-x86_64/bin/clang -MMD -MP -MF /home/babak/abg_analyzer_pro/.buildozer/android/platform/build-arm64-v8a/build/bootstrap_builds/sdl2/obj/local/arm64-v8a/objs-debug/SDL2/src/joystick/hidapi/SDL_hidapijoystick.o.d -target aarch64-none-linux-android24 -fdata-sections -ffunction-sections -fstack-protector-strong -funwind-tables -no-canonical-prefixes  --sysroot /home/babak/.buildozer/android/platform/android-ndk-r27c/toolchains/llvm/prebuilt/linux-x86_64/sysroot -g -Wno-invalid-command-line-argument -Wno-unused-command-line-argument  -D_FORTIFY_SOURCE=2 -fpic -O0 -UNDEBUG -fno-limit-debug-info  -I/home/babak/abg_analyzer_pro/.buildozer/android/platform/build-arm64-v8a/build/bootstrap_builds/sdl2/jni/SDL/include -I/home/babak/.buildozer/android/platform/android-ndk-r27c/sources/android/cpufeatures -I/home/babak/abg_analyzer_pro/.buildozer/android/platform/build-arm64-v8a/build/bootstrap_builds/sdl2/jni/SDL   -DANDROID -DGL_GLEXT_PROTOTYPES -Wall -Wextra -Wdocumentation -Wmissing-prototypes -Wunreachable-code-break -Wunneeded-internal-declaration -Wmissing-variable-declarations -Wfloat-conversion -Wshorten-64-to-32 -Wunreachable-code-return -Wshift-sign-overflow -Wstrict-prototypes -Wkeyword-macro -Wno-unused-parameter -Wno-sign-compare -Wformat -Werror=format-security  -c  /home/babak/abg_analyzer_pro/.buildozer/android/platform/build-arm64-v8a/build/bootstrap_builds/sdl2/jni/SDL/src/joystick/hidapi/SDL_hidapijoystick.c -o /home/babak/abg_analyzer_pro/.buildozer/android/platform/build-arm64-v8a/build/bootstrap_builds/sdl2/obj/local/arm64-v8a/objs-debug/SDL2/src/joystick/hidapi/SDL_hidapijoystick.o
/home/babak/abg_analyzer_pro/.buildozer/android/platform/build-arm64-v8a/build/bootstrap_builds/sdl2/jni/SDL/src/joystick/hidapi/SDL_hidapijoystick.c:997:45: warning: a function declaration without a prototype is deprecated in all versions of C [-Wstrict-prototypes]
  997 | static SDL_bool HIDAPI_CreateCombinedJoyCons()
      |                                             ^
      |                                              void
1 warning generated.
[arm64-v8a] Compile        : SDL2 <= SDL_virtualjoystick.c
rm -f /home/babak/abg_analyzer_pro/.buildozer/android/platform/build-arm64-v8a/build/bootstrap_builds/sdl2/obj/local/arm64-v8a/objs-debug/SDL2/src/joystick/virtual/SDL_virtualjoystick.o
/usr/bin/ccache /home/babak/.buildozer/android/platform/android-ndk-r27c/toolchains/llvm/prebuilt/linux-x86_64/bin/clang -MMD -MP -MF /home/babak/abg_analyzer_pro/.buildozer/android/platform/build-arm64-v8a/build/bootstrap_builds/sdl2/obj/local/arm64-v8a/objs-debug/SDL2/src/joystick/virtual/SDL_virtualjoystick.o.d -target aarch64-none-linux-android24 -fdata-sections -ffunction-sections -fstack-protector-strong -funwind-tables -no-canonical-prefixes  --sysroot /home/babak/.buildozer/android/platform/android-ndk-r27c/toolchains/llvm/prebuilt/linux-x86_64/sysroot -g -Wno-invalid-command-line-argument -Wno-unused-command-line-argument  -D_FORTIFY_SOURCE=2 -fpic -O0 -UNDEBUG -fno-limit-debug-info  -I/home/babak/abg_analyzer_pro/.buildozer/android/platform/build-arm64-v8a/build/bootstrap_builds/sdl2/jni/SDL/include -I/home/babak/.buildozer/android/platform/android-ndk-r27c/sources/android/cpufeatures -I/home/babak/abg_analyzer_pro/.buildozer/android/platform/build-arm64-v8a/build/bootstrap_builds/sdl2/jni/SDL   -DANDROID -DGL_GLEXT_PROTOTYPES -Wall -Wextra -Wdocumentation -Wmissing-prototypes -Wunreachable-code-break -Wunneeded-internal-declaration -Wmissing-variable-declarations -Wfloat-conversion -Wshorten-64-to-32 -Wunreachable-code-return -Wshift-sign-overflow -Wstrict-prototypes -Wkeyword-macro -Wno-unused-parameter -Wno-sign-compare -Wformat -Werror=format-security  -c  /home/babak/abg_analyzer_pro/.buildozer/android/platform/build-arm64-v8a/build/bootstrap_builds/sdl2/jni/SDL/src/joystick/virtual/SDL_virtualjoystick.c -o /home/babak/abg_analyzer_pro/.buildozer/android/platform/build-arm64-v8a/build/bootstrap_builds/sdl2/obj/local/arm64-v8a/objs-debug/SDL2/src/joystick/virtual/SDL_virtualjoystick.o
[arm64-v8a] Compile        : SDL2 <= SDL_sysloadso.c
rm -f /home/babak/abg_analyzer_pro/.buildozer/android/platform/build-arm64-v8a/build/bootstrap_builds/sdl2/obj/local/arm64-v8a/objs-debug/SDL2/src/loadso/dlopen/SDL_sysloadso.o
/usr/bin/ccache /home/babak/.buildozer/android/platform/android-ndk-r27c/toolchains/llvm/prebuilt/linux-x86_64/bin/clang -MMD -MP -MF /home/babak/abg_analyzer_pro/.buildozer/android/platform/build-arm64-v8a/build/bootstrap_builds/sdl2/obj/local/arm64-v8a/objs-debug/SDL2/src/loadso/dlopen/SDL_sysloadso.o.d -target aarch64-none-linux-android24 -fdata-sections -ffunction-sections -fstack-protector-strong -funwind-tables -no-canonical-prefixes  --sysroot /home/babak/.buildozer/android/platform/android-ndk-r27c/toolchains/llvm/prebuilt/linux-x86_64/sysroot -g -Wno-invalid-command-line-argument -Wno-unused-command-line-argument  -D_FORTIFY_SOURCE=2 -fpic -O0 -UNDEBUG -fno-limit-debug-info  -I/home/babak/abg_analyzer_pro/.buildozer/android/platform/build-arm64-v8a/build/bootstrap_builds/sdl2/jni/SDL/include -I/home/babak/.buildozer/android/platform/android-ndk-r27c/sources/android/cpufeatures -I/home/babak/abg_analyzer_pro/.buildozer/android/platform/build-arm64-v8a/build/bootstrap_builds/sdl2/jni/SDL   -DANDROID -DGL_GLEXT_PROTOTYPES -Wall -Wextra -Wdocumentation -Wmissing-prototypes -Wunreachable-code-break -Wunneeded-internal-declaration -Wmissing-variable-declarations -Wfloat-conversion -Wshorten-64-to-32 -Wunreachable-code-return -Wshift-sign-overflow -Wstrict-prototypes -Wkeyword-macro -Wno-unused-parameter -Wno-sign-compare -Wformat -Werror=format-security  -c  /home/babak/abg_analyzer_pro/.buildozer/android/platform/build-arm64-v8a/build/bootstrap_builds/sdl2/jni/SDL/src/loadso/dlopen/SDL_sysloadso.c -o /home/babak/abg_analyzer_pro/.buildozer/android/platform/build-arm64-v8a/build/bootstrap_builds/sdl2/obj/local/arm64-v8a/objs-debug/SDL2/src/loadso/dlopen/SDL_sysloadso.o
[arm64-v8a] Compile        : SDL2 <= SDL_locale.c
rm -f /home/babak/abg_analyzer_pro/.buildozer/android/platform/build-arm64-v8a/build/bootstrap_builds/sdl2/obj/local/arm64-v8a/objs-debug/SDL2/src/locale/SDL_locale.o
/usr/bin/ccache /home/babak/.buildozer/android/platform/android-ndk-r27c/toolchains/llvm/prebuilt/linux-x86_64/bin/clang -MMD -MP -MF /home/babak/abg_analyzer_pro/.buildozer/android/platform/build-arm64-v8a/build/bootstrap_builds/sdl2/obj/local/arm64-v8a/objs-debug/SDL2/src/locale/SDL_locale.o.d -target aarch64-none-linux-android24 -fdata-sections -ffunction-sections -fstack-protector-strong -funwind-tables -no-canonical-prefixes  --sysroot /home/babak/.buildozer/android/platform/android-ndk-r27c/toolchains/llvm/prebuilt/linux-x86_64/sysroot -g -Wno-invalid-command-line-argument -Wno-unused-command-line-argument  -D_FORTIFY_SOURCE=2 -fpic -O0 -UNDEBUG -fno-limit-debug-info  -I/home/babak/abg_analyzer_pro/.buildozer/android/platform/build-arm64-v8a/build/bootstrap_builds/sdl2/jni/SDL/include -I/home/babak/.buildozer/android/platform/android-ndk-r27c/sources/android/cpufeatures -I/home/babak/abg_analyzer_pro/.buildozer/android/platform/build-arm64-v8a/build/bootstrap_builds/sdl2/jni/SDL   -DANDROID -DGL_GLEXT_PROTOTYPES -Wall -Wextra -Wdocumentation -Wmissing-prototypes -Wunreachable-code-break -Wunneeded-internal-declaration -Wmissing-variable-declarations -Wfloat-conversion -Wshorten-64-to-32 -Wunreachable-code-return -Wshift-sign-overflow -Wstrict-prototypes -Wkeyword-macro -Wno-unused-parameter -Wno-sign-compare -Wformat -Werror=format-security  -c  /home/babak/abg_analyzer_pro/.buildozer/android/platform/build-arm64-v8a/build/bootstrap_builds/sdl2/jni/SDL/src/locale/SDL_locale.c -o /home/babak/abg_analyzer_pro/.buildozer/android/platform/build-arm64-v8a/build/bootstrap_builds/sdl2/obj/local/arm64-v8a/objs-debug/SDL2/src/locale/SDL_locale.o
[arm64-v8a] Compile        : SDL2 <= SDL_syslocale.c
rm -f /home/babak/abg_analyzer_pro/.buildozer/android/platform/build-arm64-v8a/build/bootstrap_builds/sdl2/obj/local/arm64-v8a/objs-debug/SDL2/src/locale/android/SDL_syslocale.o
/usr/bin/ccache /home/babak/.buildozer/android/platform/android-ndk-r27c/toolchains/llvm/prebuilt/linux-x86_64/bin/clang -MMD -MP -MF /home/babak/abg_analyzer_pro/.buildozer/android/platform/build-arm64-v8a/build/bootstrap_builds/sdl2/obj/local/arm64-v8a/objs-debug/SDL2/src/locale/android/SDL_syslocale.o.d -target aarch64-none-linux-android24 -fdata-sections -ffunction-sections -fstack-protector-strong -funwind-tables -no-canonical-prefixes  --sysroot /home/babak/.buildozer/android/platform/android-ndk-r27c/toolchains/llvm/prebuilt/linux-x86_64/sysroot -g -Wno-invalid-command-line-argument -Wno-unused-command-line-argument  -D_FORTIFY_SOURCE=2 -fpic -O0 -UNDEBUG -fno-limit-debug-info  -I/home/babak/abg_analyzer_pro/.buildozer/android/platform/build-arm64-v8a/build/bootstrap_builds/sdl2/jni/SDL/include -I/home/babak/.buildozer/android/platform/android-ndk-r27c/sources/android/cpufeatures -I/home/babak/abg_analyzer_pro/.buildozer/android/platform/build-arm64-v8a/build/bootstrap_builds/sdl2/jni/SDL   -DANDROID -DGL_GLEXT_PROTOTYPES -Wall -Wextra -Wdocumentation -Wmissing-prototypes -Wunreachable-code-break -Wunneeded-internal-declaration -Wmissing-variable-declarations -Wfloat-conversion -Wshorten-64-to-32 -Wunreachable-code-return -Wshift-sign-overflow -Wstrict-prototypes -Wkeyword-macro -Wno-unused-parameter -Wno-sign-compare -Wformat -Werror=format-security  -c  /home/babak/abg_analyzer_pro/.buildozer/android/platform/build-arm64-v8a/build/bootstrap_builds/sdl2/jni/SDL/src/locale/android/SDL_syslocale.c -o /home/babak/abg_analyzer_pro/.buildozer/android/platform/build-arm64-v8a/build/bootstrap_builds/sdl2/obj/local/arm64-v8a/objs-debug/SDL2/src/locale/android/SDL_syslocale.o
[arm64-v8a] Compile        : SDL2 <= SDL_url.c
rm -f /home/babak/abg_analyzer_pro/.buildozer/android/platform/build-arm64-v8a/build/bootstrap_builds/sdl2/obj/local/arm64-v8a/objs-debug/SDL2/src/misc/SDL_url.o
/usr/bin/ccache /home/babak/.buildozer/android/platform/android-ndk-r27c/toolchains/llvm/prebuilt/linux-x86_64/bin/clang -MMD -MP -MF /home/babak/abg_analyzer_pro/.buildozer/android/platform/build-arm64-v8a/build/bootstrap_builds/sdl2/obj/local/arm64-v8a/objs-debug/SDL2/src/misc/SDL_url.o.d -target aarch64-none-linux-android24 -fdata-sections -ffunction-sections -fstack-protector-strong -funwind-tables -no-canonical-prefixes  --sysroot /home/babak/.buildozer/android/platform/android-ndk-r27c/toolchains/llvm/prebuilt/linux-x86_64/sysroot -g -Wno-invalid-command-line-argument -Wno-unused-command-line-argument  -D_FORTIFY_SOURCE=2 -fpic -O0 -UNDEBUG -fno-limit-debug-info  -I/home/babak/abg_analyzer_pro/.buildozer/android/platform/build-arm64-v8a/build/bootstrap_builds/sdl2/jni/SDL/include -I/home/babak/.buildozer/android/platform/android-ndk-r27c/sources/android/cpufeatures -I/home/babak/abg_analyzer_pro/.buildozer/android/platform/build-arm64-v8a/build/bootstrap_builds/sdl2/jni/SDL   -DANDROID -DGL_GLEXT_PROTOTYPES -Wall -Wextra -Wdocumentation -Wmissing-prototypes -Wunreachable-code-break -Wunneeded-internal-declaration -Wmissing-variable-declarations -Wfloat-conversion -Wshorten-64-to-32 -Wunreachable-code-return -Wshift-sign-overflow -Wstrict-prototypes -Wkeyword-macro -Wno-unused-parameter -Wno-sign-compare -Wformat -Werror=format-security  -c  /home/babak/abg_analyzer_pro/.buildozer/android/platform/build-arm64-v8a/build/bootstrap_builds/sdl2/jni/SDL/src/misc/SDL_url.c -o /home/babak/abg_analyzer_pro/.buildozer/android/platform/build-arm64-v8a/build/bootstrap_builds/sdl2/obj/local/arm64-v8a/objs-debug/SDL2/src/misc/SDL_url.o
[arm64-v8a] Compile        : SDL2 <= SDL_sysurl.c
rm -f /home/babak/abg_analyzer_pro/.buildozer/android/platform/build-arm64-v8a/build/bootstrap_builds/sdl2/obj/local/arm64-v8a/objs-debug/SDL2/src/misc/android/SDL_sysurl.o
/usr/bin/ccache /home/babak/.buildozer/android/platform/android-ndk-r27c/toolchains/llvm/prebuilt/linux-x86_64/bin/clang -MMD -MP -MF /home/babak/abg_analyzer_pro/.buildozer/android/platform/build-arm64-v8a/build/bootstrap_builds/sdl2/obj/local/arm64-v8a/objs-debug/SDL2/src/misc/android/SDL_sysurl.o.d -target aarch64-none-linux-android24 -fdata-sections -ffunction-sections -fstack-protector-strong -funwind-tables -no-canonical-prefixes  --sysroot /home/babak/.buildozer/android/platform/android-ndk-r27c/toolchains/llvm/prebuilt/linux-x86_64/sysroot -g -Wno-invalid-command-line-argument -Wno-unused-command-line-argument  -D_FORTIFY_SOURCE=2 -fpic -O0 -UNDEBUG -fno-limit-debug-info  -I/home/babak/abg_analyzer_pro/.buildozer/android/platform/build-arm64-v8a/build/bootstrap_builds/sdl2/jni/SDL/include -I/home/babak/.buildozer/android/platform/android-ndk-r27c/sources/android/cpufeatures -I/home/babak/abg_analyzer_pro/.buildozer/android/platform/build-arm64-v8a/build/bootstrap_builds/sdl2/jni/SDL   -DANDROID -DGL_GLEXT_PROTOTYPES -Wall -Wextra -Wdocumentation -Wmissing-prototypes -Wunreachable-code-break -Wunneeded-internal-declaration -Wmissing-variable-declarations -Wfloat-conversion -Wshorten-64-to-32 -Wunreachable-code-return -Wshift-sign-overflow -Wstrict-prototypes -Wkeyword-macro -Wno-unused-parameter -Wno-sign-compare -Wformat -Werror=format-security  -c  /home/babak/abg_analyzer_pro/.buildozer/android/platform/build-arm64-v8a/build/bootstrap_builds/sdl2/jni/SDL/src/misc/android/SDL_sysurl.c -o /home/babak/abg_analyzer_pro/.buildozer/android/platform/build-arm64-v8a/build/bootstrap_builds/sdl2/obj/local/arm64-v8a/objs-debug/SDL2/src/misc/android/SDL_sysurl.o
[arm64-v8a] Compile        : SDL2 <= SDL_power.c
rm -f /home/babak/abg_analyzer_pro/.buildozer/android/platform/build-arm64-v8a/build/bootstrap_builds/sdl2/obj/local/arm64-v8a/objs-debug/SDL2/src/power/SDL_power.o
/usr/bin/ccache /home/babak/.buildozer/android/platform/android-ndk-r27c/toolchains/llvm/prebuilt/linux-x86_64/bin/clang -MMD -MP -MF /home/babak/abg_analyzer_pro/.buildozer/android/platform/build-arm64-v8a/build/bootstrap_builds/sdl2/obj/local/arm64-v8a/objs-debug/SDL2/src/power/SDL_power.o.d -target aarch64-none-linux-android24 -fdata-sections -ffunction-sections -fstack-protector-strong -funwind-tables -no-canonical-prefixes  --sysroot /home/babak/.buildozer/android/platform/android-ndk-r27c/toolchains/llvm/prebuilt/linux-x86_64/sysroot -g -Wno-invalid-command-line-argument -Wno-unused-command-line-argument  -D_FORTIFY_SOURCE=2 -fpic -O0 -UNDEBUG -fno-limit-debug-info  -I/home/babak/abg_analyzer_pro/.buildozer/android/platform/build-arm64-v8a/build/bootstrap_builds/sdl2/jni/SDL/include -I/home/babak/.buildozer/android/platform/android-ndk-r27c/sources/android/cpufeatures -I/home/babak/abg_analyzer_pro/.buildozer/android/platform/build-arm64-v8a/build/bootstrap_builds/sdl2/jni/SDL   -DANDROID -DGL_GLEXT_PROTOTYPES -Wall -Wextra -Wdocumentation -Wmissing-prototypes -Wunreachable-code-break -Wunneeded-internal-declaration -Wmissing-variable-declarations -Wfloat-conversion -Wshorten-64-to-32 -Wunreachable-code-return -Wshift-sign-overflow -Wstrict-prototypes -Wkeyword-macro -Wno-unused-parameter -Wno-sign-compare -Wformat -Werror=format-security  -c  /home/babak/abg_analyzer_pro/.buildozer/android/platform/build-arm64-v8a/build/bootstrap_builds/sdl2/jni/SDL/src/power/SDL_power.c -o /home/babak/abg_analyzer_pro/.buildozer/android/platform/build-arm64-v8a/build/bootstrap_builds/sdl2/obj/local/arm64-v8a/objs-debug/SDL2/src/power/SDL_power.o
[arm64-v8a] Compile        : SDL2 <= SDL_syspower.c
rm -f /home/babak/abg_analyzer_pro/.buildozer/android/platform/build-arm64-v8a/build/bootstrap_builds/sdl2/obj/local/arm64-v8a/objs-debug/SDL2/src/power/android/SDL_syspower.o
/usr/bin/ccache /home/babak/.buildozer/android/platform/android-ndk-r27c/toolchains/llvm/prebuilt/linux-x86_64/bin/clang -MMD -MP -MF /home/babak/abg_analyzer_pro/.buildozer/android/platform/build-arm64-v8a/build/bootstrap_builds/sdl2/obj/local/arm64-v8a/objs-debug/SDL2/src/power/android/SDL_syspower.o.d -target aarch64-none-linux-android24 -fdata-sections -ffunction-sections -fstack-protector-strong -funwind-tables -no-canonical-prefixes  --sysroot /home/babak/.buildozer/android/platform/android-ndk-r27c/toolchains/llvm/prebuilt/linux-x86_64/sysroot -g -Wno-invalid-command-line-argument -Wno-unused-command-line-argument  -D_FORTIFY_SOURCE=2 -fpic -O0 -UNDEBUG -fno-limit-debug-info  -I/home/babak/abg_analyzer_pro/.buildozer/android/platform/build-arm64-v8a/build/bootstrap_builds/sdl2/jni/SDL/include -I/home/babak/.buildozer/android/platform/android-ndk-r27c/sources/android/cpufeatures -I/home/babak/abg_analyzer_pro/.buildozer/android/platform/build-arm64-v8a/build/bootstrap_builds/sdl2/jni/SDL   -DANDROID -DGL_GLEXT_PROTOTYPES -Wall -Wextra -Wdocumentation -Wmissing-prototypes -Wunreachable-code-break -Wunneeded-internal-declaration -Wmissing-variable-declarations -Wfloat-conversion -Wshorten-64-to-32 -Wunreachable-code-return -Wshift-sign-overflow -Wstrict-prototypes -Wkeyword-macro -Wno-unused-parameter -Wno-sign-compare -Wformat -Werror=format-security  -c  /home/babak/abg_analyzer_pro/.buildozer/android/platform/build-arm64-v8a/build/bootstrap_builds/sdl2/jni/SDL/src/power/android/SDL_syspower.c -o /home/babak/abg_analyzer_pro/.buildozer/android/platform/build-arm64-v8a/build/bootstrap_builds/sdl2/obj/local/arm64-v8a/objs-debug/SDL2/src/power/android/SDL_syspower.o
[arm64-v8a] Compile        : SDL2 <= SDL_sysfilesystem.c
rm -f /home/babak/abg_analyzer_pro/.buildozer/android/platform/build-arm64-v8a/build/bootstrap_builds/sdl2/obj/local/arm64-v8a/objs-debug/SDL2/src/filesystem/android/SDL_sysfilesystem.o
/usr/bin/ccache /home/babak/.buildozer/android/platform/android-ndk-r27c/toolchains/llvm/prebuilt/linux-x86_64/bin/clang -MMD -MP -MF /home/babak/abg_analyzer_pro/.buildozer/android/platform/build-arm64-v8a/build/bootstrap_builds/sdl2/obj/local/arm64-v8a/objs-debug/SDL2/src/filesystem/android/SDL_sysfilesystem.o.d -target aarch64-none-linux-android24 -fdata-sections -ffunction-sections -fstack-protector-strong -funwind-tables -no-canonical-prefixes  --sysroot /home/babak/.buildozer/android/platform/android-ndk-r27c/toolchains/llvm/prebuilt/linux-x86_64/sysroot -g -Wno-invalid-command-line-argument -Wno-unused-command-line-argument  -D_FORTIFY_SOURCE=2 -fpic -O0 -UNDEBUG -fno-limit-debug-info  -I/home/babak/abg_analyzer_pro/.buildozer/android/platform/build-arm64-v8a/build/bootstrap_builds/sdl2/jni/SDL/include -I/home/babak/.buildozer/android/platform/android-ndk-r27c/sources/android/cpufeatures -I/home/babak/abg_analyzer_pro/.buildozer/android/platform/build-arm64-v8a/build/bootstrap_builds/sdl2/jni/SDL   -DANDROID -DGL_GLEXT_PROTOTYPES -Wall -Wextra -Wdocumentation -Wmissing-prototypes -Wunreachable-code-break -Wunneeded-internal-declaration -Wmissing-variable-declarations -Wfloat-conversion -Wshorten-64-to-32 -Wunreachable-code-return -Wshift-sign-overflow -Wstrict-prototypes -Wkeyword-macro -Wno-unused-parameter -Wno-sign-compare -Wformat -Werror=format-security  -c  /home/babak/abg_analyzer_pro/.buildozer/android/platform/build-arm64-v8a/build/bootstrap_builds/sdl2/jni/SDL/src/filesystem/android/SDL_sysfilesystem.c -o /home/babak/abg_analyzer_pro/.buildozer/android/platform/build-arm64-v8a/build/bootstrap_builds/sdl2/obj/local/arm64-v8a/objs-debug/SDL2/src/filesystem/android/SDL_sysfilesystem.o
[arm64-v8a] Compile        : SDL2 <= SDL_sensor.c
rm -f /home/babak/abg_analyzer_pro/.buildozer/android/platform/build-arm64-v8a/build/bootstrap_builds/sdl2/obj/local/arm64-v8a/objs-debug/SDL2/src/sensor/SDL_sensor.o
/usr/bin/ccache /home/babak/.buildozer/android/platform/android-ndk-r27c/toolchains/llvm/prebuilt/linux-x86_64/bin/clang -MMD -MP -MF /home/babak/abg_analyzer_pro/.buildozer/android/platform/build-arm64-v8a/build/bootstrap_builds/sdl2/obj/local/arm64-v8a/objs-debug/SDL2/src/sensor/SDL_sensor.o.d -target aarch64-none-linux-android24 -fdata-sections -ffunction-sections -fstack-protector-strong -funwind-tables -no-canonical-prefixes  --sysroot /home/babak/.buildozer/android/platform/android-ndk-r27c/toolchains/llvm/prebuilt/linux-x86_64/sysroot -g -Wno-invalid-command-line-argument -Wno-unused-command-line-argument  -D_FORTIFY_SOURCE=2 -fpic -O0 -UNDEBUG -fno-limit-debug-info  -I/home/babak/abg_analyzer_pro/.buildozer/android/platform/build-arm64-v8a/build/bootstrap_builds/sdl2/jni/SDL/include -I/home/babak/.buildozer/android/platform/android-ndk-r27c/sources/android/cpufeatures -I/home/babak/abg_analyzer_pro/.buildozer/android/platform/build-arm64-v8a/build/bootstrap_builds/sdl2/jni/SDL   -DANDROID -DGL_GLEXT_PROTOTYPES -Wall -Wextra -Wdocumentation -Wmissing-prototypes -Wunreachable-code-break -Wunneeded-internal-declaration -Wmissing-variable-declarations -Wfloat-conversion -Wshorten-64-to-32 -Wunreachable-code-return -Wshift-sign-overflow -Wstrict-prototypes -Wkeyword-macro -Wno-unused-parameter -Wno-sign-compare -Wformat -Werror=format-security  -c  /home/babak/abg_analyzer_pro/.buildozer/android/platform/build-arm64-v8a/build/bootstrap_builds/sdl2/jni/SDL/src/sensor/SDL_sensor.c -o /home/babak/abg_analyzer_pro/.buildozer/android/platform/build-arm64-v8a/build/bootstrap_builds/sdl2/obj/local/arm64-v8a/objs-debug/SDL2/src/sensor/SDL_sensor.o
/home/babak/abg_analyzer_pro/.buildozer/android/platform/build-arm64-v8a/build/bootstrap_builds/sdl2/jni/SDL/src/sensor/SDL_sensor.c:111:41: warning: a function declaration without a prototype is deprecated in all versions of C [-Wstrict-prototypes]
  111 | SDL_SensorID SDL_GetNextSensorInstanceID()
      |                                         ^
      |                                          void
1 warning generated.
[arm64-v8a] Compile        : SDL2 <= SDL_androidsensor.c
rm -f /home/babak/abg_analyzer_pro/.buildozer/android/platform/build-arm64-v8a/build/bootstrap_builds/sdl2/obj/local/arm64-v8a/objs-debug/SDL2/src/sensor/android/SDL_androidsensor.o
/usr/bin/ccache /home/babak/.buildozer/android/platform/android-ndk-r27c/toolchains/llvm/prebuilt/linux-x86_64/bin/clang -MMD -MP -MF /home/babak/abg_analyzer_pro/.buildozer/android/platform/build-arm64-v8a/build/bootstrap_builds/sdl2/obj/local/arm64-v8a/objs-debug/SDL2/src/sensor/android/SDL_androidsensor.o.d -target aarch64-none-linux-android24 -fdata-sections -ffunction-sections -fstack-protector-strong -funwind-tables -no-canonical-prefixes  --sysroot /home/babak/.buildozer/android/platform/android-ndk-r27c/toolchains/llvm/prebuilt/linux-x86_64/sysroot -g -Wno-invalid-command-line-argument -Wno-unused-command-line-argument  -D_FORTIFY_SOURCE=2 -fpic -O0 -UNDEBUG -fno-limit-debug-info  -I/home/babak/abg_analyzer_pro/.buildozer/android/platform/build-arm64-v8a/build/bootstrap_builds/sdl2/jni/SDL/include -I/home/babak/.buildozer/android/platform/android-ndk-r27c/sources/android/cpufeatures -I/home/babak/abg_analyzer_pro/.buildozer/android/platform/build-arm64-v8a/build/bootstrap_builds/sdl2/jni/SDL   -DANDROID -DGL_GLEXT_PROTOTYPES -Wall -Wextra -Wdocumentation -Wmissing-prototypes -Wunreachable-code-break -Wunneeded-internal-declaration -Wmissing-variable-declarations -Wfloat-conversion -Wshorten-64-to-32 -Wunreachable-code-return -Wshift-sign-overflow -Wstrict-prototypes -Wkeyword-macro -Wno-unused-parameter -Wno-sign-compare -Wformat -Werror=format-security  -c  /home/babak/abg_analyzer_pro/.buildozer/android/platform/build-arm64-v8a/build/bootstrap_builds/sdl2/jni/SDL/src/sensor/android/SDL_androidsensor.c -o /home/babak/abg_analyzer_pro/.buildozer/android/platform/build-arm64-v8a/build/bootstrap_builds/sdl2/obj/local/arm64-v8a/objs-debug/SDL2/src/sensor/android/SDL_androidsensor.o
/home/babak/abg_analyzer_pro/.buildozer/android/platform/build-arm64-v8a/build/bootstrap_builds/sdl2/jni/SDL/src/sensor/android/SDL_androidsensor.c:164:9: error: 'ALooper_pollAll' is unavailable: obsoleted in Android 1 - ALooper_pollAll may ignore wakes. Use ALooper_pollOnce instead. See The API documentation for more information
  164 |     if (ALooper_pollAll(0, NULL, &events, (void **)&source) == LOOPER_ID_USER) {
      |         ^
/home/babak/.buildozer/android/platform/android-ndk-r27c/toolchains/llvm/prebuilt/linux-x86_64/sysroot/usr/include/android/looper.h:228:5: note: 'ALooper_pollAll' has been explicitly marked unavailable here
  228 | int ALooper_pollAll(int timeoutMillis, int* outFd, int* outEvents, void** outData)
      |     ^
1 error generated.
make: *** [/home/babak/.buildozer/android/platform/android-ndk-r27c/build/core/build-binary.mk:420: /home/babak/abg_analyzer_pro/.buildozer/android/platform/build-arm64-v8a/build/bootstrap_builds/sdl2/obj/local/arm64-v8a/objs-debug/SDL2/src/sensor/android/SDL_androidsensor.o] Error 1


  STDERR:

# Command failed: ('/usr/bin/python3', '-m', 'pythonforandroid.toolchain', 'create', '--dist_name=abganalyzer', '--bootstrap=sdl2', '--requirements=python3==3.11.5,kivy==2.2.1', '--arch=arm64-v8a', '--copy-libs', '--color=always', '--storage-dir=/home/babak/abg_analyzer_pro/.buildozer/android/platform/build-arm64-v8a', '--ndk-api=24', '--ignore-setup-py', '--debug')
# Error code: 1
# ENVIRONMENT:
#     SHELL = '/bin/bash'
#     WSL2_GUI_APPS_ENABLED = '1'
#     WSL_DISTRO_NAME = 'ABG'
#     NAME = 'DESKTOP-PCN5DAG'
#     PWD = '/home/babak/abg_analyzer_pro'
#     LOGNAME = 'babak'
#     MOTD_SHOWN = 'update-motd'
#     HOME = '/home/babak'
#     LANG = 'C.UTF-8'
#     WSL_INTEROP = '/run/WSL/316_interop'
#     LS_COLORS = 'rs=0:di=01;34:ln=01;36:mh=00:pi=40;33:so=01;35:do=01;35:bd=40;33;01:cd=40;33;01:or=40;31;01:mi=00:su=37;41:sg=30;43:ca=30;41:tw=30;42:ow=34;42:st=37;44:ex=01;32:*.tar=01;31:*.tgz=01;31:*.arc=01;31:*.arj=01;31:*.taz=01;31:*.lha=01;31:*.lz4=01;31:*.lzh=01;31:*.lzma=01;31:*.tlz=01;31:*.txz=01;31:*.tzo=01;31:*.t7z=01;31:*.zip=01;31:*.z=01;31:*.dz=01;31:*.gz=01;31:*.lrz=01;31:*.lz=01;31:*.lzo=01;31:*.xz=01;31:*.zst=01;31:*.tzst=01;31:*.bz2=01;31:*.bz=01;31:*.tbz=01;31:*.tbz2=01;31:*.tz=01;31:*.deb=01;31:*.rpm=01;31:*.jar=01;31:*.war=01;31:*.ear=01;31:*.sar=01;31:*.rar=01;31:*.alz=01;31:*.ace=01;31:*.zoo=01;31:*.cpio=01;31:*.7z=01;31:*.rz=01;31:*.cab=01;31:*.wim=01;31:*.swm=01;31:*.dwm=01;31:*.esd=01;31:*.jpg=01;35:*.jpeg=01;35:*.mjpg=01;35:*.mjpeg=01;35:*.gif=01;35:*.bmp=01;35:*.pbm=01;35:*.pgm=01;35:*.ppm=01;35:*.tga=01;35:*.xbm=01;35:*.xpm=01;35:*.tif=01;35:*.tiff=01;35:*.png=01;35:*.svg=01;35:*.svgz=01;35:*.mng=01;35:*.pcx=01;35:*.mov=01;35:*.mpg=01;35:*.mpeg=01;35:*.m2v=01;35:*.mkv=01;35:*.webm=01;35:*.webp=01;35:*.ogm=01;35:*.mp4=01;35:*.m4v=01;35:*.mp4v=01;35:*.vob=01;35:*.qt=01;35:*.nuv=01;35:*.wmv=01;35:*.asf=01;35:*.rm=01;35:*.rmvb=01;35:*.flc=01;35:*.avi=01;35:*.fli=01;35:*.flv=01;35:*.gl=01;35:*.dl=01;35:*.xcf=01;35:*.xwd=01;35:*.yuv=01;35:*.cgm=01;35:*.emf=01;35:*.ogv=01;35:*.ogx=01;35:*.aac=00;36:*.au=00;36:*.flac=00;36:*.m4a=00;36:*.mid=00;36:*.midi=00;36:*.mka=00;36:*.mp3=00;36:*.mpc=00;36:*.ogg=00;36:*.ra=00;36:*.wav=00;36:*.oga=00;36:*.opus=00;36:*.spx=00;36:*.xspf=00;36:'
#     WAYLAND_DISPLAY = 'wayland-0'
#     LESSCLOSE = '/usr/bin/lesspipe %s %s'
#     TERM = 'xterm-256color'
#     LESSOPEN = '| /usr/bin/lesspipe %s'
#     USER = 'babak'
#     DISPLAY = ':0'
#     SHLVL = '1'
#     LD_LIBRARY_PATH = '/home/babak/.buildozer/android/platform/android-sdk/build-tools/34.0.0/lib64:'
#     XDG_RUNTIME_DIR = '/run/user/1000'
#     WSLENV = ''
#     XDG_DATA_DIRS = '/usr/local/share:/usr/share:/var/lib/snapd/desktop'
#     PATH = ('/home/babak/.buildozer/android/platform/apache-ant-1.9.4/bin:/home/babak/.local/bin:/home/babak/bin:/home/babak/.buildozer/android/platform/android-sdk/build-tools/34.0.0:/home/babak/.local/bin:/usr/local/sbin:/usr/local/bin:/usr/sbin:/usr/bin:/sbin:/bin:/usr/games:/usr/local/games:/usr/lib/wsl/lib:/mnt/c/Program '
 'Files (x86)/Common Files/Oracle/Java/java8path:/mnt/c/Program Files '
 '(x86)/Common '
 'Files/Oracle/Java/javapath:/mnt/c/Windows/system32:/mnt/c/Windows:/mnt/c/Windows/System32/Wbem:/mnt/c/Windows/System32/WindowsPowerShell/v1.0/:/mnt/c/Windows/System32/OpenSSH/:/mnt/c/Program '
 'Files/Git/cmd:/mnt/c/Program '
 'Files/usbipd-win/:/mnt/c/Users/Emd/AppData/Local/Android/Sdk/platform-tools:/mnt/c/Users/Emd/AppData/Local/Microsoft/WindowsApps:/mnt/c/Users/Emd/AppData/Local/Python/bin:/mnt/c/Users/Emd/AppData/Local/Programs/Microsoft '
 'VS Code/bin:/snap/bin')
#     DBUS_SESSION_BUS_ADDRESS = 'unix:path=/run/user/1000/bus'
#     HOSTTYPE = 'x86_64'
#     PULSE_SERVER = 'unix:/mnt/wslg/PulseServer'
#     OLDPWD = '/home/babak/abg_analyzer_pro'
#     _ = '/home/babak/.local/bin/buildozer'
#     PACKAGES_PATH = '/home/babak/.buildozer/android/packages'
#     ANDROIDSDK = '/home/babak/.buildozer/android/platform/android-sdk'
#     ANDROIDNDK = '/home/babak/.buildozer/android/platform/android-ndk-r27c'
#     ANDROIDAPI = '34'
#     ANDROIDMINAPI = '24'
# 
# Buildozer failed to execute the last command
# The error might be hidden in the log above this error
# Please read the full log, and search for it before
# raising an issue with buildozer itself.
# In case of a bug report, please add a full log with log_level = 2
